{
  "run_id": "density_d4_N50000_a100_t200000_F0_rep0",
  "network": "density",
  "preset": "TH",
  "family": "F0",
  "dim": 4,
  "N": 50000,
  "alpha_target": 100,
  "alpha_expected_est": 99.8335,
  "pair_intersection_prob_est": 0.00399334,
  "coverage": 9.94818,
  "data_seed": 5056234610207637984,
  "sample_seed": 3613163342274023332,
  "data_rep": 0,
  "materialize_join": false,
  "timing_ms": {
    "T_lift": 1.07651,
    "T_tree": 11.9828,
    "T_build": 13.0595,
    "T_count_query": 635.714,
    "T_left_dist": 1.00107,
    "T_count": 636.716,
    "T_search_scan": 700.935,
    "T_plan_left": 5.12473,
    "T_group": 12.4979,
    "T_decompose": 690.013,
    "T_local_dist": 115.949,
    "T_emit": 12.7036,
    "T_sample": 848.425
  },
  "build": {
    "tree_height": 16,
    "max_depth": 15,
    "avg_node_depth": 13.6896,
    "node_count": 50000
  },
  "count": {
    "exact_join_size": 9952452,
    "alpha_actual": 99.5245,
    "w":     {
      "count": 50000,
      "weight_sum": 50000,
      "min": 24,
      "max": 330,
      "mean": 199.049,
      "median": 204,
      "p90": 271,
      "p99": 294
    },
    "V_count":     {
      "count": 50000,
      "weight_sum": 50000,
      "min": 74,
      "max": 1230,
      "mean": 539.363,
      "median": 511,
      "p90": 818,
      "p99": 934
    },
    "P_count":     {
      "count": 50000,
      "weight_sum": 50000,
      "min": 22,
      "max": 535,
      "mean": 189.274,
      "median": 176,
      "p90": 293,
      "p99": 354
    },
    "C_count":     {
      "count": 50000,
      "weight_sum": 50000,
      "min": 4,
      "max": 107,
      "mean": 54.0056,
      "median": 54,
      "p90": 78,
      "p99": 89
    },
    "H_count":     {
      "count": 50000,
      "weight_sum": 50000,
      "min": 40,
      "max": 649,
      "mean": 296.083,
      "median": 282,
      "p90": 450,
      "p99": 509
    },
    "S_prune":     {
      "count": 50000,
      "weight_sum": 50000,
      "min": 48605,
      "max": 49906,
      "mean": 49393.1,
      "median": 49424,
      "p90": 49670,
      "p99": 49804
    },
    "S_contain":     {
      "count": 50000,
      "weight_sum": 50000,
      "min": 2,
      "max": 201,
      "mean": 67.5039,
      "median": 66,
      "p90": 99,
      "p99": 133
    },
    "D_count_max":     {
      "count": 50000,
      "weight_sum": 50000,
      "min": 15,
      "max": 15,
      "mean": 15,
      "median": 15,
      "p90": 15,
      "p99": 15
    }
  },
  "search_equal": {
    "V_search":     {
      "count": 50000,
      "weight_sum": 50000,
      "min": 68,
      "max": 1184,
      "mean": 485.357,
      "median": 457,
      "p90": 742,
      "p99": 859
    },
    "P_search":     {
      "count": 50000,
      "weight_sum": 50000,
      "min": 22,
      "max": 535,
      "mean": 189.274,
      "median": 176,
      "p90": 293,
      "p99": 354
    },
    "B_mid":     {
      "count": 50000,
      "weight_sum": 50000,
      "min": 7,
      "max": 154,
      "mean": 77.5396,
      "median": 78,
      "p90": 113,
      "p99": 131
    },
    "B_leaf":     {
      "count": 50000,
      "weight_sum": 50000,
      "min": 0,
      "max": 0,
      "mean": 0,
      "median": 0,
      "p90": 0,
      "p99": 0
    },
    "B_subtree":     {
      "count": 50000,
      "weight_sum": 50000,
      "min": 4,
      "max": 107,
      "mean": 54.0056,
      "median": 54,
      "p90": 78,
      "p99": 89
    },
    "m":     {
      "count": 50000,
      "weight_sum": 50000,
      "min": 15,
      "max": 239,
      "mean": 131.545,
      "median": 132,
      "p90": 189,
      "p99": 213
    },
    "M_point":     {
      "count": 50000,
      "weight_sum": 50000,
      "min": 7,
      "max": 154,
      "mean": 77.5396,
      "median": 78,
      "p90": 113,
      "p99": 131
    },
    "M_subtree":     {
      "count": 50000,
      "weight_sum": 50000,
      "min": 10,
      "max": 235,
      "mean": 121.509,
      "median": 124,
      "p90": 168,
      "p99": 193
    },
    "rho":     {
      "count": 50000,
      "weight_sum": 50000,
      "min": 1.09091,
      "max": 5.64103,
      "mean": 1.54447,
      "median": 1.5,
      "p90": 1.79545,
      "p99": 2.29293
    },
    "sigma":     {
      "count": 50000,
      "weight_sum": 50000,
      "min": 0.392405,
      "max": 0.892562,
      "mean": 0.612579,
      "median": 0.609195,
      "p90": 0.691057,
      "p99": 0.766668
    },
    "avg_subtree_mass":     {
      "count": 50000,
      "weight_sum": 50000,
      "min": 1.25,
      "max": 15.1429,
      "mean": 2.33038,
      "median": 2.21818,
      "p90": 2.94,
      "p99": 4.18182
    }
  },
  "search_weighted": {
    "V_search":     {
      "count": 50000,
      "weight_sum": 9.95245e+06,
      "min": 68,
      "max": 1184,
      "mean": 533.446,
      "median": 498,
      "p90": 758,
      "p99": 873
    },
    "P_search":     {
      "count": 50000,
      "weight_sum": 9.95245e+06,
      "min": 22,
      "max": 535,
      "mean": 208.195,
      "median": 193,
      "p90": 301,
      "p99": 361
    },
    "B_mid":     {
      "count": 50000,
      "weight_sum": 9.95245e+06,
      "min": 7,
      "max": 154,
      "mean": 84.8624,
      "median": 87,
      "p90": 117,
      "p99": 134
    },
    "B_leaf":     {
      "count": 50000,
      "weight_sum": 9.95245e+06,
      "min": 0,
      "max": 0,
      "mean": 0,
      "median": 0,
      "p90": 0,
      "p99": 0
    },
    "B_subtree":     {
      "count": 50000,
      "weight_sum": 9.95245e+06,
      "min": 4,
      "max": 107,
      "mean": 59.0383,
      "median": 61,
      "p90": 80,
      "p99": 90
    },
    "m":     {
      "count": 50000,
      "weight_sum": 9.95245e+06,
      "min": 15,
      "max": 239,
      "mean": 143.901,
      "median": 148,
      "p90": 194,
      "p99": 215
    },
    "M_point":     {
      "count": 50000,
      "weight_sum": 9.95245e+06,
      "min": 7,
      "max": 154,
      "mean": 84.8624,
      "median": 87,
      "p90": 117,
      "p99": 134
    },
    "M_subtree":     {
      "count": 50000,
      "weight_sum": 9.95245e+06,
      "min": 10,
      "max": 235,
      "mean": 132.148,
      "median": 138,
      "p90": 172,
      "p99": 196
    },
    "rho":     {
      "count": 50000,
      "weight_sum": 9.95245e+06,
      "min": 1.09091,
      "max": 5.64103,
      "mean": 1.5363,
      "median": 1.49206,
      "p90": 1.78082,
      "p99": 2.28182
    },
    "sigma":     {
      "count": 50000,
      "weight_sum": 9.95245e+06,
      "min": 0.392405,
      "max": 0.892562,
      "mean": 0.61045,
      "median": 0.606987,
      "p90": 0.686131,
      "p99": 0.763052
    },
    "avg_subtree_mass":     {
      "count": 50000,
      "weight_sum": 9.95245e+06,
      "min": 1.25,
      "max": 15.1429,
      "mean": 2.30917,
      "median": 2.2,
      "p90": 2.9,
      "p99": 4.11905
    }
  },
  "sample": {
    "t": 200000,
    "chunk_size": 2000000,
    "num_chunks": 1,
    "U_t": 48075,
    "G_t": 48075,
    "avg_repeat_global": 4.16017,
    "avg_group_size_exec": 4.16017,
    "samples_per_sec": 235731,
    "ns_per_sample": 4242.13,
    "checksum": 16165727879780495203,
    "group_size_equal":     {
      "count": 48075,
      "weight_sum": 48075,
      "min": 1,
      "max": 18,
      "mean": 4.16017,
      "median": 4,
      "p90": 7,
      "p99": 10
    },
    "group_size_sample_weighted":     {
      "count": 48075,
      "weight_sum": 200000,
      "min": 1,
      "max": 18,
      "mean": 5.36037,
      "median": 5,
      "p90": 8,
      "p99": 12
    },
    "K_point_equal":     {
      "count": 48075,
      "weight_sum": 48075,
      "min": 0,
      "max": 10,
      "mean": 1.61801,
      "median": 1,
      "p90": 3,
      "p99": 6
    },
    "K_point_sample_weighted":     {
      "count": 48075,
      "weight_sum": 200000,
      "min": 0,
      "max": 10,
      "mean": 2.08827,
      "median": 2,
      "p90": 4,
      "p99": 6
    },
    "K_subtree_equal":     {
      "count": 48075,