{
  "run_id": "input_size_d5_N100000_a10_t200000_F0_rep2",
  "network": "input_size",
  "preset": "TH",
  "family": "F0",
  "dim": 5,
  "N": 100000,
  "alpha_target": 10,
  "alpha_expected_est": 9.96346,
  "pair_intersection_prob_est": 0.000199269,
  "coverage": 0.504026,
  "data_seed": 8260845602612497567,
  "sample_seed": 7700863423689337904,
  "data_rep": 2,
  "materialize_join": false,
  "timing_ms": {
    "T_lift": 3.94064,
    "T_tree": 27.922,
    "T_build": 31.8629,
    "T_count_query": 698.189,
    "T_left_dist": 2.26784,
    "T_count": 700.458,
    "T_search_scan": 788.228,
    "T_plan_left": 5.73033,
    "T_group": 12.1692,
    "T_decompose": 677.172,
    "T_local_dist": 30.9509,
    "T_emit": 14.2073,
    "T_sample": 755.368
  },
  "build": {
    "tree_height": 17,
    "max_depth": 16,
    "avg_node_depth": 14.6895,
    "node_count": 100000
  },
  "count": {
    "exact_join_size": 1995686,
    "alpha_actual": 9.97843,
    "w":     {
      "count": 100000,
      "weight_sum": 100000,
      "min": 0,
      "max": 47,
      "mean": 19.9569,
      "median": 20,
      "p90": 29,
      "p99": 36
    },
    "V_count":     {
      "count": 100000,
      "weight_sum": 100000,
      "min": 32,
      "max": 1007,
      "mean": 247.583,
      "median": 221,
      "p90": 418,
      "p99": 648.01
    },
    "P_count":     {
      "count": 100000,
      "weight_sum": 100000,
      "min": 14,
      "max": 473,
      "mean": 110.79,
      "median": 98,
      "p90": 192,
      "p99": 305
    },
    "C_count":     {
      "count": 100000,
      "weight_sum": 100000,
      "min": 0,
      "max": 22,
      "mean": 6.67992,
      "median": 6,
      "p90": 11,
      "p99": 14
    },
    "H_count":     {
      "count": 100000,
      "weight_sum": 100000,
      "min": 16,
      "max": 521,
      "mean": 130.113,
      "median": 117,
      "p90": 218,
      "p99": 334
    },
    "S_prune":     {
      "count": 100000,
      "weight_sum": 100000,
      "min": 98992,
      "max": 99968,
      "mean": 99750.3,
      "median": 99776,
      "p90": 99884,
      "p99": 99932
    },
    "S_contain":     {
      "count": 100000,
      "weight_sum": 100000,
      "min": 0,
      "max": 13,
      "mean": 2.15554,
      "median": 2,
      "p90": 4,
      "p99": 7
    },
    "D_count_max":     {
      "count": 100000,
      "weight_sum": 100000,
      "min": 15,
      "max": 16,
      "mean": 15.9998,
      "median": 16,
      "p90": 16,
      "p99": 16
    }
  },
  "search_equal": {
    "V_search":     {
      "count": 100000,
      "weight_sum": 100000,
      "min": 31,
      "max": 994,
      "mean": 240.903,
      "median": 215,
      "p90": 410,
      "p99": 640
    },
    "P_search":     {
      "count": 100000,
      "weight_sum": 100000,
      "min": 14,
      "max": 473,
      "mean": 110.79,
      "median": 98,
      "p90": 192,
      "p99": 305
    },
    "B_mid":     {
      "count": 100000,
      "weight_sum": 100000,
      "min": 0,
      "max": 32,
      "mean": 11.1214,
      "median": 11,
      "p90": 17,
      "p99": 22
    },
    "B_leaf":     {
      "count": 100000,
      "weight_sum": 100000,
      "min": 0,
      "max": 0,
      "mean": 0,
      "median": 0,
      "p90": 0,
      "p99": 0
    },
    "B_subtree":     {
      "count": 100000,
      "weight_sum": 100000,
      "min": 0,
      "max": 22,
      "mean": 6.67992,
      "median": 6,
      "p90": 11,
      "p99": 14
    },
    "m":     {
      "count": 100000,
      "weight_sum": 100000,
      "min": 0,
      "max": 43,
      "mean": 17.8013,
      "median": 18,
      "p90": 26,
      "p99": 32
    },
    "M_point":     {
      "count": 100000,
      "weight_sum": 100000,
      "min": 0,
      "max": 32,
      "mean": 11.1214,
      "median": 11,
      "p90": 17,
      "p99": 22
    },
    "M_subtree":     {
      "count": 100000,
      "weight_sum": 100000,
      "min": 0,
      "max": 28,
      "mean": 8.83546,
      "median": 9,
      "p90": 14,
      "p99": 19
    },
    "rho":     {
      "count": 99992,
      "weight_sum": 99992,
      "min": 1,
      "max": 5,
      "mean": 1.12752,
      "median": 1.11111,
      "p90": 1.25,
      "p99": 1.5
    },
    "sigma":     {
      "count": 99992,
      "weight_sum": 99992,
      "min": 0,
      "max": 1,
      "mean": 0.443096,
      "median": 0.444444,
      "p90": 0.6,
      "p99": 0.75
    },
    "avg_subtree_mass":     {
      "count": 99617,
      "weight_sum": 99617,
      "min": 1,
      "max": 6.5,
      "mean": 1.34655,
      "median": 1.3,
      "p90": 1.66667,
      "p99": 2.25
    }
  },
  "search_weighted": {
    "V_search":     {
      "count": 99992,
      "weight_sum": 1.99569e+06,
      "min": 31,
      "max": 994,
      "mean": 261.561,
      "median": 236,
      "p90": 434,
      "p99": 657
    },
    "P_search":     {
      "count": 99992,
      "weight_sum": 1.99569e+06,
      "min": 14,
      "max": 473,
      "mean": 119.946,
      "median": 107,
      "p90": 203,
      "p99": 313
    },
    "B_mid":     {
      "count": 99992,
      "weight_sum": 1.99569e+06,
      "min": 0,
      "max": 32,
      "mean": 12.5323,
      "median": 12,
      "p90": 18,
      "p99": 23
    },
    "B_leaf":     {
      "count": 99992,
      "weight_sum": 1.99569e+06,
      "min": 0,
      "max": 0,
      "mean": 0,
      "median": 0,
      "p90": 0,
      "p99": 0
    },
    "B_subtree":     {
      "count": 99992,
      "weight_sum": 1.99569e+06,
      "min": 0,
      "max": 22,
      "mean": 7.50515,
      "median": 7,
      "p90": 11,
      "p99": 15
    },
    "m":     {
      "count": 99992,
      "weight_sum": 1.99569e+06,
      "min": 1,
      "max": 43,
      "mean": 20.0374,
      "median": 20,
      "p90": 28,
      "p99": 33
    },
    "M_point":     {
      "count": 99992,
      "weight_sum": 1.99569e+06,
      "min": 0,
      "max": 32,
      "mean": 12.5323,
      "median": 12,
      "p90": 18,
      "p99": 23
    },
    "M_subtree":     {
      "count": 99992,
      "weight_sum": 1.99569e+06,
      "min": 0,
      "max": 28,
      "mean": 9.95993,
      "median": 10,
      "p90": 15,
      "p99": 20
    },
    "rho":     {
      "count": 99992,
      "weight_sum": 1.99569e+06,
      "min": 1,
      "max": 5,
      "mean": 1.12811,
      "median": 1.11111,
      "p90": 1.24138,
      "p99": 1.44444
    },
    "sigma":     {
      "count": 99992,
      "weight_sum": 1.99569e+06,
      "min": 0,
      "max": 1,
      "mean": 0.442728,
      "median": 0.444444,
      "p90": 0.592593,
      "p99": 0.727273
    },
    "avg_subtree_mass":     {
      "count": 99617,
      "weight_sum": 1.99356e+06,
      "min": 1,
      "max": 6.5,
      "mean": 1.34896,
      "median": 1.3,
      "p90": 1.66667,
      "p99": 2.25
    }
  },
  "sample": {
    "t": 200000,
    "chunk_size": 2000000,
    "num_chunks": 1,
    "U_t": 82685,
    "G_t": 82685,
    "avg_repeat_global": 2.41882,
    "avg_group_size_exec": 2.41882,
    "samples_per_sec": 264772,
    "ns_per_sample": 3776.84,
    "checksum": 10399899368597593251,
    "group_size_equal":     {
      "count": 82685,
      "weight_sum": 82685,
      "min": 1,
      "max": 13,
      "mean": 2.41882,
      "median": 2,
      "p90": 4,
      "p99": 7
    },
    "group_size_sample_weighted":     {
      "count": 82685,
      "weight_sum": 200000,
      "min": 1,
      "max": 13,
      "mean": 3.25431,
      "median": 3,
      "p90": 5,
      "p99": 8
    },
    "K_point_equal":     {
      "count": 82685,
      "weight_sum": 82685,
      "min": 0,
      "max": 11,
      "mean": 1.34787,
      "median": 1,
      "p90": 3,
      "p99": 5
    },
    "K_point_sample_weighted":     {
      "count": 82685,
      "weight_sum": 200000,
      "min": 0,
      "max": 11,
      "mean": 1.81049,
      "median": 2,
      "p90": 4,
      "p99": 6
    },
    "K_subtree_equal":     {
      "count": 82685,
      "weight_sum": 82685,
      "min": 0,
      "max": 9,
      "mean": 1.07094,
      "median": 1,