{
  "run_id": "density_d4_N50000_a100_t200000_F0_rep2",
  "network": "density",
  "preset": "TH",
  "family": "F0",
  "dim": 4,
  "N": 50000,
  "alpha_target": 100,
  "alpha_expected_est": 99.8335,
  "pair_intersection_prob_est": 0.00399334,
  "coverage": 9.94818,
  "data_seed": 9048505158603370057,
  "sample_seed": 616892619222495292,
  "data_rep": 2,
  "materialize_join": false,
  "timing_ms": {
    "T_lift": 1.12076,
    "T_tree": 12.3433,
    "T_build": 13.4643,
    "T_count_query": 620.183,
    "T_left_dist": 1.05695,
    "T_count": 621.24,
    "T_search_scan": 693.233,
    "T_plan_left": 4.90937,
    "T_group": 12.6518,
    "T_decompose": 680.807,
    "T_local_dist": 115.791,
    "T_emit": 10.2339,
    "T_sample": 835.424
  },
  "build": {
    "tree_height": 16,
    "max_depth": 15,
    "avg_node_depth": 13.6896,
    "node_count": 50000
  },
  "count": {
    "exact_join_size": 10022880,
    "alpha_actual": 100.229,
    "w":     {
      "count": 50000,
      "weight_sum": 50000,
      "min": 21,
      "max": 333,
      "mean": 200.458,
      "median": 205,
      "p90": 274,
      "p99": 298
    },
    "V_count":     {
      "count": 50000,
      "weight_sum": 50000,
      "min": 72,
      "max": 1234,
      "mean": 542.674,
      "median": 511,
      "p90": 827,
      "p99": 942
    },
    "P_count":     {
      "count": 50000,
      "weight_sum": 50000,
      "min": 20,
      "max": 520,
      "mean": 190.262,
      "median": 176,
      "p90": 296,
      "p99": 357
    },
    "C_count":     {
      "count": 50000,
      "weight_sum": 50000,
      "min": 2,
      "max": 111,
      "mean": 54.4357,
      "median": 55,
      "p90": 79,
      "p99": 91
    },
    "H_count":     {
      "count": 50000,
      "weight_sum": 50000,
      "min": 37,
      "max": 646,
      "mean": 297.976,
      "median": 282,
      "p90": 455,
      "p99": 513
    },
    "S_prune":     {
      "count": 50000,
      "weight_sum": 50000,
      "min": 48648,
      "max": 49919,
      "mean": 49389.3,
      "median": 49424,
      "p90": 49666,
      "p99": 49801
    },
    "S_contain":     {
      "count": 50000,
      "weight_sum": 50000,
      "min": 6,
      "max": 197,
      "mean": 68.0085,
      "median": 66,
      "p90": 100,
      "p99": 134
    },
    "D_count_max":     {
      "count": 50000,
      "weight_sum": 50000,
      "min": 15,
      "max": 15,
      "mean": 15,
      "median": 15,
      "p90": 15,
      "p99": 15
    }
  },
  "search_equal": {
    "V_search":     {
      "count": 50000,
      "weight_sum": 50000,
      "min": 68,
      "max": 1166,
      "mean": 488.238,
      "median": 457,
      "p90": 749,
      "p99": 866
    },
    "P_search":     {
      "count": 50000,
      "weight_sum": 50000,
      "min": 20,
      "max": 520,
      "mean": 190.262,
      "median": 176,
      "p90": 296,
      "p99": 357
    },
    "B_mid":     {
      "count": 50000,
      "weight_sum": 50000,
      "min": 4,
      "max": 157,
      "mean": 78.0134,
      "median": 78,
      "p90": 114,
      "p99": 131.01
    },
    "B_leaf":     {
      "count": 50000,
      "weight_sum": 50000,
      "min": 0,
      "max": 0,
      "mean": 0,
      "median": 0,
      "p90": 0,
      "p99": 0
    },
    "B_subtree":     {
      "count": 50000,
      "weight_sum": 50000,
      "min": 2,
      "max": 111,
      "mean": 54.4357,
      "median": 55,
      "p90": 79,
      "p99": 91
    },
    "m":     {
      "count": 50000,
      "weight_sum": 50000,
      "min": 8,
      "max": 251,
      "mean": 132.449,
      "median": 133,
      "p90": 191,
      "p99": 215
    },
    "M_point":     {
      "count": 50000,
      "weight_sum": 50000,
      "min": 4,
      "max": 157,
      "mean": 78.0134,
      "median": 78,
      "p90": 114,
      "p99": 131.01
    },
    "M_subtree":     {
      "count": 50000,
      "weight_sum": 50000,
      "min": 12,
      "max": 242,
      "mean": 122.444,
      "median": 125,
      "p90": 170,
      "p99": 196
    },
    "rho":     {
      "count": 50000,
      "weight_sum": 50000,
      "min": 1.1886,
      "max": 4.73077,
      "mean": 1.54482,
      "median": 1.49727,
      "p90": 1.79661,
      "p99": 2.28571
    },
    "sigma":     {
      "count": 50000,
      "weight_sum": 50000,
      "min": 0.37594,
      "max": 0.938462,
      "mean": 0.61229,
      "median": 0.608696,
      "p90": 0.690766,
      "p99": 0.768061
    },
    "avg_subtree_mass":     {
      "count": 50000,
      "weight_sum": 50000,
      "min": 1.43243,
      "max": 13.8571,
      "mean": 2.33435,
      "median": 2.21569,
      "p90": 2.95349,
      "p99": 4.14286
    }
  },
  "search_weighted": {
    "V_search":     {
      "count": 50000,
      "weight_sum": 1.00229e+07,
      "min": 68,
      "max": 1166,
      "mean": 537.279,
      "median": 500,
      "p90": 766,
      "p99": 878
    },
    "P_search":     {
      "count": 50000,
      "weight_sum": 1.00229e+07,
      "min": 20,
      "max": 520,
      "mean": 209.508,
      "median": 194,
      "p90": 305,
      "p99": 364
    },
    "B_mid":     {
      "count": 50000,
      "weight_sum": 1.00229e+07,
      "min": 4,
      "max": 157,
      "mean": 85.347,
      "median": 87,
      "p90": 117,
      "p99": 133
    },
    "B_leaf":     {
      "count": 50000,
      "weight_sum": 1.00229e+07,
      "min": 0,
      "max": 0,
      "mean": 0,
      "median": 0,
      "p90": 0,
      "p99": 0
    },
    "B_subtree":     {
      "count": 50000,
      "weight_sum": 1.00229e+07,
      "min": 2,
      "max": 111,
      "mean": 59.6825,
      "median": 62,
      "p90": 81,
      "p99": 93
    },
    "m":     {
      "count": 50000,
      "weight_sum": 1.00229e+07,
      "min": 8,
      "max": 251,
      "mean": 145.03,
      "median": 149,
      "p90": 196,
      "p99": 217
    },
    "M_point":     {
      "count": 50000,
      "weight_sum": 1.00229e+07,
      "min": 4,
      "max": 157,
      "mean": 85.347,
      "median": 87,
      "p90": 117,
      "p99": 133
    },
    "M_subtree":     {
      "count": 50000,
      "weight_sum": 1.00229e+07,
      "min": 12,
      "max": 242,
      "mean": 133.422,
      "median": 140,
      "p90": 175,
      "p99": 199
    },
    "rho":     {
      "count": 50000,
      "weight_sum": 1.00229e+07,
      "min": 1.1886,
      "max": 4.73077,
      "mean": 1.53649,
      "median": 1.49038,
      "p90": 1.78218,
      "p99": 2.26562
    },
    "sigma":     {
      "count": 50000,
      "weight_sum": 1.00229e+07,
      "min": 0.37594,
      "max": 0.938462,
      "mean": 0.610823,
      "median": 0.607143,
      "p90": 0.686567,
      "p99": 0.763636
    },
    "avg_subtree_mass":     {
      "count": 50000,
      "weight_sum": 1.00229e+07,
      "min": 1.43243,
      "max": 13.8571,
      "mean": 2.30932,
      "median": 2.19481,
      "p90": 2.90909,
      "p99": 4.075
    }
  },
  "sample": {
    "t": 200000,
    "chunk_size": 2000000,
    "num_chunks": 1,
    "U_t": 48079,
    "G_t": 48079,
    "avg_repeat_global": 4.15982,
    "avg_group_size_exec": 4.15982,
    "samples_per_sec": 239399,
    "ns_per_sample": 4177.12,
    "checksum": 3668566828103660785,
    "group_size_equal":     {
      "count": 48079,
      "weight_sum": 48079,
      "min": 1,
      "max": 17,
      "mean": 4.15982,
      "median": 4,
      "p90": 7,
      "p99": 10
    },
    "group_size_sample_weighted":     {
      "count": 48079,
      "weight_sum": 200000,
      "min": 1,
      "max": 17,
      "mean": 5.36565,
      "median": 5,
      "p90": 8,
      "p99": 12
    },
    "K_point_equal":     {
      "count": 48079,
      "weight_sum": 48079,
      "min": 0,
      "max": 10,
      "mean": 1.61746,
      "median": 1,
      "p90": 3,
      "p99": 5
    },
    "K_point_sample_weighted":     {
      "count": 48079,
      "weight_sum": 200000,
      "min": 0,
      "max": 10,
      "mean": 2.08521,
      "median": 2,
      "p90": 4,
      "p99": 6
    },
    "K_subtree_equal":     {
      "count": 48079,