{
  "run_id": "density_d2_N50000_a1_t200000_F0_rep0",
  "network": "density",
  "preset": "TH",
  "family": "F0",
  "dim": 2,
  "N": 50000,
  "alpha_target": 1,
  "alpha_expected_est": 1.00316,
  "pair_intersection_prob_est": 4.01266e-05,
  "coverage": 0.5,
  "data_seed": 3071926128778153638,
  "sample_seed": 1140325481990206778,
  "data_rep": 0,
  "materialize_join": false,
  "timing_ms": {
    "T_lift": 0.736264,
    "T_tree": 9.85499,
    "T_build": 10.5915,
    "T_count_query": 22.6529,
    "T_left_dist": 1.14696,
    "T_count": 23.7999,
    "T_search_scan": 24.5773,
    "T_plan_left": 5.28329,
    "T_group": 12.6244,
    "T_decompose": 21.5957,
    "T_local_dist": 3.83889,
    "T_emit": 6.74834,
    "T_sample": 57.1989
  },
  "build": {
    "tree_height": 16,
    "max_depth": 15,
    "avg_node_depth": 13.6896,
    "node_count": 50000
  },
  "count": {
    "exact_join_size": 100251,
    "alpha_actual": 1.00251,
    "w":     {
      "count": 50000,
      "weight_sum": 50000,
      "min": 0,
      "max": 10,
      "mean": 2.00502,
      "median": 2,
      "p90": 4,
      "p99": 6
    },
    "V_count":     {
      "count": 50000,
      "weight_sum": 50000,
      "min": 21,
      "max": 95,
      "mean": 35.6859,
      "median": 33,
      "p90": 46,
      "p99": 60
    },
    "P_count":     {
      "count": 50000,
      "weight_sum": 50000,
      "min": 11,
      "max": 46,
      "mean": 17.1587,
      "median": 16,
      "p90": 22,
      "p99": 29
    },
    "C_count":     {
      "count": 50000,
      "weight_sum": 50000,
      "min": 0,
      "max": 4,
      "mean": 0.68456,
      "median": 1,
      "p90": 2,
      "p99": 3
    },
    "H_count":     {
      "count": 50000,
      "weight_sum": 50000,
      "min": 10,
      "max": 48,
      "mean": 17.8427,
      "median": 17,
      "p90": 23,
      "p99": 30
    },
    "S_prune":     {
      "count": 50000,
      "weight_sum": 50000,
      "min": 49905,
      "max": 49979,
      "mean": 49964.1,
      "median": 49967,
      "p90": 49970,
      "p99": 49973
    },
    "S_contain":     {
      "count": 50000,
      "weight_sum": 50000,
      "min": 0,
      "max": 5,
      "mean": 0.24876,
      "median": 0,
      "p90": 1,
      "p99": 2
    },
    "D_count_max":     {
      "count": 50000,
      "weight_sum": 50000,
      "min": 10,
      "max": 15,
      "mean": 14.7181,
      "median": 15,
      "p90": 15,
      "p99": 15
    }
  },
  "search_equal": {
    "V_search":     {
      "count": 50000,
      "weight_sum": 50000,
      "min": 21,
      "max": 94,
      "mean": 35.0014,
      "median": 32,
      "p90": 45,
      "p99": 59
    },
    "P_search":     {
      "count": 50000,
      "weight_sum": 50000,
      "min": 11,
      "max": 46,
      "mean": 17.1587,
      "median": 16,
      "p90": 22,
      "p99": 29
    },
    "B_mid":     {
      "count": 50000,
      "weight_sum": 50000,
      "min": 0,
      "max": 6,
      "mean": 1.0717,
      "median": 1,
      "p90": 2,
      "p99": 4
    },
    "B_leaf":     {
      "count": 50000,
      "weight_sum": 50000,
      "min": 0,
      "max": 0,
      "mean": 0,
      "median": 0,
      "p90": 0,
      "p99": 0
    },
    "B_subtree":     {
      "count": 50000,
      "weight_sum": 50000,
      "min": 0,
      "max": 4,
      "mean": 0.68456,
      "median": 1,
      "p90": 2,
      "p99": 3
    },
    "m":     {
      "count": 50000,
      "weight_sum": 50000,
      "min": 0,
      "max": 8,
      "mean": 1.75626,
      "median": 2,
      "p90": 3,
      "p99": 5
    },
    "M_point":     {
      "count": 50000,
      "weight_sum": 50000,
      "min": 0,
      "max": 6,
      "mean": 1.0717,
      "median": 1,
      "p90": 2,
      "p99": 4
    },
    "M_subtree":     {
      "count": 50000,
      "weight_sum": 50000,
      "min": 0,
      "max": 7,
      "mean": 0.93332,
      "median": 1,
      "p90": 2,
      "p99": 4
    },
    "rho":     {
      "count": 43199,
      "weight_sum": 43199,
      "min": 1,
      "max": 6,
      "mean": 1.15368,
      "median": 1,
      "p90": 1.5,
      "p99": 2
    },
    "sigma":     {
      "count": 43199,
      "weight_sum": 43199,
      "min": 0,
      "max": 1,
      "mean": 0.437377,
      "median": 0.5,
      "p90": 1,
      "p99": 1
    },
    "avg_subtree_mass":     {
      "count": 28091,
      "weight_sum": 28091,
      "min": 1,
      "max": 6,
      "mean": 1.37266,
      "median": 1,
      "p90": 2,
      "p99": 2.5
    }
  },
  "search_weighted": {
    "V_search":     {
      "count": 43199,
      "weight_sum": 100251,
      "min": 25,
      "max": 94,
      "mean": 35.7382,
      "median": 33,
      "p90": 46,
      "p99": 60
    },
    "P_search":     {
      "count": 43199,
      "weight_sum": 100251,
      "min": 12,
      "max": 46,
      "mean": 17.2682,
      "median": 16,
      "p90": 22,
      "p99": 29
    },
    "B_mid":     {
      "count": 43199,
      "weight_sum": 100251,
      "min": 0,
      "max": 6,
      "mean": 1.5516,
      "median": 1,
      "p90": 3,
      "p99": 4
    },
    "B_leaf":     {
      "count": 43199,
      "weight_sum": 100251,
      "min": 0,
      "max": 0,
      "mean": 0,
      "median": 0,
      "p90": 0,
      "p99": 0
    },
    "B_subtree":     {
      "count": 43199,
      "weight_sum": 100251,
      "min": 0,
      "max": 4,
      "mean": 1.01333,
      "median": 1,
      "p90": 2,
      "p99": 3
    },
    "m":     {
      "count": 43199,
      "weight_sum": 100251,
      "min": 1,
      "max": 8,
      "mean": 2.56492,
      "median": 2,
      "p90": 4,
      "p99": 6
    },
    "M_point":     {
      "count": 43199,
      "weight_sum": 100251,
      "min": 0,
      "max": 6,
      "mean": 1.5516,
      "median": 1,
      "p90": 3,
      "p99": 4
    },
    "M_subtree":     {
      "count": 43199,
      "weight_sum": 100251,
      "min": 0,
      "max": 7,
      "mean": 1.46716,
      "median": 1,
      "p90": 3,
      "p99": 5
    },
    "rho":     {
      "count": 43199,
      "weight_sum": 100251,
      "min": 1,
      "max": 6,
      "mean": 1.20591,
      "median": 1,
      "p90": 1.5,
      "p99": 2
    },
    "sigma":     {
      "count": 43199,
      "weight_sum": 100251,
      "min": 0,
      "max": 1,
      "mean": 0.465492,
      "median": 0.5,
      "p90": 1,
      "p99": 1
    },
    "avg_subtree_mass":     {
      "count": 28091,
      "weight_sum": 76557,
      "min": 1,
      "max": 6,
      "mean": 1.47121,
      "median": 1.5,
      "p90": 2,
      "p99": 3
    }
  },
  "sample": {
    "t": 200000,
    "chunk_size": 2000000,
    "num_chunks": 1,
    "U_t": 41068,
    "G_t": 41068,
    "avg_repeat_global": 4.86997,
    "avg_group_size_exec": 4.86997,
    "samples_per_sec": 3.49657e+06,
    "ns_per_sample": 285.994,
    "checksum": 7849269636824012350,
    "group_size_equal":     {
      "count": 41068,
      "weight_sum": 41068,
      "min": 1,
      "max": 28,
      "mean": 4.86997,
      "median": 4,
      "p90": 9,
      "p99": 15
    },
    "group_size_sample_weighted":     {
      "count": 41068,
      "weight_sum": 200000,
      "min": 1,
      "max": 28,
      "mean": 7.01823,
      "median": 6,
      "p90": 12,
      "p99": 18
    },
    "K_point_equal":     {
      "count": 41068,
      "weight_sum": 41068,
      "min": 0,
      "max": 22,
      "mean": 2.59555,
      "median": 2,
      "p90": 6,
      "p99": 10
    },
    "K_point_sample_weighted":     {
      "count": 41068,
      "weight_sum": 200000,
      "min": 0,
      "max": 22,
      "mean": 3.61206,
      "median": 3,
      "p90": 8,
      "p99": 12
    },
    "K_subtree_equal":     {
      "count": 41068,
      "weight_sum": 41068,
      "min": 0,
      "max": 20,
      "mean": 2.27442,
      "median": 2,
      "p90": 6,
      "p99": 10
    },
    "K_subtree_sample_weighted":     {
      "count": 41068,
      "weight_sum": 200000,
      "min": 0,
      "max": 20,
      "mean": 3.40617,
      "median": 3,
      "p90": 8,
      "p99": 13
    }
  },