{
  "run_id": "density_d3_N50000_a0p1_t200000_F1_rep1",
  "network": "density",
  "preset": "TH",
  "family": "F1",
  "dim": 3,
  "N": 50000,
  "alpha_target": 0.1,
  "alpha_expected_est": 0.10121,
  "pair_intersection_prob_est": 4.04841e-06,
  "coverage": 0.0186585,
  "data_seed": 2656702437991172301,
  "sample_seed": 6981366189915038317,
  "data_rep": 1,
  "materialize_join": false,
  "timing_ms": {
    "T_lift": 0.68199,
    "T_tree": 15.3487,
    "T_build": 16.0309,
    "T_count_query": 32.0923,
    "T_left_dist": 1.06338,
    "T_count": 33.1559,
    "T_search_scan": 42.4293,
    "T_plan_left": 4.58191,
    "T_group": 13.2051,
    "T_decompose": 7.04863,
    "T_local_dist": 0.725841,
    "T_emit": 4.92394,
    "T_sample": 33.2556
  },
  "build": {
    "tree_height": 16,
    "max_depth": 15,
    "avg_node_depth": 13.6896,
    "node_count": 50000
  },
  "count": {
    "exact_join_size": 9971,
    "alpha_actual": 0.09971,
    "w":     {
      "count": 50000,
      "weight_sum": 50000,
      "min": 0,
      "max": 4,
      "mean": 0.19942,
      "median": 0,
      "p90": 1,
      "p99": 2
    },
    "V_count":     {
      "count": 50000,
      "weight_sum": 50000,
      "min": 15,
      "max": 162,
      "mean": 39.1449,
      "median": 37,
      "p90": 53,
      "p99": 77
    },
    "P_count":     {
      "count": 50000,
      "weight_sum": 50000,
      "min": 8,
      "max": 81,
      "mean": 19.7738,
      "median": 18,
      "p90": 27,
      "p99": 38
    },
    "C_count":     {
      "count": 50000,
      "weight_sum": 50000,
      "min": 0,
      "max": 2,
      "mean": 0.06942,
      "median": 0,
      "p90": 0,
      "p99": 1
    },
    "H_count":     {
      "count": 50000,
      "weight_sum": 50000,
      "min": 7,
      "max": 81,
      "mean": 19.3017,
      "median": 18,
      "p90": 27,
      "p99": 38
    },
    "S_prune":     {
      "count": 50000,
      "weight_sum": 50000,
      "min": 49838,
      "max": 49985,
      "mean": 49960.9,
      "median": 49963,
      "p90": 49971,
      "p99": 49975
    },
    "S_contain":     {
      "count": 50000,
      "weight_sum": 50000,
      "min": 0,
      "max": 1,
      "mean": 0.00232,
      "median": 0,
      "p90": 0,
      "p99": 0
    },
    "D_count_max":     {
      "count": 50000,
      "weight_sum": 50000,
      "min": 7,
      "max": 15,
      "mean": 14.2411,
      "median": 14,
      "p90": 15,
      "p99": 15
    }
  },
  "search_equal": {
    "V_search":     {
      "count": 50000,
      "weight_sum": 50000,
      "min": 15,
      "max": 162,
      "mean": 39.0755,
      "median": 37,
      "p90": 53,
      "p99": 77
    },
    "P_search":     {
      "count": 50000,
      "weight_sum": 50000,
      "min": 8,
      "max": 81,
      "mean": 19.7738,
      "median": 18,
      "p90": 27,
      "p99": 38
    },
    "B_mid":     {
      "count": 50000,
      "weight_sum": 50000,
      "min": 0,
      "max": 3,
      "mean": 0.12768,
      "median": 0,
      "p90": 1,
      "p99": 1
    },
    "B_leaf":     {
      "count": 50000,
      "weight_sum": 50000,
      "min": 0,
      "max": 0,
      "mean": 0,
      "median": 0,
      "p90": 0,
      "p99": 0
    },
    "B_subtree":     {
      "count": 50000,
      "weight_sum": 50000,
      "min": 0,
      "max": 2,
      "mean": 0.06942,
      "median": 0,
      "p90": 0,
      "p99": 1
    },
    "m":     {
      "count": 50000,
      "weight_sum": 50000,
      "min": 0,
      "max": 4,
      "mean": 0.1971,
      "median": 0,
      "p90": 1,
      "p99": 2
    },
    "M_point":     {
      "count": 50000,
      "weight_sum": 50000,
      "min": 0,
      "max": 3,
      "mean": 0.12768,
      "median": 0,
      "p90": 1,
      "p99": 1
    },
    "M_subtree":     {
      "count": 50000,
      "weight_sum": 50000,
      "min": 0,
      "max": 3,
      "mean": 0.07174,
      "median": 0,
      "p90": 0,
      "p99": 1
    },
    "rho":     {
      "count": 9002,
      "weight_sum": 9002,
      "min": 1,
      "max": 2,
      "mean": 1.012,
      "median": 1,
      "p90": 1,
      "p99": 2
    },
    "sigma":     {
      "count": 9002,
      "weight_sum": 9002,
      "min": 0,
      "max": 1,
      "mean": 0.356671,
      "median": 0,
      "p90": 1,
      "p99": 1
    },
    "avg_subtree_mass":     {
      "count": 3397,
      "weight_sum": 3397,
      "min": 1,
      "max": 2,
      "mean": 1.034,
      "median": 1,
      "p90": 1,
      "p99": 2
    }
  },
  "search_weighted": {
    "V_search":     {
      "count": 9002,
      "weight_sum": 9971,
      "min": 25,
      "max": 118,
      "mean": 40.9487,
      "median": 38,
      "p90": 56,
      "p99": 80
    },
    "P_search":     {
      "count": 9002,
      "weight_sum": 9971,
      "min": 13,
      "max": 58,
      "mean": 20.2941,
      "median": 19,
      "p90": 28,
      "p99": 40
    },
    "B_mid":     {
      "count": 9002,
      "weight_sum": 9971,
      "min": 0,
      "max": 3,
      "mean": 0.766423,
      "median": 1,
      "p90": 1,
      "p99": 2
    },
    "B_leaf":     {
      "count": 9002,
      "weight_sum": 9971,
      "min": 0,
      "max": 0,
      "mean": 0,
      "median": 0,
      "p90": 0,
      "p99": 0
    },
    "B_subtree":     {
      "count": 9002,
      "weight_sum": 9971,
      "min": 0,
      "max": 2,
      "mean": 0.415304,
      "median": 0,
      "p90": 1,
      "p99": 2
    },
    "m":     {
      "count": 9002,
      "weight_sum": 9971,
      "min": 1,
      "max": 4,
      "mean": 1.18173,
      "median": 1,
      "p90": 2,
      "p99": 3
    },
    "M_point":     {
      "count": 9002,
      "weight_sum": 9971,
      "min": 0,
      "max": 3,
      "mean": 0.766423,
      "median": 1,
      "p90": 1,
      "p99": 2
    },
    "M_subtree":     {
      "count": 9002,
      "weight_sum": 9971,
      "min": 0,
      "max": 3,
      "mean": 0.440177,
      "median": 0,
      "p90": 1,
      "p99": 2
    },
    "rho":     {
      "count": 9002,
      "weight_sum": 9971,
      "min": 1,
      "max": 2,
      "mean": 1.02247,
      "median": 1,
      "p90": 1,
      "p99": 2
    },
    "sigma":     {
      "count": 9002,
      "weight_sum": 9971,
      "min": 0,
      "max": 1,
      "mean": 0.359743,
      "median": 0,
      "p90": 1,
      "p99": 1
    },
    "avg_subtree_mass":     {
      "count": 3397,
      "weight_sum": 3985,
      "min": 1,
      "max": 2,
      "mean": 1.06186,
      "median": 1,
      "p90": 1,
      "p99": 2
    }
  },
  "sample": {
    "t": 200000,
    "chunk_size": 2000000,
    "num_chunks": 1,
    "U_t": 9002,
    "G_t": 9002,
    "avg_repeat_global": 22.2173,
    "avg_group_size_exec": 22.2173,
    "samples_per_sec": 6.01403e+06,
    "ns_per_sample": 166.278,
    "checksum": 2156485710498819190,
    "group_size_equal":     {
      "count": 9002,
      "weight_sum": 9002,
      "min": 7,
      "max": 86,
      "mean": 22.2173,
      "median": 21,
      "p90": 32,
      "p99": 51
    },
    "group_size_sample_weighted":     {
      "count": 9002,
      "weight_sum": 200000,
      "min": 7,
      "max": 86,
      "mean": 25.1798,
      "median": 22,
      "p90": 41,
      "p99": 59
    },
    "K_point_equal":     {
      "count": 9002,
      "weight_sum": 9002,
      "min": 0,
      "max": 70,
      "mean": 14.1861,
      "median": 17,
      "p90": 26,
      "p99": 45
    },
    "K_point_sample_weighted":     {
      "count": 9002,
      "weight_sum": 200000,
      "min": 0,
      "max": 70,
      "mean": 15.925,
      "median": 18,
      "p90": 30,
      "p99": 50
    },
    "K_subtree_equal":     {
      "count": 9002,
      "weight_sum": 9002,
      "min": 0,
      "max": 62,
      "mean": 8.03122,
      "median": 0,
      "p90": 24,
      "p99": 40
    },
    "K_subtree_sample_weighted":     {
      "count": 9002,
      "weight_sum": 200000,
      "min": 0,
      "max": 62,
      "mean": 9.25489,
      "median": 0,
      "p90": 25,
      "p99": 46
    }
  },
  "checks": {
    "count_sum_matches": true,