{
  "run_id": "chunk_d2_N20000_a10_t3000000_F1_rep0",
  "network": "chunk",
  "preset": "TH",
  "family": "F1",
  "dim": 2,
  "N": 20000,
  "alpha_target": 10,
  "alpha_expected_est": 9.88409,
  "pair_intersection_prob_est": 0.000988409,
  "coverage": 4.19097,
  "data_seed": 2505024261278569413,
  "sample_seed": 4482171325335661221,
  "data_rep": 0,
  "materialize_join": false,
  "timing_ms": {
    "T_lift": 0.479125,
    "T_tree": 9.59975,
    "T_build": 10.0793,
    "T_count_query": 22.0834,
    "T_left_dist": 0.529078,
    "T_count": 22.6125,
    "T_search_scan": 24.6751,
    "T_plan_left": 65.9646,
    "T_group": 223.664,
    "T_decompose": 55.1936,
    "T_local_dist": 12.2906,
    "T_emit": 94.7282,
    "T_sample": 472.622
  },
  "build": {
    "tree_height": 15,
    "max_depth": 14,
    "avg_node_depth": 12.3624,
    "node_count": 20000
  },
  "count": {
    "exact_join_size": 395358,
    "alpha_actual": 9.88395,
    "w":     {
      "count": 20000,
      "weight_sum": 20000,
      "min": 3,
      "max": 61,
      "mean": 19.7679,
      "median": 19,
      "p90": 26,
      "p99": 34
    },
    "V_count":     {
      "count": 20000,
      "weight_sum": 20000,
      "min": 27,
      "max": 199,
      "mean": 83.6063,
      "median": 83,
      "p90": 111,
      "p99": 135
    },
    "P_count":     {
      "count": 20000,
      "weight_sum": 20000,
      "min": 10,
      "max": 74,
      "mean": 33.9798,
      "median": 34,
      "p90": 46,
      "p99": 56
    },
    "C_count":     {
      "count": 20000,
      "weight_sum": 20000,
      "min": 0,
      "max": 25,
      "mean": 6.69695,
      "median": 7,
      "p90": 10,
      "p99": 13
    },
    "H_count":     {
      "count": 20000,
      "weight_sum": 20000,
      "min": 13,
      "max": 106,
      "mean": 42.9295,
      "median": 43,
      "p90": 57,
      "p99": 69
    },
    "S_prune":     {
      "count": 20000,
      "weight_sum": 20000,
      "min": 19798,
      "max": 19969,
      "mean": 19911.3,
      "median": 19912,
      "p90": 19938,
      "p99": 19954
    },
    "S_contain":     {
      "count": 20000,
      "weight_sum": 20000,
      "min": 0,
      "max": 27,
      "mean": 5.09995,
      "median": 5,
      "p90": 9,
      "p99": 14
    },
    "D_count_max":     {
      "count": 20000,
      "weight_sum": 20000,
      "min": 11,
      "max": 14,
      "mean": 13.967,
      "median": 14,
      "p90": 14,
      "p99": 14
    }
  },
  "search_equal": {
    "V_search":     {
      "count": 20000,
      "weight_sum": 20000,
      "min": 25,
      "max": 180,
      "mean": 76.9093,
      "median": 76,
      "p90": 103,
      "p99": 125
    },
    "P_search":     {
      "count": 20000,
      "weight_sum": 20000,
      "min": 10,
      "max": 74,
      "mean": 33.9798,
      "median": 34,
      "p90": 46,
      "p99": 56
    },
    "B_mid":     {
      "count": 20000,
      "weight_sum": 20000,
      "min": 0,
      "max": 37,
      "mean": 7.971,
      "median": 8,
      "p90": 12,
      "p99": 16
    },
    "B_leaf":     {
      "count": 20000,
      "weight_sum": 20000,
      "min": 0,
      "max": 0,
      "mean": 0,
      "median": 0,
      "p90": 0,
      "p99": 0
    },
    "B_subtree":     {
      "count": 20000,
      "weight_sum": 20000,
      "min": 0,
      "max": 25,
      "mean": 6.69695,
      "median": 7,
      "p90": 10,
      "p99": 13
    },
    "m":     {
      "count": 20000,
      "weight_sum": 20000,
      "min": 2,
      "max": 56,
      "mean": 14.6679,
      "median": 14,
      "p90": 20,
      "p99": 26
    },
    "M_point":     {
      "count": 20000,
      "weight_sum": 20000,
      "min": 0,
      "max": 37,
      "mean": 7.971,
      "median": 8,
      "p90": 12,
      "p99": 16
    },
    "M_subtree":     {
      "count": 20000,
      "weight_sum": 20000,
      "min": 0,
      "max": 40,
      "mean": 11.7969,
      "median": 11,
      "p90": 17,
      "p99": 23
    },
    "rho":     {
      "count": 20000,
      "weight_sum": 20000,
      "min": 1,
      "max": 6.33333,
      "mean": 1.38103,
      "median": 1.31818,
      "p90": 1.72727,
      "p99": 2.33333
    },
    "sigma":     {
      "count": 20000,
      "weight_sum": 20000,
      "min": 0,
      "max": 1,
      "mean": 0.592813,
      "median": 0.6,
      "p90": 0.736842,
      "p99": 0.846154
    },
    "avg_subtree_mass":     {
      "count": 19998,
      "weight_sum": 19998,
      "min": 1,
      "max": 10.5,
      "mean": 1.837,
      "median": 1.71429,
      "p90": 2.57143,
      "p99": 4
    }
  },
  "search_weighted": {
    "V_search":     {
      "count": 20000,
      "weight_sum": 395358,
      "min": 25,
      "max": 180,
      "mean": 78.8056,
      "median": 78,
      "p90": 105,
      "p99": 128
    },
    "P_search":     {
      "count": 20000,
      "weight_sum": 395358,
      "min": 10,
      "max": 74,
      "mean": 34.6553,
      "median": 34,
      "p90": 47,
      "p99": 57
    },
    "B_mid":     {
      "count": 20000,
      "weight_sum": 395358,
      "min": 0,
      "max": 37,
      "mean": 8.462,
      "median": 8,
      "p90": 12,
      "p99": 17
    },
    "B_leaf":     {
      "count": 20000,
      "weight_sum": 395358,
      "min": 0,
      "max": 0,
      "mean": 0,
      "median": 0,
      "p90": 0,
      "p99": 0
    },
    "B_subtree":     {
      "count": 20000,
      "weight_sum": 395358,
      "min": 0,
      "max": 25,
      "mean": 7.10826,
      "median": 7,
      "p90": 10,
      "p99": 13
    },
    "m":     {
      "count": 20000,
      "weight_sum": 395358,
      "min": 2,
      "max": 56,
      "mean": 15.5703,
      "median": 15,
      "p90": 21,
      "p99": 28
    },
    "M_point":     {
      "count": 20000,
      "weight_sum": 395358,
      "min": 0,
      "max": 37,
      "mean": 8.462,
      "median": 8,
      "p90": 12,
      "p99": 17
    },
    "M_subtree":     {
      "count": 20000,
      "weight_sum": 395358,
      "min": 0,
      "max": 40,
      "mean": 12.7111,
      "median": 12,
      "p90": 18,
      "p99": 24
    },
    "rho":     {
      "count": 20000,
      "weight_sum": 395358,
      "min": 1,
      "max": 6.33333,
      "mean": 1.39398,
      "median": 1.33333,
      "p90": 1.73333,
      "p99": 2.33333
    },
    "sigma":     {
      "count": 20000,
      "weight_sum": 395358,
      "min": 0,
      "max": 1,
      "mean": 0.596771,
      "median": 0.6,
      "p90": 0.736842,
      "p99": 0.842105
    },
    "avg_subtree_mass":     {
      "count": 19998,
      "weight_sum": 395350,
      "min": 1,
      "max": 10.5,
      "mean": 1.86654,
      "median": 1.75,
      "p90": 2.6,
      "p99": 4
    }
  },
  "sample": {
    "t": 3000000,
    "chunk_size": 2000000,
    "num_chunks": 2,
    "U_t": 20000,
    "G_t": 40000,
    "avg_repeat_global": 150,
    "avg_group_size_exec": 75,
    "samples_per_sec": 6.34757e+06,
    "ns_per_sample": 157.541,
    "checksum": 7604281651855744488,
    "group_size_equal":     {
      "count": 40000,
      "weight_sum": 40000,
      "min": 3,
      "max": 329,
      "mean": 75,
      "median": 68,
      "p90": 122,
      "p99": 165
    },
    "group_size_sample_weighted":     {
      "count": 40000,
      "weight_sum": 3e+06,
      "min": 3,
      "max": 329,
      "mean": 90.2533,
      "median": 89,
      "p90": 137,
      "p99": 184
    },
    "K_point_equal":     {
      "count": 40000,
      "weight_sum": 40000,
      "min": 0,
      "max": 176,
      "mean": 30.2524,
      "median": 27,
      "p90": 53,
      "p99": 76
    },
    "K_point_sample_weighted":     {
      "count": 40000,
      "weight_sum": 3e+06,
      "min": 0,
      "max": 176,
      "mean": 36.0791,
      "median": 34,
      "p90": 60,
      "p99": 84
    },
    "K_subtree_equal":     {
      "count": 40000,
      "weight_sum": 40000,
      "min": 0,
      "max": 221,
      "mean": 44.7476,
      "median": 40,
      "p90": 77,
      "p99": 111
    },
    "K_subtree_sample_weighted":     {
      "count": 40000,