{
  "run_id": "correctness_d3_N2000_a10_t200000_F0_rep0",
  "network": "correctness",
  "preset": "TH",
  "family": "F0",
  "dim": 3,
  "N": 2000,
  "alpha_target": 10,
  "alpha_expected_est": 9.93741,
  "pair_intersection_prob_est": 0.00993741,
  "coverage": 2.14302,
  "data_seed": 8083033965162963308,
  "sample_seed": 9056425418553097052,
  "data_rep": 0,
  "materialize_join": true,
  "timing_ms": {
    "T_lift": 0.023902,
    "T_tree": 0.347365,
    "T_build": 0.371587,
    "T_count_query": 2.51087,
    "T_left_dist": 0.039623,
    "T_count": 2.55057,
    "T_search_scan": 2.82278,
    "T_plan_left": 5.83028,
    "T_group": 13.1509,
    "T_decompose": 2.92254,
    "T_local_dist": 0.629817,
    "T_emit": 5.80907,
    "T_sample": 30.3849
  },
  "build": {
    "tree_height": 11,
    "max_depth": 10,
    "avg_node_depth": 8.982,
    "node_count": 2000
  },
  "count": {
    "exact_join_size": 39544,
    "alpha_actual": 9.886,
    "w":     {
      "count": 2000,
      "weight_sum": 2000,
      "min": 3,
      "max": 37,
      "mean": 19.772,
      "median": 20,
      "p90": 28,
      "p99": 33
    },
    "V_count":     {
      "count": 2000,
      "weight_sum": 2000,
      "min": 19,
      "max": 163,
      "mean": 75.9755,
      "median": 73,
      "p90": 115,
      "p99": 142
    },
    "P_count":     {
      "count": 2000,
      "weight_sum": 2000,
      "min": 7,
      "max": 72,
      "mean": 30.9315,
      "median": 30,
      "p90": 48,
      "p99": 61
    },
    "C_count":     {
      "count": 2000,
      "weight_sum": 2000,
      "min": 0,
      "max": 18,
      "mean": 7.365,
      "median": 7,
      "p90": 11,
      "p99": 14
    },
    "H_count":     {
      "count": 2000,
      "weight_sum": 2000,
      "min": 9,
      "max": 81,
      "mean": 37.679,
      "median": 36,
      "p90": 57.1,
      "p99": 71
    },
    "S_prune":     {
      "count": 2000,
      "weight_sum": 2000,
      "min": 1837,
      "max": 1979,
      "mean": 1919.58,
      "median": 1923,
      "p90": 1953.1,
      "p99": 1971
    },
    "S_contain":     {
      "count": 2000,
      "weight_sum": 2000,
      "min": 0,
      "max": 20,
      "mean": 4.44,
      "median": 4,
      "p90": 8,
      "p99": 13
    },
    "D_count_max":     {
      "count": 2000,
      "weight_sum": 2000,
      "min": 8,
      "max": 10,
      "mean": 9.997,
      "median": 10,
      "p90": 10,
      "p99": 10
    }
  },
  "search_equal": {
    "V_search":     {
      "count": 2000,
      "weight_sum": 2000,
      "min": 18,
      "max": 153,
      "mean": 68.6105,
      "median": 66,
      "p90": 106,
      "p99": 131
    },
    "P_search":     {
      "count": 2000,
      "weight_sum": 2000,
      "min": 7,
      "max": 72,
      "mean": 30.9315,
      "median": 30,
      "p90": 48,
      "p99": 61
    },
    "B_mid":     {
      "count": 2000,
      "weight_sum": 2000,
      "min": 0,
      "max": 19,
      "mean": 7.967,
      "median": 8,
      "p90": 12,
      "p99": 15
    },
    "B_leaf":     {
      "count": 2000,
      "weight_sum": 2000,
      "min": 0,
      "max": 0,
      "mean": 0,
      "median": 0,
      "p90": 0,
      "p99": 0
    },
    "B_subtree":     {
      "count": 2000,
      "weight_sum": 2000,
      "min": 0,
      "max": 18,
      "mean": 7.365,
      "median": 7,
      "p90": 11,
      "p99": 14
    },
    "m":     {
      "count": 2000,
      "weight_sum": 2000,
      "min": 1,
      "max": 32,
      "mean": 15.332,
      "median": 15,
      "p90": 22,
      "p99": 26
    },
    "M_point":     {
      "count": 2000,
      "weight_sum": 2000,
      "min": 0,
      "max": 19,
      "mean": 7.967,
      "median": 8,
      "p90": 12,
      "p99": 15
    },
    "M_subtree":     {
      "count": 2000,
      "weight_sum": 2000,
      "min": 0,
      "max": 27,
      "mean": 11.805,
      "median": 12,
      "p90": 17,
      "p99": 22
    },
    "rho":     {
      "count": 2000,
      "weight_sum": 2000,
      "min": 1,
      "max": 3.16667,
      "mean": 1.32094,
      "median": 1.26667,
      "p90": 1.6,
      "p99": 2.33333
    },
    "sigma":     {
      "count": 2000,
      "weight_sum": 2000,
      "min": 0,
      "max": 1,
      "mean": 0.59698,
      "median": 0.6,
      "p90": 0.724138,
      "p99": 0.842146
    },
    "avg_subtree_mass":     {
      "count": 1998,
      "weight_sum": 1998,
      "min": 1,
      "max": 7,
      "mean": 1.67732,
      "median": 1.55556,
      "p90": 2.33333,
      "p99": 3.75
    }
  },
  "search_weighted": {
    "V_search":     {
      "count": 2000,
      "weight_sum": 39544,
      "min": 18,
      "max": 153,
      "mean": 72.778,
      "median": 70,
      "p90": 108,
      "p99": 133
    },
    "P_search":     {
      "count": 2000,
      "weight_sum": 39544,
      "min": 7,
      "max": 72,
      "mean": 32.6725,
      "median": 31,
      "p90": 50,
      "p99": 61
    },
    "B_mid":     {
      "count": 2000,
      "weight_sum": 39544,
      "min": 0,
      "max": 19,
      "mean": 8.73892,
      "median": 9,
      "p90": 13,
      "p99": 16
    },
    "B_leaf":     {
      "count": 2000,
      "weight_sum": 39544,
      "min": 0,
      "max": 0,
      "mean": 0,
      "median": 0,
      "p90": 0,
      "p99": 0
    },
    "B_subtree":     {
      "count": 2000,
      "weight_sum": 39544,
      "min": 0,
      "max": 18,
      "mean": 8.01474,
      "median": 8,
      "p90": 11,
      "p99": 14
    },
    "m":     {
      "count": 2000,
      "weight_sum": 39544,
      "min": 1,
      "max": 32,
      "mean": 16.7537,
      "median": 17,
      "p90": 23,
      "p99": 27
    },
    "M_point":     {
      "count": 2000,
      "weight_sum": 39544,
      "min": 0,
      "max": 19,
      "mean": 8.73892,
      "median": 9,
      "p90": 13,
      "p99": 16
    },
    "M_subtree":     {
      "count": 2000,
      "weight_sum": 39544,
      "min": 0,
      "max": 27,
      "mean": 12.9509,
      "median": 13,
      "p90": 18,
      "p99": 23
    },
    "rho":     {
      "count": 2000,
      "weight_sum": 39544,
      "min": 1,
      "max": 3.16667,
      "mean": 1.32395,
      "median": 1.27273,
      "p90": 1.58824,
      "p99": 2.2
    },
    "sigma":     {
      "count": 2000,
      "weight_sum": 39544,
      "min": 0,
      "max": 1,
      "mean": 0.597056,
      "median": 0.6,
      "p90": 0.71875,
      "p99": 0.823529
    },
    "avg_subtree_mass":     {
      "count": 1998,
      "weight_sum": 39537,
      "min": 1,
      "max": 7,
      "mean": 1.68506,
      "median": 1.57143,
      "p90": 2.33333,
      "p99": 3.75
    }
  },
  "sample": {
    "t": 200000,
    "chunk_size": 2000000,
    "num_chunks": 1,
    "U_t": 2000,
    "G_t": 2000,
    "avg_repeat_global": 100,
    "avg_group_size_exec": 100,
    "samples_per_sec": 6.58222e+06,
    "ns_per_sample": 151.924,
    "checksum": 11179130614534878160,
    "group_size_equal":     {
      "count": 2000,
      "weight_sum": 2000,
      "min": 8,
      "max": 200,
      "mean": 100,
      "median": 100,
      "p90": 143,
      "p99": 175
    },
    "group_size_sample_weighted":     {
      "count": 2000,
      "weight_sum": 200000,
      "min": 8,
      "max": 200,
      "mean": 110.714,
      "median": 111,
      "p90": 150,
      "p99": 181
    },
    "K_point_equal":     {
      "count": 2000,
      "weight_sum": 2000,
      "min": 0,
      "max": 103,
      "mean": 40.267,
      "median": 39,
      "p90": 64,
      "p99": 83
    },
    "K_point_sample_weighted":     {
      "count": 2000,
      "weight_sum": 200000,
      "min": 0,
      "max": 103,
      "mean": 44.5769,
      "median": 44,
      "p90": 68,
      "p99": 86
    },
    "K_subtree_equal":     {
      "count": 2000,
      "weight_sum": 2000,
      "min": 0,
      "max": 151,
      "mean": 59.733,
      "median": 58,
      "p90": 89,
      "p99": 118
    },
    "K_subtree_sample_weighted":     {
      "count": 2000,
      "weight_sum": 200000,
      "min": 0,
      "max": 151,
      "mean": 66.1372,