{
  "run_id": "density_d2_N50000_a100_t200000_F1_rep1",
  "network": "density",
  "preset": "TH",
  "family": "F1",
  "dim": 2,
  "N": 50000,
  "alpha_target": 100,
  "alpha_expected_est": 99.0854,
  "pair_intersection_prob_est": 0.00396342,
  "coverage": 41.4412,
  "data_seed": 3599321873196632873,
  "sample_seed": 3312972779629379294,
  "data_rep": 1,
  "materialize_join": false,
  "timing_ms": {
    "T_lift": 0.765676,
    "T_tree": 15.0418,
    "T_build": 15.8077,
    "T_count_query": 236.935,
    "T_left_dist": 1.12841,
    "T_count": 238.063,
    "T_search_scan": 263.497,
    "T_plan_left": 4.85315,
    "T_group": 12.4897,
    "T_decompose": 266.293,
    "T_local_dist": 81.5415,
    "T_emit": 9.84722,
    "T_sample": 383.942
  },
  "build": {
    "tree_height": 16,
    "max_depth": 15,
    "avg_node_depth": 13.6896,
    "node_count": 50000
  },
  "count": {
    "exact_join_size": 9906312,
    "alpha_actual": 99.0631,
    "w":     {
      "count": 50000,
      "weight_sum": 50000,
      "min": 40,
      "max": 663,
      "mean": 198.126,
      "median": 197,
      "p90": 233,
      "p99": 300
    },
    "V_count":     {
      "count": 50000,
      "weight_sum": 50000,
      "min": 72,
      "max": 1005,
      "mean": 333.252,
      "median": 331,
      "p90": 443,
      "p99": 542
    },
    "P_count":     {
      "count": 50000,
      "weight_sum": 50000,
      "min": 20,
      "max": 285,
      "mean": 112.82,
      "median": 111,
      "p90": 158,
      "p99": 196
    },
    "C_count":     {
      "count": 50000,
      "weight_sum": 50000,
      "min": 4,
      "max": 175,
      "mean": 40.9696,
      "median": 41,
      "p90": 52,
      "p99": 70.01
    },
    "H_count":     {
      "count": 50000,
      "weight_sum": 50000,
      "min": 38,
      "max": 545,
      "mean": 179.462,
      "median": 178,
      "p90": 237,
      "p99": 291
    },
    "S_prune":     {
      "count": 50000,
      "weight_sum": 50000,
      "min": 48676,
      "max": 49889,
      "mean": 49562.2,
      "median": 49564,
      "p90": 49676,
      "p99": 49785
    },
    "S_contain":     {
      "count": 50000,
      "weight_sum": 50000,
      "min": 11,
      "max": 332,
      "mean": 104.571,
      "median": 103,
      "p90": 132,
      "p99": 170
    },
    "D_count_max":     {
      "count": 50000,
      "weight_sum": 50000,
      "min": 15,
      "max": 15,
      "mean": 15,
      "median": 15,
      "p90": 15,
      "p99": 15
    }
  },
  "search_equal": {
    "V_search":     {
      "count": 50000,
      "weight_sum": 50000,
      "min": 62,
      "max": 830,
      "mean": 292.283,
      "median": 290,
      "p90": 395,
      "p99": 485
    },
    "P_search":     {
      "count": 50000,
      "weight_sum": 50000,
      "min": 20,
      "max": 285,
      "mean": 112.82,
      "median": 111,
      "p90": 158,
      "p99": 196
    },
    "B_mid":     {
      "count": 50000,
      "weight_sum": 50000,
      "min": 5,
      "max": 210,
      "mean": 52.586,
      "median": 52,
      "p90": 67,
      "p99": 88
    },
    "B_leaf":     {
      "count": 50000,
      "weight_sum": 50000,
      "min": 0,
      "max": 0,
      "mean": 0,
      "median": 0,
      "p90": 0,
      "p99": 0
    },
    "B_subtree":     {
      "count": 50000,
      "weight_sum": 50000,
      "min": 4,
      "max": 175,
      "mean": 40.9696,
      "median": 41,
      "p90": 52,
      "p99": 70.01
    },
    "m":     {
      "count": 50000,
      "weight_sum": 50000,
      "min": 11,
      "max": 344,
      "mean": 93.5557,
      "median": 93,
      "p90": 117,
      "p99": 154
    },
    "M_point":     {
      "count": 50000,
      "weight_sum": 50000,
      "min": 5,
      "max": 210,
      "mean": 52.586,
      "median": 52,
      "p90": 67,
      "p99": 88
    },
    "M_subtree":     {
      "count": 50000,
      "weight_sum": 50000,
      "min": 29,
      "max": 494,
      "mean": 145.54,
      "median": 145,
      "p90": 175,
      "p99": 223
    },
    "rho":     {
      "count": 50000,
      "weight_sum": 50000,
      "min": 1.26531,
      "max": 6.15789,
      "mean": 2.16709,
      "median": 2.09412,
      "p90": 2.62353,
      "p99": 3.37146
    },
    "sigma":     {
      "count": 50000,
      "weight_sum": 50000,
      "min": 0.486111,
      "max": 0.940171,
      "mean": 0.734384,
      "median": 0.732984,
      "p90": 0.792208,
      "p99": 0.842593
    },
    "avg_subtree_mass":     {
      "count": 50000,
      "weight_sum": 50000,
      "min": 1.52,
      "max": 17.1111,
      "mean": 3.69275,
      "median": 3.5122,
      "p90": 4.79538,
      "p99": 6.79168
    }
  },
  "search_weighted": {
    "V_search":     {
      "count": 50000,
      "weight_sum": 9.90631e+06,
      "min": 62,
      "max": 830,
      "mean": 299.332,
      "median": 295,
      "p90": 402,
      "p99": 499
    },
    "P_search":     {
      "count": 50000,
      "weight_sum": 9.90631e+06,
      "min": 20,
      "max": 285,
      "mean": 115.398,
      "median": 113,
      "p90": 161,
      "p99": 201
    },
    "B_mid":     {
      "count": 50000,
      "weight_sum": 9.90631e+06,
      "min": 5,
      "max": 210,
      "mean": 54.1003,
      "median": 53,
      "p90": 69,
      "p99": 93
    },
    "B_leaf":     {
      "count": 50000,
      "weight_sum": 9.90631e+06,
      "min": 0,
      "max": 0,
      "mean": 0,
      "median": 0,
      "p90": 0,
      "p99": 0
    },
    "B_subtree":     {
      "count": 50000,
      "weight_sum": 9.90631e+06,
      "min": 4,
      "max": 175,
      "mean": 42.1483,
      "median": 41,
      "p90": 54,
      "p99": 75
    },
    "m":     {
      "count": 50000,
      "weight_sum": 9.90631e+06,
      "min": 11,
      "max": 344,
      "mean": 96.2486,
      "median": 95,
      "p90": 121,
      "p99": 164
    },
    "M_point":     {
      "count": 50000,
      "weight_sum": 9.90631e+06,
      "min": 5,
      "max": 210,
      "mean": 54.1003,
      "median": 53,
      "p90": 69,
      "p99": 93
    },
    "M_subtree":     {
      "count": 50000,
      "weight_sum": 9.90631e+06,
      "min": 29,
      "max": 494,
      "mean": 149.832,
      "median": 147,
      "p90": 180,
      "p99": 238
    },
    "rho":     {
      "count": 50000,
      "weight_sum": 9.90631e+06,
      "min": 1.26531,
      "max": 6.15789,
      "mean": 2.16836,
      "median": 2.09574,
      "p90": 2.625,
      "p99": 3.36364
    },
    "sigma":     {
      "count": 50000,
      "weight_sum": 9.90631e+06,
      "min": 0.486111,
      "max": 0.940171,
      "mean": 0.734583,
      "median": 0.733108,
      "p90": 0.792,
      "p99": 0.841379
    },
    "avg_subtree_mass":     {
      "count": 50000,
      "weight_sum": 9.90631e+06,
      "min": 1.52,
      "max": 17.1111,
      "mean": 3.69528,
      "median": 3.51351,
      "p90": 4.8,
      "p99": 6.76923
    }
  },
  "sample": {
    "t": 200000,
    "chunk_size": 2000000,
    "num_chunks": 1,
    "U_t": 48844,
    "G_t": 48844,
    "avg_repeat_global": 4.09467,
    "avg_group_size_exec": 4.09467,
    "samples_per_sec": 520913,
    "ns_per_sample": 1919.71,
    "checksum": 892371917557237575,
    "group_size_equal":     {
      "count": 48844,
      "weight_sum": 48844,
      "min": 1,
      "max": 20,
      "mean": 4.09467,
      "median": 4,
      "p90": 7,
      "p99": 10
    },
    "group_size_sample_weighted":     {
      "count": 48844,
      "weight_sum": 200000,
      "min": 1,
      "max": 20,
      "mean": 5.11654,
      "median": 5,
      "p90": 8,
      "p99": 11
    },
    "K_point_equal":     {
      "count": 48844,
      "weight_sum": 48844,
      "min": 0,
      "max": 8,
      "mean": 1.08613,
      "median": 1,
      "p90": 2,
      "p99": 4
    },
    "K_point_sample_weighted":     {
      "count": 48844,
      "weight_sum": 200000,
      "min": 0,
      "max": 8,
      "mean": 1.35288,
      "median": 1,
      "p90": 3,
      "p99": 5
    },
    "K_subtree_equal":     {
      "count": 48844,
      "weight_sum": 48844,