{
  "run_id": "density_d4_N50000_a0p1_t200000_F0_rep2",
  "network": "density",
  "preset": "TH",
  "family": "F0",
  "dim": 4,
  "N": 50000,
  "alpha_target": 0.1,
  "alpha_expected_est": 0.101353,
  "pair_intersection_prob_est": 4.0541e-06,
  "coverage": 0.0121223,
  "data_seed": 3566261929647036537,
  "sample_seed": 434109137281469976,
  "data_rep": 2,
  "materialize_join": false,
  "timing_ms": {
    "T_lift": 1.26123,
    "T_tree": 12.3153,
    "T_build": 13.5767,
    "T_count_query": 41.8617,
    "T_left_dist": 0.767145,
    "T_count": 42.6291,
    "T_search_scan": 44.4923,
    "T_plan_left": 4.13465,
    "T_group": 13.2068,
    "T_decompose": 9.15438,
    "T_local_dist": 0.725277,
    "T_emit": 4.9155,
    "T_sample": 34.8514
  },
  "build": {
    "tree_height": 16,
    "max_depth": 15,
    "avg_node_depth": 13.6896,
    "node_count": 50000
  },
  "count": {
    "exact_join_size": 10080,
    "alpha_actual": 0.1008,
    "w":     {
      "count": 50000,
      "weight_sum": 50000,
      "min": 0,
      "max": 5,
      "mean": 0.2016,
      "median": 0,
      "p90": 1,
      "p99": 2
    },
    "V_count":     {
      "count": 50000,
      "weight_sum": 50000,
      "min": 19,
      "max": 227,
      "mean": 42.7265,
      "median": 39,
      "p90": 62,
      "p99": 97
    },
    "P_count":     {
      "count": 50000,
      "weight_sum": 50000,
      "min": 10,
      "max": 114,
      "mean": 21.5557,
      "median": 20,
      "p90": 31,
      "p99": 48
    },
    "C_count":     {
      "count": 50000,
      "weight_sum": 50000,
      "min": 0,
      "max": 3,
      "mean": 0.06854,
      "median": 0,
      "p90": 0,
      "p99": 1
    },
    "H_count":     {
      "count": 50000,
      "weight_sum": 50000,
      "min": 9,
      "max": 113,
      "mean": 21.1022,
      "median": 19,
      "p90": 31,
      "p99": 48
    },
    "S_prune":     {
      "count": 50000,
      "weight_sum": 50000,
      "min": 49773,
      "max": 49981,
      "mean": 49957.3,
      "median": 49961,
      "p90": 49971,
      "p99": 49973
    },
    "S_contain":     {
      "count": 50000,
      "weight_sum": 50000,
      "min": 0,
      "max": 1,
      "mean": 0.00248,
      "median": 0,
      "p90": 0,
      "p99": 0
    },
    "D_count_max":     {
      "count": 50000,
      "weight_sum": 50000,
      "min": 9,
      "max": 15,
      "mean": 14.3256,
      "median": 14,
      "p90": 15,
      "p99": 15
    }
  },
  "search_equal": {
    "V_search":     {
      "count": 50000,
      "weight_sum": 50000,
      "min": 19,
      "max": 227,
      "mean": 42.658,
      "median": 39,
      "p90": 62,
      "p99": 96
    },
    "P_search":     {
      "count": 50000,
      "weight_sum": 50000,
      "min": 10,
      "max": 114,
      "mean": 21.5557,
      "median": 20,
      "p90": 31,
      "p99": 48
    },
    "B_mid":     {
      "count": 50000,
      "weight_sum": 50000,
      "min": 0,
      "max": 4,
      "mean": 0.13058,
      "median": 0,
      "p90": 1,
      "p99": 1
    },
    "B_leaf":     {
      "count": 50000,
      "weight_sum": 50000,
      "min": 0,
      "max": 0,
      "mean": 0,
      "median": 0,
      "p90": 0,
      "p99": 0
    },
    "B_subtree":     {
      "count": 50000,
      "weight_sum": 50000,
      "min": 0,
      "max": 3,
      "mean": 0.06854,
      "median": 0,
      "p90": 0,
      "p99": 1
    },
    "m":     {
      "count": 50000,
      "weight_sum": 50000,
      "min": 0,
      "max": 5,
      "mean": 0.19912,
      "median": 0,
      "p90": 1,
      "p99": 2
    },
    "M_point":     {
      "count": 50000,
      "weight_sum": 50000,
      "min": 0,
      "max": 4,
      "mean": 0.13058,
      "median": 0,
      "p90": 1,
      "p99": 1
    },
    "M_subtree":     {
      "count": 50000,
      "weight_sum": 50000,
      "min": 0,
      "max": 3,
      "mean": 0.07102,
      "median": 0,
      "p90": 0,
      "p99": 1
    },
    "rho":     {
      "count": 9064,
      "weight_sum": 9064,
      "min": 1,
      "max": 2,
      "mean": 1.01274,
      "median": 1,
      "p90": 1,
      "p99": 2
    },
    "sigma":     {
      "count": 9064,
      "weight_sum": 9064,
      "min": 0,
      "max": 1,
      "mean": 0.348974,
      "median": 0,
      "p90": 1,
      "p99": 1
    },
    "avg_subtree_mass":     {
      "count": 3346,
      "weight_sum": 3346,
      "min": 1,
      "max": 2,
      "mean": 1.03661,
      "median": 1,
      "p90": 1,
      "p99": 2
    }
  },
  "search_weighted": {
    "V_search":     {
      "count": 9064,
      "weight_sum": 10080,
      "min": 25,
      "max": 178,
      "mean": 44.0698,
      "median": 40,
      "p90": 64,
      "p99": 95
    },
    "P_search":     {
      "count": 9064,
      "weight_sum": 10080,
      "min": 13,
      "max": 89,
      "mean": 21.8425,
      "median": 20,
      "p90": 32,
      "p99": 47
    },
    "B_mid":     {
      "count": 9064,
      "weight_sum": 10080,
      "min": 0,
      "max": 4,
      "mean": 0.783135,
      "median": 1,
      "p90": 1,
      "p99": 2
    },
    "B_leaf":     {
      "count": 9064,
      "weight_sum": 10080,
      "min": 0,
      "max": 0,
      "mean": 0,
      "median": 0,
      "p90": 0,
      "p99": 0
    },
    "B_subtree":     {
      "count": 9064,
      "weight_sum": 10080,
      "min": 0,
      "max": 3,
      "mean": 0.410218,
      "median": 0,
      "p90": 1,
      "p99": 2
    },
    "m":     {
      "count": 9064,
      "weight_sum": 10080,
      "min": 1,
      "max": 5,
      "mean": 1.19335,
      "median": 1,
      "p90": 2,
      "p99": 3
    },
    "M_point":     {
      "count": 9064,
      "weight_sum": 10080,
      "min": 0,
      "max": 4,
      "mean": 0.783135,
      "median": 1,
      "p90": 1,
      "p99": 2
    },
    "M_subtree":     {
      "count": 9064,
      "weight_sum": 10080,
      "min": 0,
      "max": 3,
      "mean": 0.436706,
      "median": 0,
      "p90": 1,
      "p99": 2
    },
    "rho":     {
      "count": 9064,
      "weight_sum": 10080,
      "min": 1,
      "max": 2,
      "mean": 1.02376,
      "median": 1,
      "p90": 1,
      "p99": 2
    },
    "sigma":     {
      "count": 9064,
      "weight_sum": 10080,
      "min": 0,
      "max": 1,
      "mean": 0.352282,
      "median": 0,
      "p90": 1,
      "p99": 1
    },
    "avg_subtree_mass":     {
      "count": 3346,
      "weight_sum": 3948,
      "min": 1,
      "max": 2,
      "mean": 1.06636,
      "median": 1,
      "p90": 1,
      "p99": 2
    }
  },
  "sample": {
    "t": 200000,
    "chunk_size": 2000000,
    "num_chunks": 1,
    "U_t": 9064,
    "G_t": 9064,
    "avg_repeat_global": 22.0653,
    "avg_group_size_exec": 22.0653,
    "samples_per_sec": 5.73866e+06,
    "ns_per_sample": 174.257,
    "checksum": 10841228091450101452,
    "group_size_equal":     {
      "count": 9064,
      "weight_sum": 9064,
      "min": 5,
      "max": 120,
      "mean": 22.0653,
      "median": 20,
      "p90": 32,
      "p99": 51
    },
    "group_size_sample_weighted":     {
      "count": 9064,
      "weight_sum": 200000,
      "min": 5,
      "max": 120,
      "mean": 25.1993,
      "median": 22,
      "p90": 41,
      "p99": 63
    },
    "K_point_equal":     {
      "count": 9064,
      "weight_sum": 9064,
      "min": 0,
      "max": 98,
      "mean": 14.3161,
      "median": 17,
      "p90": 26,
      "p99": 45
    },
    "K_point_sample_weighted":     {
      "count": 9064,
      "weight_sum": 200000,
      "min": 0,
      "max": 98,
      "mean": 16.2294,
      "median": 19,
      "p90": 30,
      "p99": 50
    },
    "K_subtree_equal":     {
      "count": 9064,
      "weight_sum": 9064,
      "min": 0,
      "max": 66,
      "mean": 7.74923,
      "median": 0,
      "p90": 23,
      "p99": 40
    },
    "K_subtree_sample_weighted":     {
      "count": 9064,
      "weight_sum": 200000,
      "min": 0,
      "max": 66,
      "mean": 8.96988,
      "median": 0,
      "p90": 25,
      "p99": 46
    }
  },