{
  "run_id": "density_d3_N50000_a10_t200000_F1_rep0",
  "network": "density",
  "preset": "TH",
  "family": "F1",
  "dim": 3,
  "N": 50000,
  "alpha_target": 10,
  "alpha_expected_est": 10.1185,
  "pair_intersection_prob_est": 0.000404738,
  "coverage": 1.79626,
  "data_seed": 3556456937896051429,
  "sample_seed": 5132408609448505600,
  "data_rep": 0,
  "materialize_join": false,
  "timing_ms": {
    "T_lift": 0.948599,
    "T_tree": 13.8972,
    "T_build": 14.846,
    "T_count_query": 200.671,
    "T_left_dist": 1.1469,
    "T_count": 201.818,
    "T_search_scan": 222.761,
    "T_plan_left": 5.05062,
    "T_group": 12.4853,
    "T_decompose": 217.469,
    "T_local_dist": 17.0226,
    "T_emit": 8.33335,
    "T_sample": 269.058
  },
  "build": {
    "tree_height": 16,
    "max_depth": 15,
    "avg_node_depth": 13.6896,
    "node_count": 50000
  },
  "count": {
    "exact_join_size": 1009855,
    "alpha_actual": 10.0985,
    "w":     {
      "count": 50000,
      "weight_sum": 50000,
      "min": 0,
      "max": 78,
      "mean": 20.1971,
      "median": 20,
      "p90": 28,
      "p99": 37
    },
    "V_count":     {
      "count": 50000,
      "weight_sum": 50000,
      "min": 38,
      "max": 598,
      "mean": 209.298,
      "median": 198,
      "p90": 317,
      "p99": 426
    },
    "P_count":     {
      "count": 50000,
      "weight_sum": 50000,
      "min": 16,
      "max": 276,
      "mean": 92.5252,
      "median": 87,
      "p90": 144,
      "p99": 195.01
    },
    "C_count":     {
      "count": 50000,
      "weight_sum": 50000,
      "min": 0,
      "max": 30,
      "mean": 6.78732,
      "median": 7,
      "p90": 10,
      "p99": 14
    },
    "H_count":     {
      "count": 50000,
      "weight_sum": 50000,
      "min": 19,
      "max": 324,
      "mean": 109.986,
      "median": 105,
      "p90": 165,
      "p99": 221
    },
    "S_prune":     {
      "count": 50000,
      "weight_sum": 50000,
      "min": 49394,
      "max": 49962,
      "mean": 49787.9,
      "median": 49799,
      "p90": 49880,
      "p99": 49922
    },
    "S_contain":     {
      "count": 50000,
      "weight_sum": 50000,
      "min": 0,
      "max": 18,
      "mean": 2.81714,
      "median": 2,
      "p90": 6,
      "p99": 10
    },
    "D_count_max":     {
      "count": 50000,
      "weight_sum": 50000,
      "min": 14,
      "max": 15,
      "mean": 14.9999,
      "median": 15,
      "p90": 15,
      "p99": 15
    }
  },
  "search_equal": {
    "V_search":     {
      "count": 50000,
      "weight_sum": 50000,
      "min": 37,
      "max": 587,
      "mean": 202.511,
      "median": 191,
      "p90": 309,
      "p99": 417
    },
    "P_search":     {
      "count": 50000,
      "weight_sum": 50000,
      "min": 16,
      "max": 276,
      "mean": 92.5252,
      "median": 87,
      "p90": 144,
      "p99": 195.01
    },
    "B_mid":     {
      "count": 50000,
      "weight_sum": 50000,
      "min": 0,
      "max": 39,
      "mean": 10.5926,
      "median": 10,
      "p90": 16,
      "p99": 21
    },
    "B_leaf":     {
      "count": 50000,
      "weight_sum": 50000,
      "min": 0,
      "max": 0,
      "mean": 0,
      "median": 0,
      "p90": 0,
      "p99": 0
    },
    "B_subtree":     {
      "count": 50000,
      "weight_sum": 50000,
      "min": 0,
      "max": 30,
      "mean": 6.78732,
      "median": 7,
      "p90": 10,
      "p99": 14
    },
    "m":     {
      "count": 50000,
      "weight_sum": 50000,
      "min": 0,
      "max": 69,
      "mean": 17.38,
      "median": 17,
      "p90": 24,
      "p99": 32
    },
    "M_point":     {
      "count": 50000,
      "weight_sum": 50000,
      "min": 0,
      "max": 39,
      "mean": 10.5926,
      "median": 10,
      "p90": 16,
      "p99": 21
    },
    "M_subtree":     {
      "count": 50000,
      "weight_sum": 50000,
      "min": 0,
      "max": 39,
      "mean": 9.60446,
      "median": 9,
      "p90": 15,
      "p99": 21
    },
    "rho":     {
      "count": 49998,
      "weight_sum": 49998,
      "min": 1,
      "max": 6,
      "mean": 1.16955,
      "median": 1.14286,
      "p90": 1.33333,
      "p99": 1.66667
    },
    "sigma":     {
      "count": 49998,
      "weight_sum": 49998,
      "min": 0,
      "max": 1,
      "mean": 0.472481,
      "median": 0.473684,
      "p90": 0.636364,
      "p99": 0.777778
    },
    "avg_subtree_mass":     {
      "count": 49880,
      "weight_sum": 49880,
      "min": 1,
      "max": 11,
      "mean": 1.43928,
      "median": 1.36364,
      "p90": 1.85714,
      "p99": 2.66667
    }
  },
  "search_weighted": {
    "V_search":     {
      "count": 49998,
      "weight_sum": 1.00986e+06,
      "min": 37,
      "max": 587,
      "mean": 211.274,
      "median": 201,
      "p90": 319,
      "p99": 428
    },
    "P_search":     {
      "count": 49998,
      "weight_sum": 1.00986e+06,
      "min": 16,
      "max": 276,
      "mean": 96.2259,
      "median": 91,
      "p90": 148,
      "p99": 200
    },
    "B_mid":     {
      "count": 49998,
      "weight_sum": 1.00986e+06,
      "min": 0,
      "max": 39,
      "mean": 11.5411,
      "median": 11,
      "p90": 17,
      "p99": 23
    },
    "B_leaf":     {
      "count": 49998,
      "weight_sum": 1.00986e+06,
      "min": 0,
      "max": 0,
      "mean": 0,
      "median": 0,
      "p90": 0,
      "p99": 0
    },
    "B_subtree":     {
      "count": 49998,
      "weight_sum": 1.00986e+06,
      "min": 0,
      "max": 30,
      "mean": 7.40663,
      "median": 7,
      "p90": 11,
      "p99": 15
    },
    "m":     {
      "count": 49998,
      "weight_sum": 1.00986e+06,
      "min": 1,
      "max": 69,
      "mean": 18.9478,
      "median": 19,
      "p90": 26,
      "p99": 35
    },
    "M_point":     {
      "count": 49998,
      "weight_sum": 1.00986e+06,
      "min": 0,
      "max": 39,
      "mean": 11.5411,
      "median": 11,
      "p90": 17,
      "p99": 23
    },
    "M_subtree":     {
      "count": 49998,
      "weight_sum": 1.00986e+06,
      "min": 0,
      "max": 39,
      "mean": 10.5821,
      "median": 10,
      "p90": 16,
      "p99": 22
    },
    "rho":     {
      "count": 49998,
      "weight_sum": 1.00986e+06,
      "min": 1,
      "max": 6,
      "mean": 1.17563,
      "median": 1.14286,
      "p90": 1.34783,
      "p99": 1.64706
    },
    "sigma":     {
      "count": 49998,
      "weight_sum": 1.00986e+06,
      "min": 0,
      "max": 1,
      "mean": 0.475537,
      "median": 0.47619,
      "p90": 0.631579,
      "p99": 0.761905
    },
    "avg_subtree_mass":     {
      "count": 49880,
      "weight_sum": 1.00905e+06,
      "min": 1,
      "max": 11,
      "mean": 1.45395,
      "median": 1.375,
      "p90": 1.85714,
      "p99": 2.66667
    }
  },
  "sample": {
    "t": 200000,
    "chunk_size": 2000000,
    "num_chunks": 1,
    "U_t": 48221,
    "G_t": 48221,
    "avg_repeat_global": 4.14757,
    "avg_group_size_exec": 4.14757,
    "samples_per_sec": 743335,
    "ns_per_sample": 1345.29,
    "checksum": 9546871368883752997,
    "group_size_equal":     {
      "count": 48221,
      "weight_sum": 48221,
      "min": 1,
      "max": 19,
      "mean": 4.14757,
      "median": 4,
      "p90": 7,
      "p99": 11
    },
    "group_size_sample_weighted":     {
      "count": 48221,
      "weight_sum": 200000,
      "min": 1,
      "max": 19,
      "mean": 5.3869,
      "median": 5,
      "p90": 9,
      "p99": 12
    },
    "K_point_equal":     {
      "count": 48221,
      "weight_sum": 48221,
      "min": 0,
      "max": 14,
      "mean": 2.17758,
      "median": 2,
      "p90": 4,
      "p99": 7
    },
    "K_point_sample_weighted":     {
      "count": 48221,
      "weight_sum": 200000,
      "min": 0,
      "max": 14,
      "mean": 2.81533,
      "median": 3,
      "p90": 5,
      "p99": 8
    },
    "K_subtree_equal":     {
      "count": 48221,
      "weight_sum": 48221,
      "min": 0,
      "max": 12,
      "mean": 1.96999,
      "median": 2,
      "p90": 4,