{
  "run_id": "density_d4_N50000_a1_t200000_F0_rep2",
  "network": "density",
  "preset": "TH",
  "family": "F0",
  "dim": 4,
  "N": 50000,
  "alpha_target": 1,
  "alpha_expected_est": 1.00934,
  "pair_intersection_prob_est": 4.03735e-05,
  "coverage": 0.116781,
  "data_seed": 4500098729377446141,
  "sample_seed": 1027086601222481191,
  "data_rep": 2,
  "materialize_join": false,
  "timing_ms": {
    "T_lift": 1.13281,
    "T_tree": 15.1685,
    "T_build": 16.3015,
    "T_count_query": 72.69,
    "T_left_dist": 1.02125,
    "T_count": 73.7113,
    "T_search_scan": 80.3988,
    "T_plan_left": 5.05401,
    "T_group": 12.7113,
    "T_decompose": 67.0424,
    "T_local_dist": 4.24965,
    "T_emit": 6.71501,
    "T_sample": 102.989
  },
  "build": {
    "tree_height": 16,
    "max_depth": 15,
    "avg_node_depth": 13.6896,
    "node_count": 50000
  },
  "count": {
    "exact_join_size": 100868,
    "alpha_actual": 1.00868,
    "w":     {
      "count": 50000,
      "weight_sum": 50000,
      "min": 0,
      "max": 10,
      "mean": 2.01736,
      "median": 2,
      "p90": 4,
      "p99": 6
    },
    "V_count":     {
      "count": 50000,
      "weight_sum": 50000,
      "min": 23,
      "max": 324,
      "mean": 67.9433,
      "median": 62,
      "p90": 105,
      "p99": 165
    },
    "P_count":     {
      "count": 50000,
      "weight_sum": 50000,
      "min": 12,
      "max": 159,
      "mean": 32.7284,
      "median": 30,
      "p90": 51,
      "p99": 80.01
    },
    "C_count":     {
      "count": 50000,
      "weight_sum": 50000,
      "min": 0,
      "max": 6,
      "mean": 0.69438,
      "median": 1,
      "p90": 2,
      "p99": 3
    },
    "H_count":     {
      "count": 50000,
      "weight_sum": 50000,
      "min": 11,
      "max": 164,
      "mean": 34.5206,
      "median": 31,
      "p90": 53,
      "p99": 84
    },
    "S_prune":     {
      "count": 50000,
      "weight_sum": 50000,
      "min": 49676,
      "max": 49977,
      "mean": 49932,
      "median": 49938,
      "p90": 49962,
      "p99": 49970
    },
    "S_contain":     {
      "count": 50000,
      "weight_sum": 50000,
      "min": 0,
      "max": 5,
      "mean": 0.09834,
      "median": 0,
      "p90": 0,
      "p99": 1
    },
    "D_count_max":     {
      "count": 50000,
      "weight_sum": 50000,
      "min": 11,
      "max": 15,
      "mean": 14.9248,
      "median": 15,
      "p90": 15,
      "p99": 15
    }
  },
  "search_equal": {
    "V_search":     {
      "count": 50000,
      "weight_sum": 50000,
      "min": 23,
      "max": 323,
      "mean": 67.249,
      "median": 61,
      "p90": 104,
      "p99": 164
    },
    "P_search":     {
      "count": 50000,
      "weight_sum": 50000,
      "min": 12,
      "max": 159,
      "mean": 32.7284,
      "median": 30,
      "p90": 51,
      "p99": 80.01
    },
    "B_mid":     {
      "count": 50000,
      "weight_sum": 50000,
      "min": 0,
      "max": 7,
      "mean": 1.22464,
      "median": 1,
      "p90": 3,
      "p99": 4
    },
    "B_leaf":     {
      "count": 50000,
      "weight_sum": 50000,
      "min": 0,
      "max": 0,
      "mean": 0,
      "median": 0,
      "p90": 0,
      "p99": 0
    },
    "B_subtree":     {
      "count": 50000,
      "weight_sum": 50000,
      "min": 0,
      "max": 6,
      "mean": 0.69438,
      "median": 1,
      "p90": 2,
      "p99": 3
    },
    "m":     {
      "count": 50000,
      "weight_sum": 50000,
      "min": 0,
      "max": 9,
      "mean": 1.91902,
      "median": 2,
      "p90": 4,
      "p99": 6
    },
    "M_point":     {
      "count": 50000,
      "weight_sum": 50000,
      "min": 0,
      "max": 7,
      "mean": 1.22464,
      "median": 1,
      "p90": 3,
      "p99": 4
    },
    "M_subtree":     {
      "count": 50000,
      "weight_sum": 50000,
      "min": 0,
      "max": 7,
      "mean": 0.79272,
      "median": 1,
      "p90": 2,
      "p99": 4
    },
    "rho":     {
      "count": 42920,
      "weight_sum": 42920,
      "min": 1,
      "max": 5,
      "mean": 1.05382,
      "median": 1,
      "p90": 1.2,
      "p99": 2
    },
    "sigma":     {
      "count": 42920,
      "weight_sum": 42920,
      "min": 0,
      "max": 1,
      "mean": 0.379682,
      "median": 0.333333,
      "p90": 1,
      "p99": 1
    },
    "avg_subtree_mass":     {
      "count": 25672,
      "weight_sum": 25672,
      "min": 1,
      "max": 5,
      "mean": 1.14464,
      "median": 1,
      "p90": 2,
      "p99": 2
    }
  },
  "search_weighted": {
    "V_search":     {
      "count": 42920,
      "weight_sum": 100868,
      "min": 25,
      "max": 323,
      "mean": 69.5071,
      "median": 63,
      "p90": 107,
      "p99": 169
    },
    "P_search":     {
      "count": 42920,
      "weight_sum": 100868,
      "min": 13,
      "max": 159,
      "mean": 33.4655,
      "median": 30,
      "p90": 52,
      "p99": 83
    },
    "B_mid":     {
      "count": 42920,
      "weight_sum": 100868,
      "min": 0,
      "max": 7,
      "mean": 1.82622,
      "median": 2,
      "p90": 3,
      "p99": 5
    },
    "B_leaf":     {
      "count": 42920,
      "weight_sum": 100868,
      "min": 0,
      "max": 0,
      "mean": 0,
      "median": 0,
      "p90": 0,
      "p99": 0
    },
    "B_subtree":     {
      "count": 42920,
      "weight_sum": 100868,
      "min": 0,
      "max": 6,
      "mean": 1.05402,
      "median": 1,
      "p90": 2,
      "p99": 4
    },
    "m":     {
      "count": 42920,
      "weight_sum": 100868,
      "min": 1,
      "max": 9,
      "mean": 2.88024,
      "median": 3,
      "p90": 5,
      "p99": 7
    },
    "M_point":     {
      "count": 42920,
      "weight_sum": 100868,
      "min": 0,
      "max": 7,
      "mean": 1.82622,
      "median": 2,
      "p90": 3,
      "p99": 5
    },
    "M_subtree":     {
      "count": 42920,
      "weight_sum": 100868,
      "min": 0,
      "max": 7,
      "mean": 1.24298,
      "median": 1,
      "p90": 3,
      "p99": 4
    },
    "rho":     {
      "count": 42920,
      "weight_sum": 100868,
      "min": 1,
      "max": 5,
      "mean": 1.07378,
      "median": 1,
      "p90": 1.33333,
      "p99": 2
    },
    "sigma":     {
      "count": 42920,
      "weight_sum": 100868,
      "min": 0,
      "max": 1,
      "mean": 0.392949,
      "median": 0.375,
      "p90": 1,
      "p99": 1
    },
    "avg_subtree_mass":     {
      "count": 25672,
      "weight_sum": 70701,
      "min": 1,
      "max": 5,
      "mean": 1.1882,
      "median": 1,
      "p90": 2,
      "p99": 2
    }
  },
  "sample": {
    "t": 200000,
    "chunk_size": 2000000,
    "num_chunks": 1,
    "U_t": 40763,
    "G_t": 40763,
    "avg_repeat_global": 4.90641,
    "avg_group_size_exec": 4.90641,
    "samples_per_sec": 1.94196e+06,
    "ns_per_sample": 514.943,
    "checksum": 15435132424592867617,
    "group_size_equal":     {
      "count": 40763,
      "weight_sum": 40763,
      "min": 1,
      "max": 32,
      "mean": 4.90641,
      "median": 4,
      "p90": 9,
      "p99": 15
    },
    "group_size_sample_weighted":     {
      "count": 40763,
      "weight_sum": 200000,
      "min": 1,
      "max": 32,
      "mean": 7.09632,
      "median": 7,
      "p90": 12,
      "p99": 18
    },
    "K_point_equal":     {
      "count": 40763,
      "weight_sum": 40763,
      "min": 0,
      "max": 26,
      "mean": 2.97463,
      "median": 2,
      "p90": 7,
      "p99": 12
    },
    "K_point_sample_weighted":     {
      "count": 40763,
      "weight_sum": 200000,
      "min": 0,
      "max": 26,
      "mean": 4.23819,
      "median": 4,
      "p90": 9,
      "p99": 14
    },
    "K_subtree_equal":     {
      "count": 40763,
      "weight_sum": 40763,
      "min": 0,
      "max": 19,
      "mean": 1.93178,
      "median": 1,
      "p90": 5,
      "p99": 10
    },
    "K_subtree_sample_weighted":     {
      "count": 40763,
      "weight_sum": 200000,
      "min": 0,
      "max": 19,
      "mean": 2.85813,
      "median": 2,
      "p90": 7,