{
  "run_id": "density_d3_N50000_a0p1_t200000_F1_rep0",
  "network": "density",
  "preset": "TH",
  "family": "F1",
  "dim": 3,
  "N": 50000,
  "alpha_target": 0.1,
  "alpha_expected_est": 0.101206,
  "pair_intersection_prob_est": 4.04825e-06,
  "coverage": 0.0186585,
  "data_seed": 4208601102237077163,
  "sample_seed": 749505523018635942,
  "data_rep": 0,
  "materialize_join": false,
  "timing_ms": {
    "T_lift": 0.637477,
    "T_tree": 13.806,
    "T_build": 14.4437,
    "T_count_query": 32.0762,
    "T_left_dist": 0.845262,
    "T_count": 32.9217,
    "T_search_scan": 33.129,
    "T_plan_left": 4.52419,
    "T_group": 13.278,
    "T_decompose": 7.35442,
    "T_local_dist": 0.717578,
    "T_emit": 4.91063,
    "T_sample": 33.445
  },
  "build": {
    "tree_height": 16,
    "max_depth": 15,
    "avg_node_depth": 13.6896,
    "node_count": 50000
  },
  "count": {
    "exact_join_size": 10278,
    "alpha_actual": 0.10278,
    "w":     {
      "count": 50000,
      "weight_sum": 50000,
      "min": 0,
      "max": 4,
      "mean": 0.20556,
      "median": 0,
      "p90": 1,
      "p99": 2
    },
    "V_count":     {
      "count": 50000,
      "weight_sum": 50000,
      "min": 17,
      "max": 162,
      "mean": 39.2241,
      "median": 37,
      "p90": 53,
      "p99": 76
    },
    "P_count":     {
      "count": 50000,
      "weight_sum": 50000,
      "min": 9,
      "max": 81,
      "mean": 19.8116,
      "median": 19,
      "p90": 27,
      "p99": 38
    },
    "C_count":     {
      "count": 50000,
      "weight_sum": 50000,
      "min": 0,
      "max": 2,
      "mean": 0.06972,
      "median": 0,
      "p90": 0,
      "p99": 1
    },
    "H_count":     {
      "count": 50000,
      "weight_sum": 50000,
      "min": 8,
      "max": 81,
      "mean": 19.3428,
      "median": 18,
      "p90": 26,
      "p99": 38
    },
    "S_prune":     {
      "count": 50000,
      "weight_sum": 50000,
      "min": 49838,
      "max": 49983,
      "mean": 49960.8,
      "median": 49963,
      "p90": 49971,
      "p99": 49975
    },
    "S_contain":     {
      "count": 50000,
      "weight_sum": 50000,
      "min": 0,
      "max": 2,
      "mean": 0.00296,
      "median": 0,
      "p90": 0,
      "p99": 0
    },
    "D_count_max":     {
      "count": 50000,
      "weight_sum": 50000,
      "min": 8,
      "max": 15,
      "mean": 14.2447,
      "median": 14,
      "p90": 15,
      "p99": 15
    }
  },
  "search_equal": {
    "V_search":     {
      "count": 50000,
      "weight_sum": 50000,
      "min": 17,
      "max": 162,
      "mean": 39.1544,
      "median": 37,
      "p90": 53,
      "p99": 76
    },
    "P_search":     {
      "count": 50000,
      "weight_sum": 50000,
      "min": 9,
      "max": 81,
      "mean": 19.8116,
      "median": 19,
      "p90": 27,
      "p99": 38
    },
    "B_mid":     {
      "count": 50000,
      "weight_sum": 50000,
      "min": 0,
      "max": 3,
      "mean": 0.13288,
      "median": 0,
      "p90": 1,
      "p99": 1
    },
    "B_leaf":     {
      "count": 50000,
      "weight_sum": 50000,
      "min": 0,
      "max": 0,
      "mean": 0,
      "median": 0,
      "p90": 0,
      "p99": 0
    },
    "B_subtree":     {
      "count": 50000,
      "weight_sum": 50000,
      "min": 0,
      "max": 2,
      "mean": 0.06972,
      "median": 0,
      "p90": 0,
      "p99": 1
    },
    "m":     {
      "count": 50000,
      "weight_sum": 50000,
      "min": 0,
      "max": 3,
      "mean": 0.2026,
      "median": 0,
      "p90": 1,
      "p99": 2
    },
    "M_point":     {
      "count": 50000,
      "weight_sum": 50000,
      "min": 0,
      "max": 3,
      "mean": 0.13288,
      "median": 0,
      "p90": 1,
      "p99": 1
    },
    "M_subtree":     {
      "count": 50000,
      "weight_sum": 50000,
      "min": 0,
      "max": 3,
      "mean": 0.07268,
      "median": 0,
      "p90": 0,
      "p99": 1
    },
    "rho":     {
      "count": 9313,
      "weight_sum": 9313,
      "min": 1,
      "max": 3,
      "mean": 1.01512,
      "median": 1,
      "p90": 1,
      "p99": 2
    },
    "sigma":     {
      "count": 9313,
      "weight_sum": 9313,
      "min": 0,
      "max": 1,
      "mean": 0.346791,
      "median": 0,
      "p90": 1,
      "p99": 1
    },
    "avg_subtree_mass":     {
      "count": 3416,
      "weight_sum": 3416,
      "min": 1,
      "max": 3,
      "mean": 1.04289,
      "median": 1,
      "p90": 1,
      "p99": 2
    }
  },
  "search_weighted": {
    "V_search":     {
      "count": 9313,
      "weight_sum": 10278,
      "min": 23,
      "max": 148,
      "mean": 41.0391,
      "median": 38,
      "p90": 56,
      "p99": 79
    },
    "P_search":     {
      "count": 9313,
      "weight_sum": 10278,
      "min": 12,
      "max": 74,
      "mean": 20.3516,
      "median": 19,
      "p90": 28,
      "p99": 39
    },
    "B_mid":     {
      "count": 9313,
      "weight_sum": 10278,
      "min": 0,
      "max": 3,
      "mean": 0.762113,
      "median": 1,
      "p90": 1,
      "p99": 2
    },
    "B_leaf":     {
      "count": 9313,
      "weight_sum": 10278,
      "min": 0,
      "max": 0,
      "mean": 0,
      "median": 0,
      "p90": 0,
      "p99": 0
    },
    "B_subtree":     {
      "count": 9313,
      "weight_sum": 10278,
      "min": 0,
      "max": 2,
      "mean": 0.406499,
      "median": 0,
      "p90": 1,
      "p99": 2
    },
    "m":     {
      "count": 9313,
      "weight_sum": 10278,
      "min": 1,
      "max": 3,
      "mean": 1.16861,
      "median": 1,
      "p90": 2,
      "p99": 3
    },
    "M_point":     {
      "count": 9313,
      "weight_sum": 10278,
      "min": 0,
      "max": 3,
      "mean": 0.762113,
      "median": 1,
      "p90": 1,
      "p99": 2
    },
    "M_subtree":     {
      "count": 9313,
      "weight_sum": 10278,
      "min": 0,
      "max": 3,
      "mean": 0.436953,
      "median": 0,
      "p90": 1,
      "p99": 2
    },
    "rho":     {
      "count": 9313,
      "weight_sum": 10278,
      "min": 1,
      "max": 3,
      "mean": 1.0283,
      "median": 1,
      "p90": 1,
      "p99": 2
    },
    "sigma":     {
      "count": 9313,
      "weight_sum": 10278,
      "min": 0,
      "max": 1,
      "mean": 0.353571,
      "median": 0,
      "p90": 1,
      "p99": 1
    },
    "avg_subtree_mass":     {
      "count": 3416,
      "weight_sum": 4027,
      "min": 1,
      "max": 3,
      "mean": 1.07661,
      "median": 1,
      "p90": 1,
      "p99": 2
    }
  },
  "sample": {
    "t": 200000,
    "chunk_size": 2000000,
    "num_chunks": 1,
    "U_t": 9313,
    "G_t": 9313,
    "avg_repeat_global": 21.4754,
    "avg_group_size_exec": 21.4754,
    "samples_per_sec": 5.97997e+06,
    "ns_per_sample": 167.225,
    "checksum": 9373121093888405186,
    "group_size_equal":     {
      "count": 9313,
      "weight_sum": 9313,
      "min": 6,
      "max": 78,
      "mean": 21.4754,
      "median": 20,
      "p90": 30,
      "p99": 50
    },
    "group_size_sample_weighted":     {
      "count": 9313,
      "weight_sum": 200000,
      "min": 6,
      "max": 78,
      "mean": 24.3701,
      "median": 22,
      "p90": 40,
      "p99": 59
    },
    "K_point_equal":     {
      "count": 9313,
      "weight_sum": 9313,
      "min": 0,
      "max": 73,
      "mean": 13.8938,
      "median": 17,
      "p90": 25,
      "p99": 44
    },
    "K_point_sample_weighted":     {
      "count": 9313,
      "weight_sum": 200000,
      "min": 0,
      "max": 73,
      "mean": 15.5238,
      "median": 18,
      "p90": 28,
      "p99": 49
    },
    "K_subtree_equal":     {
      "count": 9313,
      "weight_sum": 9313,
      "min": 0,
      "max": 66,
      "mean": 7.58155,
      "median": 0,
      "p90": 23,
      "p99": 40
    },
    "K_subtree_sample_weighted":     {
      "count": 9313,
      "weight_sum": 200000,
      "min": 0,
      "max": 66,
      "mean": 8.84633,
      "median": 0,
      "p90": 25,
      "p99": 45
    }
  },