{
  "run_id": "density_d4_N50000_a0p1_t200000_F0_rep1",
  "network": "density",
  "preset": "TH",
  "family": "F0",
  "dim": 4,
  "N": 50000,
  "alpha_target": 0.1,
  "alpha_expected_est": 0.101353,
  "pair_intersection_prob_est": 4.0541e-06,
  "coverage": 0.0121223,
  "data_seed": 4091281248027970058,
  "sample_seed": 7281288688918469617,
  "data_rep": 1,
  "materialize_join": false,
  "timing_ms": {
    "T_lift": 1.25901,
    "T_tree": 11.9933,
    "T_build": 13.2525,
    "T_count_query": 41.7407,
    "T_left_dist": 0.747504,
    "T_count": 42.4884,
    "T_search_scan": 44.2903,
    "T_plan_left": 4.16382,
    "T_group": 13.0922,
    "T_decompose": 9.45232,
    "T_local_dist": 0.739714,
    "T_emit": 4.92149,
    "T_sample": 35.1741
  },
  "build": {
    "tree_height": 16,
    "max_depth": 15,
    "avg_node_depth": 13.6896,
    "node_count": 50000
  },
  "count": {
    "exact_join_size": 10325,
    "alpha_actual": 0.10325,
    "w":     {
      "count": 50000,
      "weight_sum": 50000,
      "min": 0,
      "max": 3,
      "mean": 0.2065,
      "median": 0,
      "p90": 1,
      "p99": 2
    },
    "V_count":     {
      "count": 50000,
      "weight_sum": 50000,
      "min": 21,
      "max": 232,
      "mean": 42.7632,
      "median": 39,
      "p90": 62,
      "p99": 99
    },
    "P_count":     {
      "count": 50000,
      "weight_sum": 50000,
      "min": 11,
      "max": 115,
      "mean": 21.5679,
      "median": 20,
      "p90": 31,
      "p99": 49
    },
    "C_count":     {
      "count": 50000,
      "weight_sum": 50000,
      "min": 0,
      "max": 3,
      "mean": 0.07008,
      "median": 0,
      "p90": 0,
      "p99": 1
    },
    "H_count":     {
      "count": 50000,
      "weight_sum": 50000,
      "min": 10,
      "max": 116,
      "mean": 21.1252,
      "median": 19,
      "p90": 31,
      "p99": 49
    },
    "S_prune":     {
      "count": 50000,
      "weight_sum": 50000,
      "min": 49768,
      "max": 49979,
      "mean": 49957.2,
      "median": 49961,
      "p90": 49971,
      "p99": 49973
    },
    "S_contain":     {
      "count": 50000,
      "weight_sum": 50000,
      "min": 0,
      "max": 1,
      "mean": 0.00204,
      "median": 0,
      "p90": 0,
      "p99": 0
    },
    "D_count_max":     {
      "count": 50000,
      "weight_sum": 50000,
      "min": 10,
      "max": 15,
      "mean": 14.3292,
      "median": 14,
      "p90": 15,
      "p99": 15
    }
  },
  "search_equal": {
    "V_search":     {
      "count": 50000,
      "weight_sum": 50000,
      "min": 21,
      "max": 231,
      "mean": 42.6931,
      "median": 39,
      "p90": 62,
      "p99": 98
    },
    "P_search":     {
      "count": 50000,
      "weight_sum": 50000,
      "min": 11,
      "max": 115,
      "mean": 21.5679,
      "median": 20,
      "p90": 31,
      "p99": 49
    },
    "B_mid":     {
      "count": 50000,
      "weight_sum": 50000,
      "min": 0,
      "max": 3,
      "mean": 0.13438,
      "median": 0,
      "p90": 1,
      "p99": 1
    },
    "B_leaf":     {
      "count": 50000,
      "weight_sum": 50000,
      "min": 0,
      "max": 0,
      "mean": 0,
      "median": 0,
      "p90": 0,
      "p99": 0
    },
    "B_subtree":     {
      "count": 50000,
      "weight_sum": 50000,
      "min": 0,
      "max": 3,
      "mean": 0.07008,
      "median": 0,
      "p90": 0,
      "p99": 1
    },
    "m":     {
      "count": 50000,
      "weight_sum": 50000,
      "min": 0,
      "max": 3,
      "mean": 0.20446,
      "median": 0,
      "p90": 1,
      "p99": 2
    },
    "M_point":     {
      "count": 50000,
      "weight_sum": 50000,
      "min": 0,
      "max": 3,
      "mean": 0.13438,
      "median": 0,
      "p90": 1,
      "p99": 1
    },
    "M_subtree":     {
      "count": 50000,
      "weight_sum": 50000,
      "min": 0,
      "max": 3,
      "mean": 0.07212,
      "median": 0,
      "p90": 0,
      "p99": 1
    },
    "rho":     {
      "count": 9317,
      "weight_sum": 9317,
      "min": 1,
      "max": 2,
      "mean": 1.0102,
      "median": 1,
      "p90": 1,
      "p99": 1.5
    },
    "sigma":     {
      "count": 9317,
      "weight_sum": 9317,
      "min": 0,
      "max": 1,
      "mean": 0.345605,
      "median": 0,
      "p90": 1,
      "p99": 1
    },
    "avg_subtree_mass":     {
      "count": 3416,
      "weight_sum": 3416,
      "min": 1,
      "max": 2,
      "mean": 1.02957,
      "median": 1,
      "p90": 1,
      "p99": 2
    }
  },
  "search_weighted": {
    "V_search":     {
      "count": 9317,
      "weight_sum": 10325,
      "min": 25,
      "max": 231,
      "mean": 44.5245,
      "median": 40,
      "p90": 64,
      "p99": 102
    },
    "P_search":     {
      "count": 9317,
      "weight_sum": 10325,
      "min": 13,
      "max": 115,
      "mean": 22.0663,
      "median": 20,
      "p90": 32,
      "p99": 51
    },
    "B_mid":     {
      "count": 9317,
      "weight_sum": 10325,
      "min": 0,
      "max": 3,
      "mean": 0.778402,
      "median": 1,
      "p90": 1,
      "p99": 2
    },
    "B_leaf":     {
      "count": 9317,
      "weight_sum": 10325,
      "min": 0,
      "max": 0,
      "mean": 0,
      "median": 0,
      "p90": 0,
      "p99": 0
    },
    "B_subtree":     {
      "count": 9317,
      "weight_sum": 10325,
      "min": 0,
      "max": 3,
      "mean": 0.408136,
      "median": 0,
      "p90": 1,
      "p99": 2
    },
    "m":     {
      "count": 9317,
      "weight_sum": 10325,
      "min": 1,
      "max": 3,
      "mean": 1.18654,
      "median": 1,
      "p90": 2,
      "p99": 3
    },
    "M_point":     {
      "count": 9317,
      "weight_sum": 10325,
      "min": 0,
      "max": 3,
      "mean": 0.778402,
      "median": 1,
      "p90": 1,
      "p99": 2
    },
    "M_subtree":     {
      "count": 9317,
      "weight_sum": 10325,
      "min": 0,
      "max": 3,
      "mean": 0.429249,
      "median": 0,
      "p90": 1,
      "p99": 2
    },
    "rho":     {
      "count": 9317,
      "weight_sum": 10325,
      "min": 1,
      "max": 2,
      "mean": 1.01908,
      "median": 1,
      "p90": 1,
      "p99": 2
    },
    "sigma":     {
      "count": 9317,
      "weight_sum": 10325,
      "min": 0,
      "max": 1,
      "mean": 0.349249,
      "median": 0,
      "p90": 1,
      "p99": 1
    },
    "avg_subtree_mass":     {
      "count": 3416,
      "weight_sum": 4022,
      "min": 1,
      "max": 2,
      "mean": 1.05346,
      "median": 1,
      "p90": 1,
      "p99": 2
    }
  },
  "sample": {
    "t": 200000,
    "chunk_size": 2000000,
    "num_chunks": 1,
    "U_t": 9317,
    "G_t": 9317,
    "avg_repeat_global": 21.4661,
    "avg_group_size_exec": 21.4661,
    "samples_per_sec": 5.686e+06,
    "ns_per_sample": 175.87,
    "checksum": 13450873768636211988,
    "group_size_equal":     {
      "count": 9317,
      "weight_sum": 9317,
      "min": 6,
      "max": 77,
      "mean": 21.4661,
      "median": 20,
      "p90": 31,
      "p99": 48.84
    },
    "group_size_sample_weighted":     {
      "count": 9317,
      "weight_sum": 200000,
      "min": 6,
      "max": 77,
      "mean": 24.3071,
      "median": 22,
      "p90": 39,
      "p99": 57
    },
    "K_point_equal":     {
      "count": 9317,
      "weight_sum": 9317,
      "min": 0,
      "max": 65,
      "mean": 13.9796,
      "median": 17,
      "p90": 25,
      "p99": 44
    },
    "K_point_sample_weighted":     {
      "count": 9317,
      "weight_sum": 200000,
      "min": 0,
      "max": 65,
      "mean": 15.693,
      "median": 18,
      "p90": 29,
      "p99": 47
    },
    "K_subtree_equal":     {
      "count": 9317,
      "weight_sum": 9317,
      "min": 0,
      "max": 60,
      "mean": 7.48653,
      "median": 0,
      "p90": 22,
      "p99": 38
    },
    "K_subtree_sample_weighted":     {
      "count": 9317,
      "weight_sum": 200000,
      "min": 0,
      "max": 60,
      "mean": 8.61413,
      "median": 0,
      "p90": 24,
      "p99": 43
    }
  },