{
  "run_id": "density_d2_N50000_a10_t200000_F0_rep2",
  "network": "density",
  "preset": "TH",
  "family": "F0",
  "dim": 2,
  "N": 50000,
  "alpha_target": 10,
  "alpha_expected_est": 10.1002,
  "pair_intersection_prob_est": 0.00040401,
  "coverage": 5,
  "data_seed": 2026696054266577038,
  "sample_seed": 5897147155797429287,
  "data_rep": 2,
  "materialize_join": false,
  "timing_ms": {
    "T_lift": 0.776627,
    "T_tree": 14.0076,
    "T_build": 14.7845,
    "T_count_query": 41.5413,
    "T_left_dist": 1.18766,
    "T_count": 42.7292,
    "T_search_scan": 44.583,
    "T_plan_left": 4.92749,
    "T_group": 12.4785,
    "T_decompose": 45.0674,
    "T_local_dist": 13.5892,
    "T_emit": 8.16277,
    "T_sample": 91.9307
  },
  "build": {
    "tree_height": 16,
    "max_depth": 15,
    "avg_node_depth": 13.6896,
    "node_count": 50000
  },
  "count": {
    "exact_join_size": 1010724,
    "alpha_actual": 10.1072,
    "w":     {
      "count": 50000,
      "weight_sum": 50000,
      "min": 3,
      "max": 39,
      "mean": 20.2145,
      "median": 20,
      "p90": 26,
      "p99": 31
    },
    "V_count":     {
      "count": 50000,
      "weight_sum": 50000,
      "min": 25,
      "max": 128,
      "mean": 61.4013,
      "median": 60,
      "p90": 78,
      "p99": 95
    },
    "P_count":     {
      "count": 50000,
      "weight_sum": 50000,
      "min": 11,
      "max": 55,
      "mean": 24.2368,
      "median": 23,
      "p90": 32,
      "p99": 40
    },
    "C_count":     {
      "count": 50000,
      "weight_sum": 50000,
      "min": 1,
      "max": 12,
      "mean": 5.3527,
      "median": 5,
      "p90": 7,
      "p99": 9
    },
    "H_count":     {
      "count": 50000,
      "weight_sum": 50000,
      "min": 12,
      "max": 66,
      "mean": 31.8118,
      "median": 31,
      "p90": 40,
      "p99": 49
    },
    "S_prune":     {
      "count": 50000,
      "weight_sum": 50000,
      "min": 49865,
      "max": 49969,
      "mean": 49930.6,
      "median": 49932,
      "p90": 49946,
      "p99": 49957
    },
    "S_contain":     {
      "count": 50000,
      "weight_sum": 50000,
      "min": 0,
      "max": 30,
      "mean": 7.98432,
      "median": 7,
      "p90": 13,
      "p99": 17
    },
    "D_count_max":     {
      "count": 50000,
      "weight_sum": 50000,
      "min": 12,
      "max": 15,
      "mean": 14.9816,
      "median": 15,
      "p90": 15,
      "p99": 15
    }
  },
  "search_equal": {
    "V_search":     {
      "count": 50000,
      "weight_sum": 50000,
      "min": 24,
      "max": 121,
      "mean": 56.0486,
      "median": 55,
      "p90": 72,
      "p99": 89
    },
    "P_search":     {
      "count": 50000,
      "weight_sum": 50000,
      "min": 11,
      "max": 55,
      "mean": 24.2368,
      "median": 23,
      "p90": 32,
      "p99": 40
    },
    "B_mid":     {
      "count": 50000,
      "weight_sum": 50000,
      "min": 0,
      "max": 20,
      "mean": 6.87746,
      "median": 7,
      "p90": 10,
      "p99": 13
    },
    "B_leaf":     {
      "count": 50000,
      "weight_sum": 50000,
      "min": 0,
      "max": 0,
      "mean": 0,
      "median": 0,
      "p90": 0,
      "p99": 0
    },
    "B_subtree":     {
      "count": 50000,
      "weight_sum": 50000,
      "min": 1,
      "max": 12,
      "mean": 5.3527,
      "median": 5,
      "p90": 7,
      "p99": 9
    },
    "m":     {
      "count": 50000,
      "weight_sum": 50000,
      "min": 1,
      "max": 27,
      "mean": 12.2302,
      "median": 12,
      "p90": 17,
      "p99": 20
    },
    "M_point":     {
      "count": 50000,
      "weight_sum": 50000,
      "min": 0,
      "max": 20,
      "mean": 6.87746,
      "median": 7,
      "p90": 10,
      "p99": 13
    },
    "M_subtree":     {
      "count": 50000,
      "weight_sum": 50000,
      "min": 1,
      "max": 35,
      "mean": 13.337,
      "median": 13,
      "p90": 19,
      "p99": 23
    },
    "rho":     {
      "count": 50000,
      "weight_sum": 50000,
      "min": 1,
      "max": 12,
      "mean": 1.73438,
      "median": 1.6,
      "p90": 2.375,
      "p99": 3.4
    },
    "sigma":     {
      "count": 50000,
      "weight_sum": 50000,
      "min": 0.125,
      "max": 1,
      "mean": 0.654832,
      "median": 0.666667,
      "p90": 0.8,
      "p99": 0.9
    },
    "avg_subtree_mass":     {
      "count": 50000,
      "weight_sum": 50000,
      "min": 1,
      "max": 23,
      "mean": 2.68446,
      "median": 2.4,
      "p90": 4,
      "p99": 6.5
    }
  },
  "search_weighted": {
    "V_search":     {
      "count": 50000,
      "weight_sum": 1.01072e+06,
      "min": 24,
      "max": 121,
      "mean": 56.5485,
      "median": 55,
      "p90": 72,
      "p99": 89
    },
    "P_search":     {
      "count": 50000,
      "weight_sum": 1.01072e+06,
      "min": 11,
      "max": 55,
      "mean": 24.3544,
      "median": 24,
      "p90": 32,
      "p99": 40
    },
    "B_mid":     {
      "count": 50000,
      "weight_sum": 1.01072e+06,
      "min": 0,
      "max": 20,
      "mean": 7.13477,
      "median": 7,
      "p90": 10,
      "p99": 13
    },
    "B_leaf":     {
      "count": 50000,
      "weight_sum": 1.01072e+06,
      "min": 0,
      "max": 0,
      "mean": 0,
      "median": 0,
      "p90": 0,
      "p99": 0
    },
    "B_subtree":     {
      "count": 50000,
      "weight_sum": 1.01072e+06,
      "min": 1,
      "max": 12,
      "mean": 5.55205,
      "median": 6,
      "p90": 8,
      "p99": 9
    },
    "m":     {
      "count": 50000,
      "weight_sum": 1.01072e+06,
      "min": 1,
      "max": 27,
      "mean": 12.6868,
      "median": 13,
      "p90": 17,
      "p99": 21
    },
    "M_point":     {
      "count": 50000,
      "weight_sum": 1.01072e+06,
      "min": 0,
      "max": 20,
      "mean": 7.13477,
      "median": 7,
      "p90": 10,
      "p99": 13
    },
    "M_subtree":     {
      "count": 50000,
      "weight_sum": 1.01072e+06,
      "min": 1,
      "max": 35,
      "mean": 14.108,
      "median": 14,
      "p90": 19,
      "p99": 24
    },
    "rho":     {
      "count": 50000,
      "weight_sum": 1.01072e+06,
      "min": 1,
      "max": 12,
      "mean": 1.75524,
      "median": 1.63636,
      "p90": 2.375,
      "p99": 3.33333
    },
    "sigma":     {
      "count": 50000,
      "weight_sum": 1.01072e+06,
      "min": 0.125,
      "max": 1,
      "mean": 0.659776,
      "median": 0.666667,
      "p90": 0.8,
      "p99": 0.894737
    },
    "avg_subtree_mass":     {
      "count": 50000,
      "weight_sum": 1.01072e+06,
      "min": 1,
      "max": 23,
      "mean": 2.73033,
      "median": 2.42857,
      "p90": 4,
      "p99": 6.5
    }
  },
  "sample": {
    "t": 200000,
    "chunk_size": 2000000,
    "num_chunks": 1,
    "U_t": 48607,
    "G_t": 48607,
    "avg_repeat_global": 4.11463,
    "avg_group_size_exec": 4.11463,
    "samples_per_sec": 2.17555e+06,
    "ns_per_sample": 459.654,
    "checksum": 679529625270623669,
    "group_size_equal":     {
      "count": 48607,
      "weight_sum": 48607,
      "min": 1,
      "max": 17,
      "mean": 4.11463,
      "median": 4,
      "p90": 7,
      "p99": 10
    },
    "group_size_sample_weighted":     {
      "count": 48607,
      "weight_sum": 200000,
      "min": 1,
      "max": 17,
      "mean": 5.20733,
      "median": 5,
      "p90": 8,
      "p99": 11
    },
    "K_point_equal":     {
      "count": 48607,
      "weight_sum": 48607,
      "min": 0,
      "max": 9,
      "mean": 1.39657,
      "median": 1,
      "p90": 3,
      "p99": 5
    },
    "K_point_sample_weighted":     {
      "count": 48607,
      "weight_sum": 200000,
      "min": 0,
      "max": 9,
      "mean": 1.75298,
      "median": 2,
      "p90": 4,
      "p99": 6
    },
    "K_subtree_equal":     {
      "count": 48607,
      "weight_sum": 48607,
      "min": 0,
      "max": 15,
      "mean": 2.71807,
      "median": 2,
      "p90": 5,
      "p99": 8
    },
    "K_subtree_sample_weighted":     {
      "count": 48607,