{
  "run_id": "sample_size_d3_N50000_a10_t10000_F0_rep1",
  "network": "sample_size",
  "preset": "TH",
  "family": "F0",
  "dim": 3,
  "N": 50000,
  "alpha_target": 10,
  "alpha_expected_est": 10.0566,
  "pair_intersection_prob_est": 0.000402264,
  "coverage": 2.38242,
  "data_seed": 6212337619726424183,
  "sample_seed": 8310944553481973459,
  "data_rep": 1,
  "materialize_join": false,
  "timing_ms": {
    "T_lift": 2.02076,
    "T_tree": 14.3137,
    "T_build": 16.3348,
    "T_count_query": 95.6517,
    "T_left_dist": 1.14823,
    "T_count": 96.8,
    "T_search_scan": 104.979,
    "T_plan_left": 0.386558,
    "T_group": 0.420091,
    "T_decompose": 20.0254,
    "T_local_dist": 3.09027,
    "T_emit": 0.914081,
    "T_sample": 26.4145
  },
  "build": {
    "tree_height": 16,
    "max_depth": 15,
    "avg_node_depth": 13.6896,
    "node_count": 50000
  },
  "count": {
    "exact_join_size": 1005599,
    "alpha_actual": 10.056,
    "w":     {
      "count": 50000,
      "weight_sum": 50000,
      "min": 1,
      "max": 41,
      "mean": 20.112,
      "median": 20,
      "p90": 27,
      "p99": 32
    },
    "V_count":     {
      "count": 50000,
      "weight_sum": 50000,
      "min": 25,
      "max": 229,
      "mean": 100.247,
      "median": 98,
      "p90": 136,
      "p99": 174
    },
    "P_count":     {
      "count": 50000,
      "weight_sum": 50000,
      "min": 12,
      "max": 103,
      "mean": 40.985,
      "median": 39,
      "p90": 58,
      "p99": 76
    },
    "C_count":     {
      "count": 50000,
      "weight_sum": 50000,
      "min": 0,
      "max": 16,
      "mean": 6.2504,
      "median": 6,
      "p90": 9,
      "p99": 12
    },
    "H_count":     {
      "count": 50000,
      "weight_sum": 50000,
      "min": 12,
      "max": 121,
      "mean": 53.012,
      "median": 52,
      "p90": 72,
      "p99": 91
    },
    "S_prune":     {
      "count": 50000,
      "weight_sum": 50000,
      "min": 49765,
      "max": 49969,
      "mean": 49895,
      "median": 49897,
      "p90": 49929,
      "p99": 49950
    },
    "S_contain":     {
      "count": 50000,
      "weight_sum": 50000,
      "min": 0,
      "max": 23,
      "mean": 4.70932,
      "median": 4,
      "p90": 9,
      "p99": 13
    },
    "D_count_max":     {
      "count": 50000,
      "weight_sum": 50000,
      "min": 12,
      "max": 15,
      "mean": 14.9984,
      "median": 15,
      "p90": 15,
      "p99": 15
    }
  },
  "search_equal": {
    "V_search":     {
      "count": 50000,
      "weight_sum": 50000,
      "min": 24,
      "max": 223,
      "mean": 93.997,
      "median": 92,
      "p90": 129,
      "p99": 167
    },
    "P_search":     {
      "count": 50000,
      "weight_sum": 50000,
      "min": 12,
      "max": 103,
      "mean": 40.985,
      "median": 39,
      "p90": 58,
      "p99": 76
    },
    "B_mid":     {
      "count": 50000,
      "weight_sum": 50000,
      "min": 0,
      "max": 25,
      "mean": 9.15226,
      "median": 9,
      "p90": 13,
      "p99": 17
    },
    "B_leaf":     {
      "count": 50000,
      "weight_sum": 50000,
      "min": 0,
      "max": 0,
      "mean": 0,
      "median": 0,
      "p90": 0,
      "p99": 0
    },
    "B_subtree":     {
      "count": 50000,
      "weight_sum": 50000,
      "min": 0,
      "max": 16,
      "mean": 6.2504,
      "median": 6,
      "p90": 9,
      "p99": 12
    },
    "m":     {
      "count": 50000,
      "weight_sum": 50000,
      "min": 1,
      "max": 35,
      "mean": 15.4027,
      "median": 15,
      "p90": 21,
      "p99": 26
    },
    "M_point":     {
      "count": 50000,
      "weight_sum": 50000,
      "min": 0,
      "max": 25,
      "mean": 9.15226,
      "median": 9,
      "p90": 13,
      "p99": 17
    },
    "M_subtree":     {
      "count": 50000,
      "weight_sum": 50000,
      "min": 0,
      "max": 34,
      "mean": 10.9597,
      "median": 11,
      "p90": 16,
      "p99": 21
    },
    "rho":     {
      "count": 50000,
      "weight_sum": 50000,
      "min": 1,
      "max": 12,
      "mean": 1.33803,
      "median": 1.26316,
      "p90": 1.64286,
      "p99": 2.42857
    },
    "sigma":     {
      "count": 50000,
      "weight_sum": 50000,
      "min": 0,
      "max": 1,
      "mean": 0.541341,
      "median": 0.541667,
      "p90": 0.705882,
      "p99": 0.833333
    },
    "avg_subtree_mass":     {
      "count": 49965,
      "weight_sum": 49965,
      "min": 1,
      "max": 12,
      "mean": 1.8428,
      "median": 1.66667,
      "p90": 2.57143,
      "p99": 4.75
    }
  },
  "search_weighted": {
    "V_search":     {
      "count": 50000,
      "weight_sum": 1.0056e+06,
      "min": 24,
      "max": 223,
      "mean": 96.4015,
      "median": 94,
      "p90": 131,
      "p99": 168
    },
    "P_search":     {
      "count": 50000,
      "weight_sum": 1.0056e+06,
      "min": 12,
      "max": 103,
      "mean": 41.8487,
      "median": 40,
      "p90": 58,
      "p99": 77
    },
    "B_mid":     {
      "count": 50000,
      "weight_sum": 1.0056e+06,
      "min": 0,
      "max": 25,
      "mean": 9.71159,
      "median": 10,
      "p90": 14,
      "p99": 18
    },
    "B_leaf":     {
      "count": 50000,
      "weight_sum": 1.0056e+06,
      "min": 0,
      "max": 0,
      "mean": 0,
      "median": 0,
      "p90": 0,
      "p99": 0
    },
    "B_subtree":     {
      "count": 50000,
      "weight_sum": 1.0056e+06,
      "min": 0,
      "max": 16,
      "mean": 6.63253,
      "median": 7,
      "p90": 9,
      "p99": 12
    },
    "m":     {
      "count": 50000,
      "weight_sum": 1.0056e+06,
      "min": 1,
      "max": 35,
      "mean": 16.3441,
      "median": 16,
      "p90": 22,
      "p99": 26
    },
    "M_point":     {
      "count": 50000,
      "weight_sum": 1.0056e+06,
      "min": 0,
      "max": 25,
      "mean": 9.71159,
      "median": 10,
      "p90": 14,
      "p99": 18
    },
    "M_subtree":     {
      "count": 50000,
      "weight_sum": 1.0056e+06,
      "min": 0,
      "max": 34,
      "mean": 11.775,
      "median": 12,
      "p90": 17,
      "p99": 22
    },
    "rho":     {
      "count": 50000,
      "weight_sum": 1.0056e+06,
      "min": 1,
      "max": 12,
      "mean": 1.3469,
      "median": 1.27273,
      "p90": 1.66667,
      "p99": 2.375
    },
    "sigma":     {
      "count": 50000,
      "weight_sum": 1.0056e+06,
      "min": 0,
      "max": 1,
      "mean": 0.544935,
      "median": 0.545455,
      "p90": 0.7,
      "p99": 0.833333
    },
    "avg_subtree_mass":     {
      "count": 49965,
      "weight_sum": 1.00538e+06,
      "min": 1,
      "max": 12,
      "mean": 1.86479,
      "median": 1.66667,
      "p90": 2.6,
      "p99": 4.66667
    }
  },
  "sample": {
    "t": 10000,
    "chunk_size": 2000000,
    "num_chunks": 1,
    "U_t": 9071,
    "G_t": 9071,
    "avg_repeat_global": 1.10241,
    "avg_group_size_exec": 1.10241,
    "samples_per_sec": 378579,
    "ns_per_sample": 2641.45,
    "checksum": 6380017607966723447,
    "group_size_equal":     {
      "count": 9071,
      "weight_sum": 9071,
      "min": 1,
      "max": 5,
      "mean": 1.10241,
      "median": 1,
      "p90": 1,
      "p99": 2
    },
    "group_size_sample_weighted":     {
      "count": 9071,
      "weight_sum": 10000,
      "min": 1,
      "max": 5,
      "mean": 1.2018,
      "median": 1,
      "p90": 2,
      "p99": 3
    },
    "K_point_equal":     {
      "count": 9071,
      "weight_sum": 9071,
      "min": 0,
      "max": 3,
      "mean": 0.501268,
      "median": 0,
      "p90": 1,
      "p99": 2
    },
    "K_point_sample_weighted":     {
      "count": 9071,
      "weight_sum": 10000,
      "min": 0,
      "max": 3,
      "mean": 0.5482,
      "median": 0,
      "p90": 1,
      "p99": 2
    },
    "K_subtree_equal":     {
      "count": 9071,
      "weight_sum": 9071,
      "min": 0,
      "max": 4,
      "mean": 0.601147,
      "median": 1,
      "p90": 1,
      "p99": 2
    },