{
  "run_id": "input_size_d3_N100000_a10_t200000_F0_rep2",
  "network": "input_size",
  "preset": "TH",
  "family": "F0",
  "dim": 3,
  "N": 100000,
  "alpha_target": 10,
  "alpha_expected_est": 9.94657,
  "pair_intersection_prob_est": 0.000198931,
  "coverage": 2.38242,
  "data_seed": 4538178707583411027,
  "sample_seed": 7639978417554317807,
  "data_rep": 2,
  "materialize_join": false,
  "timing_ms": {
    "T_lift": 1.72365,
    "T_tree": 22.744,
    "T_build": 24.4678,
    "T_count_query": 204.84,
    "T_left_dist": 2.26024,
    "T_count": 207.101,
    "T_search_scan": 220.945,
    "T_plan_left": 5.88684,
    "T_group": 12.0664,
    "T_decompose": 192.713,
    "T_local_dist": 28.1277,
    "T_emit": 11.3904,
    "T_sample": 263.72
  },
  "build": {
    "tree_height": 17,
    "max_depth": 16,
    "avg_node_depth": 14.6895,
    "node_count": 100000
  },
  "count": {
    "exact_join_size": 1985698,
    "alpha_actual": 9.92849,
    "w":     {
      "count": 100000,
      "weight_sum": 100000,
      "min": 1,
      "max": 42,
      "mean": 19.857,
      "median": 20,
      "p90": 26,
      "p99": 32
    },
    "V_count":     {
      "count": 100000,
      "weight_sum": 100000,
      "min": 31,
      "max": 242,
      "mean": 104.271,
      "median": 104,
      "p90": 140,
      "p99": 176
    },
    "P_count":     {
      "count": 100000,
      "weight_sum": 100000,
      "min": 12,
      "max": 110,
      "mean": 43.1354,
      "median": 42,
      "p90": 60,
      "p99": 78
    },
    "C_count":     {
      "count": 100000,
      "weight_sum": 100000,
      "min": 0,
      "max": 18,
      "mean": 6.26928,
      "median": 6,
      "p90": 9,
      "p99": 11
    },
    "H_count":     {
      "count": 100000,
      "weight_sum": 100000,
      "min": 15,
      "max": 126,
      "mean": 54.8663,
      "median": 55,
      "p90": 73,
      "p99": 91
    },
    "S_prune":     {
      "count": 100000,
      "weight_sum": 100000,
      "min": 99754,
      "max": 99968,
      "mean": 99891.1,
      "median": 99892,
      "p90": 99927,
      "p99": 99948
    },
    "S_contain":     {
      "count": 100000,
      "weight_sum": 100000,
      "min": 0,
      "max": 25,
      "mean": 4.58138,
      "median": 4,
      "p90": 8,
      "p99": 13
    },
    "D_count_max":     {
      "count": 100000,
      "weight_sum": 100000,
      "min": 14,
      "max": 16,
      "mean": 15.9987,
      "median": 16,
      "p90": 16,
      "p99": 16
    }
  },
  "search_equal": {
    "V_search":     {
      "count": 100000,
      "weight_sum": 100000,
      "min": 28,
      "max": 236,
      "mean": 98.0017,
      "median": 97,
      "p90": 133,
      "p99": 168
    },
    "P_search":     {
      "count": 100000,
      "weight_sum": 100000,
      "min": 12,
      "max": 110,
      "mean": 43.1354,
      "median": 42,
      "p90": 60,
      "p99": 78
    },
    "B_mid":     {
      "count": 100000,
      "weight_sum": 100000,
      "min": 0,
      "max": 25,
      "mean": 9.00632,
      "median": 9,
      "p90": 13,
      "p99": 17
    },
    "B_leaf":     {
      "count": 100000,
      "weight_sum": 100000,
      "min": 0,
      "max": 0,
      "mean": 0,
      "median": 0,
      "p90": 0,
      "p99": 0
    },
    "B_subtree":     {
      "count": 100000,
      "weight_sum": 100000,
      "min": 0,
      "max": 18,
      "mean": 6.26928,
      "median": 6,
      "p90": 9,
      "p99": 11
    },
    "m":     {
      "count": 100000,
      "weight_sum": 100000,
      "min": 1,
      "max": 36,
      "mean": 15.2756,
      "median": 15,
      "p90": 20,
      "p99": 25
    },
    "M_point":     {
      "count": 100000,
      "weight_sum": 100000,
      "min": 0,
      "max": 25,
      "mean": 9.00632,
      "median": 9,
      "p90": 13,
      "p99": 17
    },
    "M_subtree":     {
      "count": 100000,
      "weight_sum": 100000,
      "min": 0,
      "max": 33,
      "mean": 10.8507,
      "median": 11,
      "p90": 16,
      "p99": 21
    },
    "rho":     {
      "count": 100000,
      "weight_sum": 100000,
      "min": 1,
      "max": 12,
      "mean": 1.32064,
      "median": 1.26667,
      "p90": 1.57143,
      "p99": 2.16667
    },
    "sigma":     {
      "count": 100000,
      "weight_sum": 100000,
      "min": 0,
      "max": 1,
      "mean": 0.543262,
      "median": 0.545455,
      "p90": 0.692308,
      "p99": 0.818182
    },
    "avg_subtree_mass":     {
      "count": 99973,
      "weight_sum": 99973,
      "min": 1,
      "max": 24,
      "mean": 1.7893,
      "median": 1.66667,
      "p90": 2.4,
      "p99": 4
    }
  },
  "search_weighted": {
    "V_search":     {
      "count": 100000,
      "weight_sum": 1.9857e+06,
      "min": 28,
      "max": 236,
      "mean": 99.9255,
      "median": 99,
      "p90": 134,
      "p99": 169
    },
    "P_search":     {
      "count": 100000,
      "weight_sum": 1.9857e+06,
      "min": 12,
      "max": 110,
      "mean": 43.7903,
      "median": 43,
      "p90": 60,
      "p99": 78
    },
    "B_mid":     {
      "count": 100000,
      "weight_sum": 1.9857e+06,
      "min": 0,
      "max": 25,
      "mean": 9.52526,
      "median": 9,
      "p90": 13,
      "p99": 17
    },
    "B_leaf":     {
      "count": 100000,
      "weight_sum": 1.9857e+06,
      "min": 0,
      "max": 0,
      "mean": 0,
      "median": 0,
      "p90": 0,
      "p99": 0
    },
    "B_subtree":     {
      "count": 100000,
      "weight_sum": 1.9857e+06,
      "min": 0,
      "max": 18,
      "mean": 6.62948,
      "median": 7,
      "p90": 9,
      "p99": 12
    },
    "m":     {
      "count": 100000,
      "weight_sum": 1.9857e+06,
      "min": 1,
      "max": 36,
      "mean": 16.1547,
      "median": 16,
      "p90": 21,
      "p99": 26
    },
    "M_point":     {
      "count": 100000,
      "weight_sum": 1.9857e+06,
      "min": 0,
      "max": 25,
      "mean": 9.52526,
      "median": 9,
      "p90": 13,
      "p99": 17
    },
    "M_subtree":     {
      "count": 100000,
      "weight_sum": 1.9857e+06,
      "min": 0,
      "max": 33,
      "mean": 11.6175,
      "median": 11,
      "p90": 16,
      "p99": 21
    },
    "rho":     {
      "count": 100000,
      "weight_sum": 1.9857e+06,
      "min": 1,
      "max": 12,
      "mean": 1.33051,
      "median": 1.27778,
      "p90": 1.58333,
      "p99": 2.18182
    },
    "sigma":     {
      "count": 100000,
      "weight_sum": 1.9857e+06,
      "min": 0,
      "max": 1,
      "mean": 0.546441,
      "median": 0.545455,
      "p90": 0.692308,
      "p99": 0.809524
    },
    "avg_subtree_mass":     {
      "count": 99973,
      "weight_sum": 1.98556e+06,
      "min": 1,
      "max": 24,
      "mean": 1.8129,
      "median": 1.66667,
      "p90": 2.42857,
      "p99": 4
    }
  },
  "sample": {
    "t": 200000,
    "chunk_size": 2000000,
    "num_chunks": 1,
    "U_t": 84495,
    "G_t": 84495,
    "avg_repeat_global": 2.367,
    "avg_group_size_exec": 2.367,
    "samples_per_sec": 758381,
    "ns_per_sample": 1318.6,
    "checksum": 17482852374448589224,
    "group_size_equal":     {
      "count": 84495,
      "weight_sum": 84495,
      "min": 1,
      "max": 11,
      "mean": 2.367,
      "median": 2,
      "p90": 4,
      "p99": 6
    },
    "group_size_sample_weighted":     {
      "count": 84495,
      "weight_sum": 200000,
      "min": 1,
      "max": 11,
      "mean": 3.1275,
      "median": 3,
      "p90": 5,
      "p99": 7
    },
    "K_point_equal":     {
      "count": 84495,
      "weight_sum": 84495,
      "min": 0,
      "max": 8,
      "mean": 1.07352,
      "median": 1,
      "p90": 2,
      "p99": 4
    },
    "K_point_sample_weighted":     {
      "count": 84495,
      "weight_sum": 200000,
      "min": 0,
      "max": 8,
      "mean": 1.4102,
      "median": 1,
      "p90": 3,
      "p99": 5
    },
    "K_subtree_equal":     {
      "count": 84495,
      "weight_sum": 84495,
      "min": 0,
      "max": 9,
      "mean": 1.29348,
      "median": 1,
      "p90": 3,