{
  "run_id": "density_d2_N50000_a0p1_t200000_F0_rep0",
  "network": "density",
  "preset": "TH",
  "family": "F0",
  "dim": 2,
  "N": 50000,
  "alpha_target": 0.1,
  "alpha_expected_est": 0.1001,
  "pair_intersection_prob_est": 4.004e-06,
  "coverage": 0.05,
  "data_seed": 7738192139193659308,
  "sample_seed": 2023727538934906217,
  "data_rep": 0,
  "materialize_join": false,
  "timing_ms": {
    "T_lift": 0.738173,
    "T_tree": 9.8672,
    "T_build": 10.6056,
    "T_count_query": 17.4219,
    "T_left_dist": 0.921867,
    "T_count": 18.344,
    "T_search_scan": 18.8139,
    "T_plan_left": 4.39228,
    "T_group": 13.1501,
    "T_decompose": 4.30919,
    "T_local_dist": 0.68545,
    "T_emit": 5.01228,
    "T_sample": 29.7903
  },
  "build": {
    "tree_height": 16,
    "max_depth": 15,
    "avg_node_depth": 13.6896,
    "node_count": 50000
  },
  "count": {
    "exact_join_size": 9965,
    "alpha_actual": 0.09965,
    "w":     {
      "count": 50000,
      "weight_sum": 50000,
      "min": 0,
      "max": 4,
      "mean": 0.1993,
      "median": 0,
      "p90": 1,
      "p99": 2
    },
    "V_count":     {
      "count": 50000,
      "weight_sum": 50000,
      "min": 15,
      "max": 63,
      "mean": 29.2806,
      "median": 29,
      "p90": 31,
      "p99": 43
    },
    "P_count":     {
      "count": 50000,
      "weight_sum": 50000,
      "min": 8,
      "max": 32,
      "mean": 14.9104,
      "median": 15,
      "p90": 16,
      "p99": 22
    },
    "C_count":     {
      "count": 50000,
      "weight_sum": 50000,
      "min": 0,
      "max": 3,
      "mean": 0.06834,
      "median": 0,
      "p90": 0,
      "p99": 1
    },
    "H_count":     {
      "count": 50000,
      "weight_sum": 50000,
      "min": 7,
      "max": 31,
      "mean": 14.3019,
      "median": 14,
      "p90": 15,
      "p99": 22
    },
    "S_prune":     {
      "count": 50000,
      "weight_sum": 50000,
      "min": 49937,
      "max": 49985,
      "mean": 49970.7,
      "median": 49971,
      "p90": 49973,
      "p99": 49977
    },
    "S_contain":     {
      "count": 50000,
      "weight_sum": 50000,
      "min": 0,
      "max": 1,
      "mean": 0.00504,
      "median": 0,
      "p90": 0,
      "p99": 0
    },
    "D_count_max":     {
      "count": 50000,
      "weight_sum": 50000,
      "min": 7,
      "max": 15,
      "mean": 13.8984,
      "median": 14,
      "p90": 15,
      "p99": 15
    }
  },
  "search_equal": {
    "V_search":     {
      "count": 50000,
      "weight_sum": 50000,
      "min": 15,
      "max": 63,
      "mean": 29.2122,
      "median": 29,
      "p90": 31,
      "p99": 43
    },
    "P_search":     {
      "count": 50000,
      "weight_sum": 50000,
      "min": 8,
      "max": 32,
      "mean": 14.9104,
      "median": 15,
      "p90": 16,
      "p99": 22
    },
    "B_mid":     {
      "count": 50000,
      "weight_sum": 50000,
      "min": 0,
      "max": 3,
      "mean": 0.12592,
      "median": 0,
      "p90": 1,
      "p99": 1
    },
    "B_leaf":     {
      "count": 50000,
      "weight_sum": 50000,
      "min": 0,
      "max": 0,
      "mean": 0,
      "median": 0,
      "p90": 0,
      "p99": 0
    },
    "B_subtree":     {
      "count": 50000,
      "weight_sum": 50000,
      "min": 0,
      "max": 3,
      "mean": 0.06834,
      "median": 0,
      "p90": 0,
      "p99": 1
    },
    "m":     {
      "count": 50000,
      "weight_sum": 50000,
      "min": 0,
      "max": 4,
      "mean": 0.19426,
      "median": 0,
      "p90": 1,
      "p99": 2
    },
    "M_point":     {
      "count": 50000,
      "weight_sum": 50000,
      "min": 0,
      "max": 3,
      "mean": 0.12592,
      "median": 0,
      "p90": 1,
      "p99": 1
    },
    "M_subtree":     {
      "count": 50000,
      "weight_sum": 50000,
      "min": 0,
      "max": 3,
      "mean": 0.07338,
      "median": 0,
      "p90": 0,
      "p99": 1
    },
    "rho":     {
      "count": 9045,
      "weight_sum": 9045,
      "min": 1,
      "max": 2,
      "mean": 1.02631,
      "median": 1,
      "p90": 1,
      "p99": 2
    },
    "sigma":     {
      "count": 9045,
      "weight_sum": 9045,
      "min": 0,
      "max": 1,
      "mean": 0.355869,
      "median": 0,
      "p90": 1,
      "p99": 1
    },
    "avg_subtree_mass":     {
      "count": 3395,
      "weight_sum": 3395,
      "min": 1,
      "max": 2,
      "mean": 1.07393,
      "median": 1,
      "p90": 1,
      "p99": 2
    }
  },
  "search_weighted": {
    "V_search":     {
      "count": 9045,
      "weight_sum": 9965,
      "min": 19,
      "max": 63,
      "mean": 30.4554,
      "median": 30,
      "p90": 34,
      "p99": 47
    },
    "P_search":     {
      "count": 9045,
      "weight_sum": 9965,
      "min": 10,
      "max": 32,
      "mean": 15.1621,
      "median": 15,
      "p90": 17,
      "p99": 23
    },
    "B_mid":     {
      "count": 9045,
      "weight_sum": 9965,
      "min": 0,
      "max": 3,
      "mean": 0.731862,
      "median": 1,
      "p90": 1,
      "p99": 2
    },
    "B_leaf":     {
      "count": 9045,
      "weight_sum": 9965,
      "min": 0,
      "max": 0,
      "mean": 0,
      "median": 0,
      "p90": 0,
      "p99": 0
    },
    "B_subtree":     {
      "count": 9045,
      "weight_sum": 9965,
      "min": 0,
      "max": 3,
      "mean": 0.411239,
      "median": 0,
      "p90": 1,
      "p99": 1
    },
    "m":     {
      "count": 9045,
      "weight_sum": 9965,
      "min": 1,
      "max": 4,
      "mean": 1.1431,
      "median": 1,
      "p90": 2,
      "p99": 2
    },
    "M_point":     {
      "count": 9045,
      "weight_sum": 9965,
      "min": 0,
      "max": 3,
      "mean": 0.731862,
      "median": 1,
      "p90": 1,
      "p99": 2
    },
    "M_subtree":     {
      "count": 9045,
      "weight_sum": 9965,
      "min": 0,
      "max": 3,
      "mean": 0.464626,
      "median": 0,
      "p90": 1,
      "p99": 2
    },
    "rho":     {
      "count": 9045,
      "weight_sum": 9965,
      "min": 1,
      "max": 2,
      "mean": 1.04917,
      "median": 1,
      "p90": 1,
      "p99": 2
    },
    "sigma":     {
      "count": 9045,
      "weight_sum": 9965,
      "min": 0,
      "max": 1,
      "mean": 0.368189,
      "median": 0,
      "p90": 1,
      "p99": 1
    },
    "avg_subtree_mass":     {
      "count": 3395,
      "weight_sum": 4045,
      "min": 1,
      "max": 2,
      "mean": 1.13078,
      "median": 1,
      "p90": 2,
      "p99": 2
    }
  },
  "sample": {
    "t": 200000,
    "chunk_size": 2000000,
    "num_chunks": 1,
    "U_t": 9045,
    "G_t": 9045,
    "avg_repeat_global": 22.1117,
    "avg_group_size_exec": 22.1117,
    "samples_per_sec": 6.71358e+06,
    "ns_per_sample": 148.952,
    "checksum": 6316083356727023412,
    "group_size_equal":     {
      "count": 9045,
      "weight_sum": 9045,
      "min": 4,
      "max": 87,
      "mean": 22.1117,
      "median": 20,
      "p90": 31,
      "p99": 50
    },
    "group_size_sample_weighted":     {
      "count": 9045,
      "weight_sum": 200000,
      "min": 4,
      "max": 87,
      "mean": 24.9916,
      "median": 22,
      "p90": 41,
      "p99": 60
    },
    "K_point_equal":     {
      "count": 9045,
      "weight_sum": 9045,
      "min": 0,
      "max": 69,
      "mean": 13.9532,
      "median": 17,
      "p90": 26,
      "p99": 43
    },
    "K_point_sample_weighted":     {
      "count": 9045,
      "weight_sum": 200000,
      "min": 0,
      "max": 69,
      "mean": 15.2758,
      "median": 18,
      "p90": 28,
      "p99": 48
    },
    "K_subtree_equal":     {
      "count": 9045,
      "weight_sum": 9045,
      "min": 0,
      "max": 69,
      "mean": 8.15843,
      "median": 0,
      "p90": 24,
      "p99": 43
    },
    "K_subtree_sample_weighted":     {
      "count": 9045,
      "weight_sum": 200000,
      "min": 0,
      "max": 69,
      "mean": 9.71584,
      "median": 0,
      "p90": 26,
      "p99": 48
    }
  },
  "checks": {
    "count_sum_matches": true,