{
  "run_id": "density_d3_N50000_a1_t200000_F0_rep0",
  "network": "density",
  "preset": "TH",
  "family": "F0",
  "dim": 3,
  "N": 50000,
  "alpha_target": 1,
  "alpha_expected_est": 0.99128,
  "pair_intersection_prob_est": 3.96512e-05,
  "coverage": 0.241642,
  "data_seed": 1303496104892539119,
  "sample_seed": 5975441365389070110,
  "data_rep": 0,
  "materialize_join": false,
  "timing_ms": {
    "T_lift": 0.905277,
    "T_tree": 15.739,
    "T_build": 16.6445,
    "T_count_query": 42.29,
    "T_left_dist": 1.10809,
    "T_count": 43.3983,
    "T_search_scan": 44.9914,
    "T_plan_left": 5.13423,
    "T_group": 12.5768,
    "T_decompose": 38.0293,
    "T_local_dist": 4.02671,
    "T_emit": 6.89076,
    "T_sample": 73.7272
  },
  "build": {
    "tree_height": 16,
    "max_depth": 15,
    "avg_node_depth": 13.6896,
    "node_count": 50000
  },
  "count": {
    "exact_join_size": 99029,
    "alpha_actual": 0.99029,
    "w":     {
      "count": 50000,
      "weight_sum": 50000,
      "min": 0,
      "max": 11,
      "mean": 1.98058,
      "median": 2,
      "p90": 4,
      "p99": 6
    },
    "V_count":     {
      "count": 50000,
      "weight_sum": 50000,
      "min": 23,
      "max": 172,
      "mean": 47.9539,
      "median": 45,
      "p90": 68,
      "p99": 98
    },
    "P_count":     {
      "count": 50000,
      "weight_sum": 50000,
      "min": 12,
      "max": 86,
      "mean": 23.0304,
      "median": 21,
      "p90": 33,
      "p99": 48
    },
    "C_count":     {
      "count": 50000,
      "weight_sum": 50000,
      "min": 0,
      "max": 5,
      "mean": 0.68518,
      "median": 1,
      "p90": 2,
      "p99": 3
    },
    "H_count":     {
      "count": 50000,
      "weight_sum": 50000,
      "min": 11,
      "max": 86,
      "mean": 24.2384,
      "median": 23,
      "p90": 35,
      "p99": 50
    },
    "S_prune":     {
      "count": 50000,
      "weight_sum": 50000,
      "min": 49828,
      "max": 49977,
      "mean": 49951.9,
      "median": 49955,
      "p90": 49968,
      "p99": 49971
    },
    "S_contain":     {
      "count": 50000,
      "weight_sum": 50000,
      "min": 0,
      "max": 5,
      "mean": 0.14648,
      "median": 0,
      "p90": 1,
      "p99": 1
    },
    "D_count_max":     {
      "count": 50000,
      "weight_sum": 50000,
      "min": 11,
      "max": 15,
      "mean": 14.8624,
      "median": 15,
      "p90": 15,
      "p99": 15
    }
  },
  "search_equal": {
    "V_search":     {
      "count": 50000,
      "weight_sum": 50000,
      "min": 23,
      "max": 172,
      "mean": 47.2687,
      "median": 44,
      "p90": 67,
      "p99": 97
    },
    "P_search":     {
      "count": 50000,
      "weight_sum": 50000,
      "min": 12,
      "max": 86,
      "mean": 23.0304,
      "median": 21,
      "p90": 33,
      "p99": 48
    },
    "B_mid":     {
      "count": 50000,
      "weight_sum": 50000,
      "min": 0,
      "max": 8,
      "mean": 1.14892,
      "median": 1,
      "p90": 3,
      "p99": 4
    },
    "B_leaf":     {
      "count": 50000,
      "weight_sum": 50000,
      "min": 0,
      "max": 0,
      "mean": 0,
      "median": 0,
      "p90": 0,
      "p99": 0
    },
    "B_subtree":     {
      "count": 50000,
      "weight_sum": 50000,
      "min": 0,
      "max": 5,
      "mean": 0.68518,
      "median": 1,
      "p90": 2,
      "p99": 3
    },
    "m":     {
      "count": 50000,
      "weight_sum": 50000,
      "min": 0,
      "max": 10,
      "mean": 1.8341,
      "median": 2,
      "p90": 4,
      "p99": 5
    },
    "M_point":     {
      "count": 50000,
      "weight_sum": 50000,
      "min": 0,
      "max": 8,
      "mean": 1.14892,
      "median": 1,
      "p90": 3,
      "p99": 4
    },
    "M_subtree":     {
      "count": 50000,
      "weight_sum": 50000,
      "min": 0,
      "max": 8,
      "mean": 0.83166,
      "median": 1,
      "p90": 2,
      "p99": 4
    },
    "rho":     {
      "count": 43070,
      "weight_sum": 43070,
      "min": 1,
      "max": 5,
      "mean": 1.08684,
      "median": 1,
      "p90": 1.33333,
      "p99": 2
    },
    "sigma":     {
      "count": 43070,
      "weight_sum": 43070,
      "min": 0,
      "max": 1,
      "mean": 0.401901,
      "median": 0.4,
      "p90": 1,
      "p99": 1
    },
    "avg_subtree_mass":     {
      "count": 26458,
      "weight_sum": 26458,
      "min": 1,
      "max": 5,
      "mean": 1.22181,
      "median": 1,
      "p90": 2,
      "p99": 2
    }
  },
  "search_weighted": {
    "V_search":     {
      "count": 43070,
      "weight_sum": 99029,
      "min": 25,
      "max": 169,
      "mean": 48.4843,
      "median": 45,
      "p90": 69,
      "p99": 99
    },
    "P_search":     {
      "count": 43070,
      "weight_sum": 99029,
      "min": 12,
      "max": 83,
      "mean": 23.3167,
      "median": 22,
      "p90": 33,
      "p99": 48
    },
    "B_mid":     {
      "count": 43070,
      "weight_sum": 99029,
      "min": 0,
      "max": 8,
      "mean": 1.69176,
      "median": 2,
      "p90": 3,
      "p99": 5
    },
    "B_leaf":     {
      "count": 43070,
      "weight_sum": 99029,
      "min": 0,
      "max": 0,
      "mean": 0,
      "median": 0,
      "p90": 0,
      "p99": 0
    },
    "B_subtree":     {
      "count": 43070,
      "weight_sum": 99029,
      "min": 0,
      "max": 5,
      "mean": 1.02228,
      "median": 1,
      "p90": 2,
      "p99": 3
    },
    "m":     {
      "count": 43070,
      "weight_sum": 99029,
      "min": 1,
      "max": 10,
      "mean": 2.71403,
      "median": 3,
      "p90": 4,
      "p99": 6
    },
    "M_point":     {
      "count": 43070,
      "weight_sum": 99029,
      "min": 0,
      "max": 8,
      "mean": 1.69176,
      "median": 2,
      "p90": 3,
      "p99": 5
    },
    "M_subtree":     {
      "count": 43070,
      "weight_sum": 99029,
      "min": 0,
      "max": 8,
      "mean": 1.2959,
      "median": 1,
      "p90": 3,
      "p99": 4
    },
    "rho":     {
      "count": 43070,
      "weight_sum": 99029,
      "min": 1,
      "max": 5,
      "mean": 1.11799,
      "median": 1,
      "p90": 1.5,
      "p99": 2
    },
    "sigma":     {
      "count": 43070,
      "weight_sum": 99029,
      "min": 0,
      "max": 1,
      "mean": 0.419907,
      "median": 0.5,
      "p90": 1,
      "p99": 1
    },
    "avg_subtree_mass":     {
      "count": 26458,
      "weight_sum": 71209,
      "min": 1,
      "max": 5,
      "mean": 1.28596,
      "median": 1,
      "p90": 2,
      "p99": 2
    }
  },
  "sample": {
    "t": 200000,
    "chunk_size": 2000000,
    "num_chunks": 1,
    "U_t": 41008,
    "G_t": 41008,
    "avg_repeat_global": 4.8771,
    "avg_group_size_exec": 4.8771,
    "samples_per_sec": 2.7127e+06,
    "ns_per_sample": 368.636,
    "checksum": 1449965606405168728,
    "group_size_equal":     {
      "count": 41008,
      "weight_sum": 41008,
      "min": 1,
      "max": 29,
      "mean": 4.8771,
      "median": 4,
      "p90": 9,
      "p99": 15
    },
    "group_size_sample_weighted":     {
      "count": 41008,
      "weight_sum": 200000,
      "min": 1,
      "max": 29,
      "mean": 7.05919,
      "median": 6,
      "p90": 12,
      "p99": 19
    },
    "K_point_equal":     {
      "count": 41008,
      "weight_sum": 41008,
      "min": 0,
      "max": 22,
      "mean": 2.83276,
      "median": 2,
      "p90": 6,
      "p99": 11
    },
    "K_point_sample_weighted":     {
      "count": 41008,
      "weight_sum": 200000,
      "min": 0,
      "max": 22,
      "mean": 4.00942,
      "median": 4,
      "p90": 8,
      "p99": 13
    },
    "K_subtree_equal":     {
      "count": 41008,
      "weight_sum": 41008,
      "min": 0,
      "max": 20,
      "mean": 2.04433,
      "median": 1,
      "p90": 5,
      "p99": 10
    },
    "K_subtree_sample_weighted":     {
      "count": 41008,
      "weight_sum": 200000,
      "min": 0,
      "max": 20,
      "mean": 3.04977,
      "median": 3,
      "p90": 7,
      "p99": 12
    }
  },