{
  "run_id": "input_size_d5_N50000_a10_t200000_F1_rep1",
  "network": "input_size",
  "preset": "TH",
  "family": "F1",
  "dim": 5,
  "N": 50000,
  "alpha_target": 10,
  "alpha_expected_est": 10.0385,
  "pair_intersection_prob_est": 0.000401541,
  "coverage": 0.286521,
  "data_seed": 2730243928193741212,
  "sample_seed": 4019410019014544389,
  "data_rep": 1,
  "materialize_join": false,
  "timing_ms": {
    "T_lift": 0.751255,
    "T_tree": 13.1173,
    "T_build": 13.8687,
    "T_count_query": 1116.82,
    "T_left_dist": 1.08819,
    "T_count": 1117.9,
    "T_search_scan": 1278.94,
    "T_plan_left": 4.91585,
    "T_group": 12.6962,
    "T_decompose": 1227.72,
    "T_local_dist": 18.4157,
    "T_emit": 11.5401,
    "T_sample": 1285.83
  },
  "build": {
    "tree_height": 16,
    "max_depth": 15,
    "avg_node_depth": 13.6896,
    "node_count": 50000
  },
  "count": {
    "exact_join_size": 1000457,
    "alpha_actual": 10.0046,
    "w":     {
      "count": 50000,
      "weight_sum": 50000,
      "min": 0,
      "max": 96,
      "mean": 20.0091,
      "median": 19,
      "p90": 31,
      "p99": 45
    },
    "V_count":     {
      "count": 50000,
      "weight_sum": 50000,
      "min": 111,
      "max": 4372,
      "mean": 863.058,
      "median": 765,
      "p90": 1471,
      "p99": 2358
    },
    "P_count":     {
      "count": 50000,
      "weight_sum": 50000,
      "min": 45,
      "max": 2091,
      "mean": 411.229,
      "median": 363,
      "p90": 707,
      "p99": 1141.01
    },
    "C_count":     {
      "count": 50000,
      "weight_sum": 50000,
      "min": 0,
      "max": 32,
      "mean": 6.87076,
      "median": 6,
      "p90": 12,
      "p99": 18
    },
    "H_count":     {
      "count": 50000,
      "weight_sum": 50000,
      "min": 57,
      "max": 2257,
      "mean": 444.958,
      "median": 396,
      "p90": 755.1,
      "p99": 1206.01
    },
    "S_prune":     {
      "count": 50000,
      "weight_sum": 50000,
      "min": 45627,
      "max": 49889,
      "mean": 49136,
      "median": 49234,
      "p90": 49611,
      "p99": 49770
    },
    "S_contain":     {
      "count": 50000,
      "weight_sum": 50000,
      "min": 0,
      "max": 10,
      "mean": 0.92548,
      "median": 1,
      "p90": 2,
      "p99": 5
    },
    "D_count_max":     {
      "count": 50000,
      "weight_sum": 50000,
      "min": 14,
      "max": 15,
      "mean": 15,
      "median": 15,
      "p90": 15,
      "p99": 15
    }
  },
  "search_equal": {
    "V_search":     {
      "count": 50000,
      "weight_sum": 50000,
      "min": 110,
      "max": 4348,
      "mean": 856.187,
      "median": 759,
      "p90": 1462,
      "p99": 2345
    },
    "P_search":     {
      "count": 50000,
      "weight_sum": 50000,
      "min": 45,
      "max": 2091,
      "mean": 411.229,
      "median": 363,
      "p90": 707,
      "p99": 1141.01
    },
    "B_mid":     {
      "count": 50000,
      "weight_sum": 50000,
      "min": 0,
      "max": 66,
      "mean": 12.2129,
      "median": 12,
      "p90": 20,
      "p99": 29
    },
    "B_leaf":     {
      "count": 50000,
      "weight_sum": 50000,
      "min": 0,
      "max": 0,
      "mean": 0,
      "median": 0,
      "p90": 0,
      "p99": 0
    },
    "B_subtree":     {
      "count": 50000,
      "weight_sum": 50000,
      "min": 0,
      "max": 32,
      "mean": 6.87076,
      "median": 6,
      "p90": 12,
      "p99": 18
    },
    "m":     {
      "count": 50000,
      "weight_sum": 50000,
      "min": 0,
      "max": 95,
      "mean": 19.0837,
      "median": 18,
      "p90": 30,
      "p99": 43
    },
    "M_point":     {
      "count": 50000,
      "weight_sum": 50000,
      "min": 0,
      "max": 66,
      "mean": 12.2129,
      "median": 12,
      "p90": 20,
      "p99": 29
    },
    "M_subtree":     {
      "count": 50000,
      "weight_sum": 50000,
      "min": 0,
      "max": 35,
      "mean": 7.79624,
      "median": 7,
      "p90": 14,
      "p99": 20
    },
    "rho":     {
      "count": 49985,
      "weight_sum": 49985,
      "min": 1,
      "max": 3.5,
      "mean": 1.04919,
      "median": 1.03846,
      "p90": 1.125,
      "p99": 1.25
    },
    "sigma":     {
      "count": 49985,
      "weight_sum": 49985,
      "min": 0,
      "max": 1,
      "mean": 0.389775,
      "median": 0.387097,
      "p90": 0.571429,
      "p99": 0.769231
    },
    "avg_subtree_mass":     {
      "count": 49396,
      "weight_sum": 49396,
      "min": 1,
      "max": 6,
      "mean": 1.14007,
      "median": 1.1,
      "p90": 1.33333,
      "p99": 1.83333
    }
  },
  "search_weighted": {
    "V_search":     {
      "count": 49985,
      "weight_sum": 1.00046e+06,
      "min": 110,
      "max": 4348,
      "mean": 958.825,
      "median": 860,
      "p90": 1616,
      "p99": 2534
    },
    "P_search":     {
      "count": 49985,
      "weight_sum": 1.00046e+06,
      "min": 45,
      "max": 2091,
      "mean": 459.633,
      "median": 411,
      "p90": 781,
      "p99": 1233
    },
    "B_mid":     {
      "count": 49985,
      "weight_sum": 1.00046e+06,
      "min": 0,
      "max": 66,
      "mean": 14.6059,
      "median": 14,
      "p90": 23,
      "p99": 33
    },
    "B_leaf":     {
      "count": 49985,
      "weight_sum": 1.00046e+06,
      "min": 0,
      "max": 0,
      "mean": 0,
      "median": 0,
      "p90": 0,
      "p99": 0
    },
    "B_subtree":     {
      "count": 49985,
      "weight_sum": 1.00046e+06,
      "min": 0,
      "max": 32,
      "mean": 8.19744,
      "median": 8,
      "p90": 13,
      "p99": 20
    },
    "m":     {
      "count": 49985,
      "weight_sum": 1.00046e+06,
      "min": 1,
      "max": 95,
      "mean": 22.8034,
      "median": 22,
      "p90": 34,
      "p99": 48
    },
    "M_point":     {
      "count": 49985,
      "weight_sum": 1.00046e+06,
      "min": 0,
      "max": 66,
      "mean": 14.6059,
      "median": 14,
      "p90": 23,
      "p99": 33
    },
    "M_subtree":     {
      "count": 49985,
      "weight_sum": 1.00046e+06,
      "min": 0,
      "max": 35,
      "mean": 9.33884,
      "median": 9,
      "p90": 15,
      "p99": 23
    },
    "rho":     {
      "count": 49985,
      "weight_sum": 1.00046e+06,
      "min": 1,
      "max": 3.5,
      "mean": 1.05123,
      "median": 1.04348,
      "p90": 1.12121,
      "p99": 1.23529
    },
    "sigma":     {
      "count": 49985,
      "weight_sum": 1.00046e+06,
      "min": 0,
      "max": 1,
      "mean": 0.389634,
      "median": 0.387097,
      "p90": 0.55,
      "p99": 0.714286
    },
    "avg_subtree_mass":     {
      "count": 49396,
      "weight_sum": 996665,
      "min": 1,
      "max": 6,
      "mean": 1.14503,
      "median": 1.125,
      "p90": 1.33333,
      "p99": 1.66667
    }
  },
  "sample": {
    "t": 200000,
    "chunk_size": 2000000,
    "num_chunks": 1,
    "U_t": 47036,
    "G_t": 47036,
    "avg_repeat_global": 4.25206,
    "avg_group_size_exec": 4.25206,
    "samples_per_sec": 155542,
    "ns_per_sample": 6429.14,
    "checksum": 11119080673249133850,
    "group_size_equal":     {
      "count": 47036,
      "weight_sum": 47036,
      "min": 1,
      "max": 25,
      "mean": 4.25206,
      "median": 4,
      "p90": 8,
      "p99": 12
    },
    "group_size_sample_weighted":     {
      "count": 47036,
      "weight_sum": 200000,
      "min": 1,
      "max": 25,
      "mean": 5.7936,
      "median": 5,
      "p90": 10,
      "p99": 14
    },
    "K_point_equal":     {
      "count": 47036,
      "weight_sum": 47036,
      "min": 0,
      "max": 18,
      "mean": 2.59304,
      "median": 2,
      "p90": 5,
      "p99": 8
    },
    "K_point_sample_weighted":     {
      "count": 47036,
      "weight_sum": 200000,
      "min": 0,
      "max": 18,
      "mean": 3.52639,
      "median": 3,
      "p90": 6,
      "p99": 10
    },
    "K_subtree_equal":     {
      "count": 47036,
      "weight_sum": 47036,
      "min": 0,
      "max": 12,
      "mean": 1.65903,
      "median": 1,