{
  "run_id": "input_size_d4_N100000_a10_t200000_F0_rep0",
  "network": "input_size",
  "preset": "TH",
  "family": "F0",
  "dim": 4,
  "N": 100000,
  "alpha_target": 10,
  "alpha_expected_est": 10.1782,
  "pair_intersection_prob_est": 0.000203564,
  "coverage": 1.13519,
  "data_seed": 6005808880715028438,
  "sample_seed": 3363107005045303624,
  "data_rep": 0,
  "materialize_join": false,
  "timing_ms": {
    "T_lift": 2.11601,
    "T_tree": 26.2779,
    "T_build": 28.3942,
    "T_count_query": 390.508,
    "T_left_dist": 1.73955,
    "T_count": 392.248,
    "T_search_scan": 436.133,
    "T_plan_left": 5.55571,
    "T_group": 12.2745,
    "T_decompose": 378.453,
    "T_local_dist": 30.2468,
    "T_emit": 11.3487,
    "T_sample": 451.768
  },
  "build": {
    "tree_height": 17,
    "max_depth": 16,
    "avg_node_depth": 14.6895,
    "node_count": 100000
  },
  "count": {
    "exact_join_size": 2031403,
    "alpha_actual": 10.157,
    "w":     {
      "count": 100000,
      "weight_sum": 100000,
      "min": 0,
      "max": 46,
      "mean": 20.314,
      "median": 21,
      "p90": 28,
      "p99": 34
    },
    "V_count":     {
      "count": 100000,
      "weight_sum": 100000,
      "min": 31,
      "max": 445,
      "mean": 165.206,
      "median": 160,
      "p90": 241,
      "p99": 315
    },
    "P_count":     {
      "count": 100000,
      "weight_sum": 100000,
      "min": 13,
      "max": 206,
      "mean": 71.0519,
      "median": 68,
      "p90": 106,
      "p99": 142
    },
    "C_count":     {
      "count": 100000,
      "weight_sum": 100000,
      "min": 0,
      "max": 20,
      "mean": 6.72022,
      "median": 7,
      "p90": 10,
      "p99": 13
    },
    "H_count":     {
      "count": 100000,
      "weight_sum": 100000,
      "min": 15,
      "max": 231,
      "mean": 87.4337,
      "median": 85,
      "p90": 127,
      "p99": 164
    },
    "S_prune":     {
      "count": 100000,
      "weight_sum": 100000,
      "min": 99553,
      "max": 99967,
      "mean": 99831.9,
      "median": 99836,
      "p90": 99903,
      "p99": 99939
    },
    "S_contain":     {
      "count": 100000,
      "weight_sum": 100000,
      "min": 0,
      "max": 24,
      "mean": 2.93624,
      "median": 2,
      "p90": 6,
      "p99": 10
    },
    "D_count_max":     {
      "count": 100000,
      "weight_sum": 100000,
      "min": 14,
      "max": 16,
      "mean": 15.9997,
      "median": 16,
      "p90": 16,
      "p99": 16
    }
  },
  "search_equal": {
    "V_search":     {
      "count": 100000,
      "weight_sum": 100000,
      "min": 29,
      "max": 437,
      "mean": 158.486,
      "median": 153,
      "p90": 233,
      "p99": 307
    },
    "P_search":     {
      "count": 100000,
      "weight_sum": 100000,
      "min": 13,
      "max": 206,
      "mean": 71.0519,
      "median": 68,
      "p90": 106,
      "p99": 142
    },
    "B_mid":     {
      "count": 100000,
      "weight_sum": 100000,
      "min": 0,
      "max": 28,
      "mean": 10.6576,
      "median": 11,
      "p90": 16,
      "p99": 20
    },
    "B_leaf":     {
      "count": 100000,
      "weight_sum": 100000,
      "min": 0,
      "max": 0,
      "mean": 0,
      "median": 0,
      "p90": 0,
      "p99": 0
    },
    "B_subtree":     {
      "count": 100000,
      "weight_sum": 100000,
      "min": 0,
      "max": 20,
      "mean": 6.72022,
      "median": 7,
      "p90": 10,
      "p99": 13
    },
    "m":     {
      "count": 100000,
      "weight_sum": 100000,
      "min": 0,
      "max": 40,
      "mean": 17.3778,
      "median": 18,
      "p90": 24,
      "p99": 29
    },
    "M_point":     {
      "count": 100000,
      "weight_sum": 100000,
      "min": 0,
      "max": 28,
      "mean": 10.6576,
      "median": 11,
      "p90": 16,
      "p99": 20
    },
    "M_subtree":     {
      "count": 100000,
      "weight_sum": 100000,
      "min": 0,
      "max": 32,
      "mean": 9.65646,
      "median": 9,
      "p90": 15,
      "p99": 20
    },
    "rho":     {
      "count": 99998,
      "weight_sum": 99998,
      "min": 1,
      "max": 5.75,
      "mean": 1.17873,
      "median": 1.14286,
      "p90": 1.35294,
      "p99": 1.73333
    },
    "sigma":     {
      "count": 99998,
      "weight_sum": 99998,
      "min": 0,
      "max": 1,
      "mean": 0.471568,
      "median": 0.473684,
      "p90": 0.631579,
      "p99": 0.777778
    },
    "avg_subtree_mass":     {
      "count": 99673,
      "weight_sum": 99673,
      "min": 1,
      "max": 11,
      "mean": 1.46606,
      "median": 1.375,
      "p90": 2,
      "p99": 3
    }
  },
  "search_weighted": {
    "V_search":     {
      "count": 99998,
      "weight_sum": 2.0314e+06,
      "min": 29,
      "max": 437,
      "mean": 166.305,
      "median": 163,
      "p90": 238,
      "p99": 311
    },
    "P_search":     {
      "count": 99998,
      "weight_sum": 2.0314e+06,
      "min": 13,
      "max": 206,
      "mean": 74.3283,
      "median": 72,
      "p90": 108,
      "p99": 145
    },
    "B_mid":     {
      "count": 99998,
      "weight_sum": 2.0314e+06,
      "min": 0,
      "max": 28,
      "mean": 11.539,
      "median": 11,
      "p90": 16,
      "p99": 21
    },
    "B_leaf":     {
      "count": 99998,
      "weight_sum": 2.0314e+06,
      "min": 0,
      "max": 0,
      "mean": 0,
      "median": 0,
      "p90": 0,
      "p99": 0
    },
    "B_subtree":     {
      "count": 99998,
      "weight_sum": 2.0314e+06,
      "min": 0,
      "max": 20,
      "mean": 7.29892,
      "median": 7,
      "p90": 11,
      "p99": 13
    },
    "m":     {
      "count": 99998,
      "weight_sum": 2.0314e+06,
      "min": 1,
      "max": 40,
      "mean": 18.838,
      "median": 19,
      "p90": 25,
      "p99": 30
    },
    "M_point":     {
      "count": 99998,
      "weight_sum": 2.0314e+06,
      "min": 0,
      "max": 28,
      "mean": 11.539,
      "median": 11,
      "p90": 16,
      "p99": 21
    },
    "M_subtree":     {
      "count": 99998,
      "weight_sum": 2.0314e+06,
      "min": 0,
      "max": 32,
      "mean": 10.5798,
      "median": 10,
      "p90": 16,
      "p99": 20
    },
    "rho":     {
      "count": 99998,
      "weight_sum": 2.0314e+06,
      "min": 1,
      "max": 5.75,
      "mean": 1.18472,
      "median": 1.15,
      "p90": 1.35714,
      "p99": 1.73333
    },
    "sigma":     {
      "count": 99998,
      "weight_sum": 2.0314e+06,
      "min": 0,
      "max": 1,
      "mean": 0.475359,
      "median": 0.47619,
      "p90": 0.625,
      "p99": 0.76
    },
    "avg_subtree_mass":     {
      "count": 99673,
      "weight_sum": 2.02899e+06,
      "min": 1,
      "max": 11,
      "mean": 1.47845,
      "median": 1.4,
      "p90": 1.9,
      "p99": 3
    }
  },
  "sample": {
    "t": 200000,
    "chunk_size": 2000000,
    "num_chunks": 1,
    "U_t": 83916,
    "G_t": 83916,
    "avg_repeat_global": 2.38334,
    "avg_group_size_exec": 2.38334,
    "samples_per_sec": 442705,
    "ns_per_sample": 2258.84,
    "checksum": 18135972181026383419,
    "group_size_equal":     {
      "count": 83916,
      "weight_sum": 83916,
      "min": 1,
      "max": 11,
      "mean": 2.38334,
      "median": 2,
      "p90": 4,
      "p99": 7
    },
    "group_size_sample_weighted":     {
      "count": 83916,
      "weight_sum": 200000,
      "min": 1,
      "max": 11,
      "mean": 3.17695,
      "median": 3,
      "p90": 5,
      "p99": 8
    },
    "K_point_equal":     {
      "count": 83916,
      "weight_sum": 83916,
      "min": 0,
      "max": 9,
      "mean": 1.24907,
      "median": 1,
      "p90": 3,
      "p99": 4
    },
    "K_point_sample_weighted":     {
      "count": 83916,
      "weight_sum": 200000,
      "min": 0,
      "max": 9,
      "mean": 1.65922,
      "median": 1,
      "p90": 3,
      "p99": 5
    },
    "K_subtree_equal":     {
      "count": 83916,
      "weight_sum": 83916,
      "min": 0,
      "max": 8,
      "mean": 1.13427,
      "median": 1,
      "p90": 3,
      "p99": 4
    },