{
  "preset": "TH",
  "dim": 2,
  "nR": 50000,
  "nS": 50000,
  "family": "F0",
  "shape_sigma": 0.0,
  "seed": 2026696054266577038,
  "coverage": 5.0,
  "alpha_target": 10.0,
  "alpha_expected_est": 10.100239745947002,
  "pair_intersection_prob_est": 0.0004040095898378801,
  "chunk_size": 2000000,
  "volume_dist": "fixed",
  "volume_cv": 0.25,
  "tune_samples": 200000,
  "tune_tol_rel": 0.02,
  "tune_max_iter": 30,
  "params": {
    "nR": 50000,
    "nS": 50000,
    "d": 2,
    "universe": null,
    "volume_dist": "fixed",
    "volume_cv": 0.25,
    "shape_sigma": 0.0,
    "seed": 2026696054266577038
  },
  "tune_history": [
    {
      "coverage": 5.0,
      "alpha_est": 10.100239745947002
    }
  ],
  "dataset_path": "/home/dhy/PhD/kdtree_exp_small/results/full/datasets/dataset_d2_N50000_a10_F0_rep2_seed2026696054266577038.bin"
}