{
  "preset": "TH",
  "dim": 2,
  "nR": 100000,
  "nS": 100000,
  "family": "F0",
  "shape_sigma": 0.0,
  "seed": 350492956203575419,
  "coverage": 5.0,
  "alpha_target": 10.0,
  "alpha_expected_est": 10.070832079370874,
  "pair_intersection_prob_est": 0.00020141664158741747,
  "chunk_size": 2000000,
  "volume_dist": "fixed",
  "volume_cv": 0.25,
  "tune_samples": 200000,
  "tune_tol_rel": 0.02,
  "tune_max_iter": 30,
  "params": {
    "nR": 100000,
    "nS": 100000,
    "d": 2,
    "universe": null,
    "volume_dist": "fixed",
    "volume_cv": 0.25,
    "shape_sigma": 0.0,
    "seed": 350492956203575419
  },
  "tune_history": [
    {
      "coverage": 5.0,
      "alpha_est": 10.070832079370874
    }
  ],
  "dataset_path": "/home/dhy/PhD/kdtree_exp_small/results/full/datasets/dataset_d2_N100000_a10_F0_rep0_seed350492956203575419.bin"
}