{
  "run_id": "input_size_d3_N100000_a10_t200000_F1_rep0",
  "network": "input_size",
  "preset": "TH",
  "family": "F1",
  "dim": 3,
  "N": 100000,
  "alpha_target": 10,
  "alpha_expected_est": 10.0014,
  "pair_intersection_prob_est": 0.000200029,
  "coverage": 1.79626,
  "data_seed": 1742419752425554591,
  "sample_seed": 1132286678708146376,
  "data_rep": 0,
  "materialize_join": false,
  "timing_ms": {
    "T_lift": 1.19907,
    "T_tree": 22.5685,
    "T_build": 23.7678,
    "T_count_query": 441.006,
    "T_left_dist": 2.1956,
    "T_count": 443.201,
    "T_search_scan": 488.407,
    "T_plan_left": 5.7449,
    "T_group": 11.9678,
    "T_decompose": 422.107,
    "T_local_dist": 30.1247,
    "T_emit": 12.2076,
    "T_sample": 496.332
  },
  "build": {
    "tree_height": 17,
    "max_depth": 16,
    "avg_node_depth": 14.6895,
    "node_count": 100000
  },
  "count": {
    "exact_join_size": 2001316,
    "alpha_actual": 10.0066,
    "w":     {
      "count": 100000,
      "weight_sum": 100000,
      "min": 1,
      "max": 84,
      "mean": 20.0132,
      "median": 20,
      "p90": 28,
      "p99": 37
    },
    "V_count":     {
      "count": 100000,
      "weight_sum": 100000,
      "min": 40,
      "max": 913,
      "mean": 222.557,
      "median": 211,
      "p90": 335,
      "p99": 453
    },
    "P_count":     {
      "count": 100000,
      "weight_sum": 100000,
      "min": 16,
      "max": 396,
      "mean": 99.4,
      "median": 93,
      "p90": 154,
      "p99": 211
    },
    "C_count":     {
      "count": 100000,
      "weight_sum": 100000,
      "min": 0,
      "max": 31,
      "mean": 6.6769,
      "median": 6,
      "p90": 10,
      "p99": 14
    },
    "H_count":     {
      "count": 100000,
      "weight_sum": 100000,
      "min": 21,
      "max": 487,
      "mean": 116.48,
      "median": 111,
      "p90": 174,
      "p99": 234
    },
    "S_prune":     {
      "count": 100000,
      "weight_sum": 100000,
      "min": 99078,
      "max": 99959,
      "mean": 99774.6,
      "median": 99786,
      "p90": 99872,
      "p99": 99917
    },
    "S_contain":     {
      "count": 100000,
      "weight_sum": 100000,
      "min": 0,
      "max": 22,
      "mean": 2.83995,
      "median": 2,
      "p90": 6,
      "p99": 9
    },
    "D_count_max":     {
      "count": 100000,
      "weight_sum": 100000,
      "min": 15,
      "max": 16,
      "mean": 15.9999,
      "median": 16,
      "p90": 16,
      "p99": 16
    }
  },
  "search_equal": {
    "V_search":     {
      "count": 100000,
      "weight_sum": 100000,
      "min": 39,
      "max": 883,
      "mean": 215.88,
      "median": 204,
      "p90": 328,
      "p99": 444
    },
    "P_search":     {
      "count": 100000,
      "weight_sum": 100000,
      "min": 16,
      "max": 396,
      "mean": 99.4,
      "median": 93,
      "p90": 154,
      "p99": 211
    },
    "B_mid":     {
      "count": 100000,
      "weight_sum": 100000,
      "min": 0,
      "max": 45,
      "mean": 10.4963,
      "median": 10,
      "p90": 15,
      "p99": 21
    },
    "B_leaf":     {
      "count": 100000,
      "weight_sum": 100000,
      "min": 0,
      "max": 0,
      "mean": 0,
      "median": 0,
      "p90": 0,
      "p99": 0
    },
    "B_subtree":     {
      "count": 100000,
      "weight_sum": 100000,
      "min": 0,
      "max": 31,
      "mean": 6.6769,
      "median": 6,
      "p90": 10,
      "p99": 14
    },
    "m":     {
      "count": 100000,
      "weight_sum": 100000,
      "min": 1,
      "max": 75,
      "mean": 17.1732,
      "median": 17,
      "p90": 24,
      "p99": 31
    },
    "M_point":     {
      "count": 100000,
      "weight_sum": 100000,
      "min": 0,
      "max": 45,
      "mean": 10.4963,
      "median": 10,
      "p90": 15,
      "p99": 21
    },
    "M_subtree":     {
      "count": 100000,
      "weight_sum": 100000,
      "min": 0,
      "max": 39,
      "mean": 9.51685,
      "median": 9,
      "p90": 15,
      "p99": 20
    },
    "rho":     {
      "count": 100000,
      "weight_sum": 100000,
      "min": 1,
      "max": 6,
      "mean": 1.17222,
      "median": 1.14286,
      "p90": 1.33333,
      "p99": 1.625
    },
    "sigma":     {
      "count": 100000,
      "weight_sum": 100000,
      "min": 0,
      "max": 1,
      "mean": 0.472458,
      "median": 0.473684,
      "p90": 0.631579,
      "p99": 0.764706
    },
    "avg_subtree_mass":     {
      "count": 99838,
      "weight_sum": 99838,
      "min": 1,
      "max": 12,
      "mean": 1.45218,
      "median": 1.375,
      "p90": 1.85714,
      "p99": 2.66667
    }
  },
  "search_weighted": {
    "V_search":     {
      "count": 100000,
      "weight_sum": 2.00132e+06,
      "min": 39,
      "max": 883,
      "mean": 223.703,
      "median": 212,
      "p90": 337,
      "p99": 456
    },
    "P_search":     {
      "count": 100000,
      "weight_sum": 2.00132e+06,
      "min": 16,
      "max": 396,
      "mean": 102.686,
      "median": 97,
      "p90": 157,
      "p99": 216
    },
    "B_mid":     {
      "count": 100000,
      "weight_sum": 2.00132e+06,
      "min": 0,
      "max": 45,
      "mean": 11.3841,
      "median": 11,
      "p90": 16,
      "p99": 22
    },
    "B_leaf":     {
      "count": 100000,
      "weight_sum": 2.00132e+06,
      "min": 0,
      "max": 0,
      "mean": 0,
      "median": 0,
      "p90": 0,
      "p99": 0
    },
    "B_subtree":     {
      "count": 100000,
      "weight_sum": 2.00132e+06,
      "min": 0,
      "max": 31,
      "mean": 7.25829,
      "median": 7,
      "p90": 11,
      "p99": 15
    },
    "m":     {
      "count": 100000,
      "weight_sum": 2.00132e+06,
      "min": 1,
      "max": 75,
      "mean": 18.6424,
      "median": 18,
      "p90": 25,
      "p99": 34
    },
    "M_point":     {
      "count": 100000,
      "weight_sum": 2.00132e+06,
      "min": 0,
      "max": 45,
      "mean": 11.3841,
      "median": 11,
      "p90": 16,
      "p99": 22
    },
    "M_subtree":     {
      "count": 100000,
      "weight_sum": 2.00132e+06,
      "min": 0,
      "max": 39,
      "mean": 10.4377,
      "median": 10,
      "p90": 16,
      "p99": 22
    },
    "rho":     {
      "count": 100000,
      "weight_sum": 2.00132e+06,
      "min": 1,
      "max": 6,
      "mean": 1.17779,
      "median": 1.15,
      "p90": 1.33333,
      "p99": 1.61538
    },
    "sigma":     {
      "count": 100000,
      "weight_sum": 2.00132e+06,
      "min": 0,
      "max": 1,
      "mean": 0.47553,
      "median": 0.47619,
      "p90": 0.625,
      "p99": 0.75
    },
    "avg_subtree_mass":     {
      "count": 99838,
      "weight_sum": 2.00021e+06,
      "min": 1,
      "max": 12,
      "mean": 1.46574,
      "median": 1.4,
      "p90": 1.85714,
      "p99": 2.66667
    }
  },
  "sample": {
    "t": 200000,
    "chunk_size": 2000000,
    "num_chunks": 1,
    "U_t": 83972,
    "G_t": 83972,
    "avg_repeat_global": 2.38175,
    "avg_group_size_exec": 2.38175,
    "samples_per_sec": 402956,
    "ns_per_sample": 2481.66,
    "checksum": 626316793315950915,
    "group_size_equal":     {
      "count": 83972,
      "weight_sum": 83972,
      "min": 1,
      "max": 12,
      "mean": 2.38175,
      "median": 2,
      "p90": 4,
      "p99": 7
    },
    "group_size_sample_weighted":     {
      "count": 83972,
      "weight_sum": 200000,
      "min": 1,
      "max": 12,
      "mean": 3.18317,
      "median": 3,
      "p90": 5,
      "p99": 8
    },
    "K_point_equal":     {
      "count": 83972,
      "weight_sum": 83972,
      "min": 0,
      "max": 9,
      "mean": 1.2472,
      "median": 1,
      "p90": 3,
      "p99": 5
    },
    "K_point_sample_weighted":     {
      "count": 83972,
      "weight_sum": 200000,
      "min": 0,
      "max": 9,
      "mean": 1.66,
      "median": 1,
      "p90": 3,
      "p99": 5
    },
    "K_subtree_equal":     {
      "count": 83972,
      "weight_sum": 83972,
      "min": 0,
      "max": 8,
      "mean": 1.13454,
      "median": 1,