{
  "run_id": "input_size_d5_N100000_a10_t200000_F0_rep0",
  "network": "input_size",
  "preset": "TH",
  "family": "F0",
  "dim": 5,
  "N": 100000,
  "alpha_target": 10,
  "alpha_expected_est": 9.96346,
  "pair_intersection_prob_est": 0.000199269,
  "coverage": 0.504026,
  "data_seed": 2244858693265439070,
  "sample_seed": 4177403607061849708,
  "data_rep": 0,
  "materialize_join": false,
  "timing_ms": {
    "T_lift": 4.44625,
    "T_tree": 27.5025,
    "T_build": 31.9488,
    "T_count_query": 690.309,
    "T_left_dist": 2.22737,
    "T_count": 692.537,
    "T_search_scan": 779.297,
    "T_plan_left": 5.57084,
    "T_group": 12.3142,
    "T_decompose": 671.215,
    "T_local_dist": 30.6429,
    "T_emit": 12.6309,
    "T_sample": 747.175
  },
  "build": {
    "tree_height": 17,
    "max_depth": 16,
    "avg_node_depth": 14.6895,
    "node_count": 100000
  },
  "count": {
    "exact_join_size": 1985622,
    "alpha_actual": 9.92811,
    "w":     {
      "count": 100000,
      "weight_sum": 100000,
      "min": 0,
      "max": 51,
      "mean": 19.8562,
      "median": 20,
      "p90": 29,
      "p99": 36
    },
    "V_count":     {
      "count": 100000,
      "weight_sum": 100000,
      "min": 31,
      "max": 936,
      "mean": 247.151,
      "median": 220,
      "p90": 417,
      "p99": 651
    },
    "P_count":     {
      "count": 100000,
      "weight_sum": 100000,
      "min": 15,
      "max": 453,
      "mean": 110.622,
      "median": 97,
      "p90": 192,
      "p99": 306
    },
    "C_count":     {
      "count": 100000,
      "weight_sum": 100000,
      "min": 0,
      "max": 22,
      "mean": 6.62043,
      "median": 6,
      "p90": 11,
      "p99": 14
    },
    "H_count":     {
      "count": 100000,
      "weight_sum": 100000,
      "min": 15,
      "max": 479,
      "mean": 129.909,
      "median": 117,
      "p90": 217,
      "p99": 336
    },
    "S_prune":     {
      "count": 100000,
      "weight_sum": 100000,
      "min": 99062,
      "max": 99969,
      "mean": 99750.7,
      "median": 99777,
      "p90": 99884,
      "p99": 99933
    },
    "S_contain":     {
      "count": 100000,
      "weight_sum": 100000,
      "min": 0,
      "max": 14,
      "mean": 2.12044,
      "median": 2,
      "p90": 4,
      "p99": 7
    },
    "D_count_max":     {
      "count": 100000,
      "weight_sum": 100000,
      "min": 15,
      "max": 16,
      "mean": 15.9997,
      "median": 16,
      "p90": 16,
      "p99": 16
    }
  },
  "search_equal": {
    "V_search":     {
      "count": 100000,
      "weight_sum": 100000,
      "min": 30,
      "max": 929,
      "mean": 240.531,
      "median": 214,
      "p90": 409,
      "p99": 642
    },
    "P_search":     {
      "count": 100000,
      "weight_sum": 100000,
      "min": 15,
      "max": 453,
      "mean": 110.622,
      "median": 97,
      "p90": 192,
      "p99": 306
    },
    "B_mid":     {
      "count": 100000,
      "weight_sum": 100000,
      "min": 0,
      "max": 32,
      "mean": 11.1153,
      "median": 11,
      "p90": 17,
      "p99": 22
    },
    "B_leaf":     {
      "count": 100000,
      "weight_sum": 100000,
      "min": 0,
      "max": 0,
      "mean": 0,
      "median": 0,
      "p90": 0,
      "p99": 0
    },
    "B_subtree":     {
      "count": 100000,
      "weight_sum": 100000,
      "min": 0,
      "max": 22,
      "mean": 6.62043,
      "median": 6,
      "p90": 11,
      "p99": 14
    },
    "m":     {
      "count": 100000,
      "weight_sum": 100000,
      "min": 0,
      "max": 43,
      "mean": 17.7358,
      "median": 18,
      "p90": 26,
      "p99": 32
    },
    "M_point":     {
      "count": 100000,
      "weight_sum": 100000,
      "min": 0,
      "max": 32,
      "mean": 11.1153,
      "median": 11,
      "p90": 17,
      "p99": 22
    },
    "M_subtree":     {
      "count": 100000,
      "weight_sum": 100000,
      "min": 0,
      "max": 31,
      "mean": 8.74087,
      "median": 8,
      "p90": 14,
      "p99": 19
    },
    "rho":     {
      "count": 99996,
      "weight_sum": 99996,
      "min": 1,
      "max": 3.5,
      "mean": 1.12602,
      "median": 1.11111,
      "p90": 1.25,
      "p99": 1.5
    },
    "sigma":     {
      "count": 99996,
      "weight_sum": 99996,
      "min": 0,
      "max": 1,
      "mean": 0.440817,
      "median": 0.44,
      "p90": 0.6,
      "p99": 0.76
    },
    "avg_subtree_mass":     {
      "count": 99648,
      "weight_sum": 99648,
      "min": 1,
      "max": 6,
      "mean": 1.34331,
      "median": 1.3,
      "p90": 1.66667,
      "p99": 2.25
    }
  },
  "search_weighted": {
    "V_search":     {
      "count": 99996,
      "weight_sum": 1.98562e+06,
      "min": 30,
      "max": 929,
      "mean": 261.449,
      "median": 235,
      "p90": 435,
      "p99": 661
    },
    "P_search":     {
      "count": 99996,
      "weight_sum": 1.98562e+06,
      "min": 15,
      "max": 453,
      "mean": 119.906,
      "median": 107,
      "p90": 204,
      "p99": 315
    },
    "B_mid":     {
      "count": 99996,
      "weight_sum": 1.98562e+06,
      "min": 0,
      "max": 32,
      "mean": 12.5276,
      "median": 12,
      "p90": 18,
      "p99": 23
    },
    "B_leaf":     {
      "count": 99996,
      "weight_sum": 1.98562e+06,
      "min": 0,
      "max": 0,
      "mean": 0,
      "median": 0,
      "p90": 0,
      "p99": 0
    },
    "B_subtree":     {
      "count": 99996,
      "weight_sum": 1.98562e+06,
      "min": 0,
      "max": 22,
      "mean": 7.4403,
      "median": 7,
      "p90": 11,
      "p99": 15
    },
    "m":     {
      "count": 99996,
      "weight_sum": 1.98562e+06,
      "min": 1,
      "max": 43,
      "mean": 19.9679,
      "median": 20,
      "p90": 28,
      "p99": 33
    },
    "M_point":     {
      "count": 99996,
      "weight_sum": 1.98562e+06,
      "min": 0,
      "max": 32,
      "mean": 12.5276,
      "median": 12,
      "p90": 18,
      "p99": 23
    },
    "M_subtree":     {
      "count": 99996,
      "weight_sum": 1.98562e+06,
      "min": 0,
      "max": 31,
      "mean": 9.85358,
      "median": 10,
      "p90": 15,
      "p99": 20
    },
    "rho":     {
      "count": 99996,
      "weight_sum": 1.98562e+06,
      "min": 1,
      "max": 3.5,
      "mean": 1.12644,
      "median": 1.11111,
      "p90": 1.2381,
      "p99": 1.44444
    },
    "sigma":     {
      "count": 99996,
      "weight_sum": 1.98562e+06,
      "min": 0,
      "max": 1,
      "mean": 0.440208,
      "median": 0.44,
      "p90": 0.590909,
      "p99": 0.727273
    },
    "avg_subtree_mass":     {
      "count": 99648,
      "weight_sum": 1.98354e+06,
      "min": 1,
      "max": 6,
      "mean": 1.34582,
      "median": 1.3,
      "p90": 1.66667,
      "p99": 2.25
    }
  },
  "sample": {
    "t": 200000,
    "chunk_size": 2000000,
    "num_chunks": 1,
    "U_t": 82723,
    "G_t": 82723,
    "avg_repeat_global": 2.41771,
    "avg_group_size_exec": 2.41771,
    "samples_per_sec": 267675,
    "ns_per_sample": 3735.88,
    "checksum": 2342250374490646956,
    "group_size_equal":     {
      "count": 82723,
      "weight_sum": 82723,
      "min": 1,
      "max": 12,
      "mean": 2.41771,
      "median": 2,
      "p90": 4,
      "p99": 7
    },
    "group_size_sample_weighted":     {
      "count": 82723,
      "weight_sum": 200000,
      "min": 1,
      "max": 12,
      "mean": 3.25254,
      "median": 3,
      "p90": 5,
      "p99": 8
    },
    "K_point_equal":     {
      "count": 82723,
      "weight_sum": 82723,
      "min": 0,
      "max": 10,
      "mean": 1.349,
      "median": 1,
      "p90": 3,
      "p99": 5
    },
    "K_point_sample_weighted":     {
      "count": 82723,
      "weight_sum": 200000,
      "min": 0,
      "max": 10,
      "mean": 1.8163,
      "median": 2,
      "p90": 4,
      "p99": 6
    },
    "K_subtree_equal":     {
      "count": 82723,
      "weight_sum": 82723,
      "min": 0,
      "max": 9,
      "mean": 1.06871,
      "median": 1,
      "p90": 2,