{
  "run_id": "sample_size_d4_N50000_a10_t10000_F1_rep1",
  "network": "sample_size",
  "preset": "TH",
  "family": "F1",
  "dim": 4,
  "N": 50000,
  "alpha_target": 10,
  "alpha_expected_est": 9.99198,
  "pair_intersection_prob_est": 0.000399679,
  "coverage": 0.717404,
  "data_seed": 526045969250907296,
  "sample_seed": 7352364551360870004,
  "data_rep": 1,
  "materialize_join": false,
  "timing_ms": {
    "T_lift": 1.56033,
    "T_tree": 12.3229,
    "T_build": 13.8836,
    "T_count_query": 514.504,
    "T_left_dist": 1.09271,
    "T_count": 515.597,
    "T_search_scan": 598.06,
    "T_plan_left": 0.439262,
    "T_group": 0.429471,
    "T_decompose": 116.873,
    "T_local_dist": 3.58237,
    "T_emit": 1.00247,
    "T_sample": 124.188
  },
  "build": {
    "tree_height": 16,
    "max_depth": 15,
    "avg_node_depth": 13.6896,
    "node_count": 50000
  },
  "count": {
    "exact_join_size": 1000823,
    "alpha_actual": 10.0082,
    "w":     {
      "count": 50000,
      "weight_sum": 50000,
      "min": 0,
      "max": 71,
      "mean": 20.0165,
      "median": 20,
      "p90": 30,
      "p99": 41
    },
    "V_count":     {
      "count": 50000,
      "weight_sum": 50000,
      "min": 67,
      "max": 2020,
      "mean": 466.307,
      "median": 416,
      "p90": 786,
      "p99": 1222
    },
    "P_count":     {
      "count": 50000,
      "weight_sum": 50000,
      "min": 24,
      "max": 961,
      "mean": 217.502,
      "median": 193,
      "p90": 372,
      "p99": 585
    },
    "C_count":     {
      "count": 50000,
      "weight_sum": 50000,
      "min": 0,
      "max": 34,
      "mean": 6.8064,
      "median": 7,
      "p90": 11,
      "p99": 16
    },
    "H_count":     {
      "count": 50000,
      "weight_sum": 50000,
      "min": 33,
      "max": 1041,
      "mean": 241.999,
      "median": 217,
      "p90": 405.1,
      "p99": 626
    },
    "S_prune":     {
      "count": 50000,
      "weight_sum": 50000,
      "min": 47976,
      "max": 49932,
      "mean": 49532.1,
      "median": 49582,
      "p90": 49782,
      "p99": 49869
    },
    "S_contain":     {
      "count": 50000,
      "weight_sum": 50000,
      "min": 0,
      "max": 16,
      "mean": 1.54276,
      "median": 1,
      "p90": 3,
      "p99": 6
    },
    "D_count_max":     {
      "count": 50000,
      "weight_sum": 50000,
      "min": 14,
      "max": 15,
      "mean": 15,
      "median": 15,
      "p90": 15,
      "p99": 15
    }
  },
  "search_equal": {
    "V_search":     {
      "count": 50000,
      "weight_sum": 50000,
      "min": 64,
      "max": 2002,
      "mean": 459.501,
      "median": 409,
      "p90": 778,
      "p99": 1210
    },
    "P_search":     {
      "count": 50000,
      "weight_sum": 50000,
      "min": 24,
      "max": 961,
      "mean": 217.502,
      "median": 193,
      "p90": 372,
      "p99": 585
    },
    "B_mid":     {
      "count": 50000,
      "weight_sum": 50000,
      "min": 0,
      "max": 47,
      "mean": 11.6673,
      "median": 11,
      "p90": 18,
      "p99": 25
    },
    "B_leaf":     {
      "count": 50000,
      "weight_sum": 50000,
      "min": 0,
      "max": 0,
      "mean": 0,
      "median": 0,
      "p90": 0,
      "p99": 0
    },
    "B_subtree":     {
      "count": 50000,
      "weight_sum": 50000,
      "min": 0,
      "max": 34,
      "mean": 6.8064,
      "median": 7,
      "p90": 11,
      "p99": 16
    },
    "m":     {
      "count": 50000,
      "weight_sum": 50000,
      "min": 0,
      "max": 65,
      "mean": 18.4737,
      "median": 18,
      "p90": 27,
      "p99": 38
    },
    "M_point":     {
      "count": 50000,
      "weight_sum": 50000,
      "min": 0,
      "max": 47,
      "mean": 11.6673,
      "median": 11,
      "p90": 18,
      "p99": 25
    },
    "M_subtree":     {
      "count": 50000,
      "weight_sum": 50000,
      "min": 0,
      "max": 42,
      "mean": 8.34916,
      "median": 8,
      "p90": 14,
      "p99": 20
    },
    "rho":     {
      "count": 49998,
      "weight_sum": 49998,
      "min": 1,
      "max": 3,
      "mean": 1.08602,
      "median": 1.07143,
      "p90": 1.1875,
      "p99": 1.38889
    },
    "sigma":     {
      "count": 49998,
      "weight_sum": 49998,
      "min": 0,
      "max": 1,
      "mean": 0.414778,
      "median": 0.416667,
      "p90": 0.583333,
      "p99": 0.75
    },
    "avg_subtree_mass":     {
      "count": 49565,
      "weight_sum": 49565,
      "min": 1,
      "max": 6,
      "mean": 1.23853,
      "median": 1.2,
      "p90": 1.5,
      "p99": 2
    }
  },
  "search_weighted": {
    "V_search":     {
      "count": 49998,
      "weight_sum": 1.00082e+06,
      "min": 64,
      "max": 2002,
      "mean": 500.173,
      "median": 449,
      "p90": 837,
      "p99": 1280
    },
    "P_search":     {
      "count": 49998,
      "weight_sum": 1.00082e+06,
      "min": 24,
      "max": 961,
      "mean": 236.286,
      "median": 211,
      "p90": 400,
      "p99": 621
    },
    "B_mid":     {
      "count": 49998,
      "weight_sum": 1.00082e+06,
      "min": 0,
      "max": 47,
      "mean": 13.3054,
      "median": 13,
      "p90": 20,
      "p99": 28
    },
    "B_leaf":     {
      "count": 49998,
      "weight_sum": 1.00082e+06,
      "min": 0,
      "max": 0,
      "mean": 0,
      "median": 0,
      "p90": 0,
      "p99": 0
    },
    "B_subtree":     {
      "count": 49998,
      "weight_sum": 1.00082e+06,
      "min": 0,
      "max": 34,
      "mean": 7.77841,
      "median": 7,
      "p90": 12,
      "p99": 17
    },
    "m":     {
      "count": 49998,
      "weight_sum": 1.00082e+06,
      "min": 1,
      "max": 65,
      "mean": 21.0838,
      "median": 20,
      "p90": 30,
      "p99": 43
    },
    "M_point":     {
      "count": 49998,
      "weight_sum": 1.00082e+06,
      "min": 0,
      "max": 47,
      "mean": 13.3054,
      "median": 13,
      "p90": 20,
      "p99": 28
    },
    "M_subtree":     {
      "count": 49998,
      "weight_sum": 1.00082e+06,
      "min": 0,
      "max": 42,
      "mean": 9.59031,
      "median": 9,
      "p90": 15,
      "p99": 22
    },
    "rho":     {
      "count": 49998,
      "weight_sum": 1.00082e+06,
      "min": 1,
      "max": 3,
      "mean": 1.08898,
      "median": 1.07407,
      "p90": 1.1875,
      "p99": 1.375
    },
    "sigma":     {
      "count": 49998,
      "weight_sum": 1.00082e+06,
      "min": 0,
      "max": 1,
      "mean": 0.417115,
      "median": 0.416667,
      "p90": 0.571429,
      "p99": 0.714286
    },
    "avg_subtree_mass":     {
      "count": 49565,
      "weight_sum": 997852,
      "min": 1,
      "max": 6,
      "mean": 1.24501,
      "median": 1.2,
      "p90": 1.5,
      "p99": 2
    }
  },
  "sample": {
    "t": 10000,
    "chunk_size": 2000000,
    "num_chunks": 1,
    "U_t": 8966,
    "G_t": 8966,
    "avg_repeat_global": 1.11532,
    "avg_group_size_exec": 1.11532,
    "samples_per_sec": 80522.8,
    "ns_per_sample": 12418.8,
    "checksum": 15016440641469784471,
    "group_size_equal":     {
      "count": 8966,
      "weight_sum": 8966,
      "min": 1,
      "max": 5,
      "mean": 1.11532,
      "median": 1,
      "p90": 2,
      "p99": 2
    },
    "group_size_sample_weighted":     {
      "count": 8966,
      "weight_sum": 10000,
      "min": 1,
      "max": 5,
      "mean": 1.226,
      "median": 1,
      "p90": 2,
      "p99": 3
    },
    "K_point_equal":     {
      "count": 8966,
      "weight_sum": 8966,
      "min": 0,
      "max": 4,
      "mean": 0.644658,
      "median": 1,
      "p90": 1,
      "p99": 2
    },
    "K_point_sample_weighted":     {
      "count": 8966,
      "weight_sum": 10000,
      "min": 0,
      "max": 4,
      "mean": 0.7061,
      "median": 1,
      "p90": 1,
      "p99": 2
    },
    "K_subtree_equal":     {
      "count": 8966,
      "weight_sum": 8966,
      "min": 0,
      "max": 3,
      "mean": 0.470667,
      "median": 0,
      "p90": 1,
      "p99": 2
    },