{
  "run_id": "sample_size_d4_N50000_a10_t1000000_F0_rep2",
  "network": "sample_size",
  "preset": "TH",
  "family": "F0",
  "dim": 4,
  "N": 50000,
  "alpha_target": 10,
  "alpha_expected_est": 10.0219,
  "pair_intersection_prob_est": 0.000400878,
  "coverage": 1.09581,
  "data_seed": 5477990052132126644,
  "sample_seed": 5199042459626452959,
  "data_rep": 2,
  "materialize_join": false,
  "timing_ms": {
    "T_lift": 2.49793,
    "T_tree": 13.2873,
    "T_build": 15.7857,
    "T_count_query": 179.801,
    "T_left_dist": 1.07496,
    "T_count": 180.876,
    "T_search_scan": 202.349,
    "T_plan_left": 23.9063,
    "T_group": 72.3926,
    "T_decompose": 205.399,
    "T_local_dist": 17.262,
    "T_emit": 33.6427,
    "T_sample": 367.254
  },
  "build": {
    "tree_height": 16,
    "max_depth": 15,
    "avg_node_depth": 13.6896,
    "node_count": 50000
  },
  "count": {
    "exact_join_size": 1003905,
    "alpha_actual": 10.039,
    "w":     {
      "count": 50000,
      "weight_sum": 50000,
      "min": 0,
      "max": 45,
      "mean": 20.0781,
      "median": 20,
      "p90": 28,
      "p99": 34
    },
    "V_count":     {
      "count": 50000,
      "weight_sum": 50000,
      "min": 29,
      "max": 429,
      "mean": 155.367,
      "median": 150,
      "p90": 230,
      "p99": 312
    },
    "P_count":     {
      "count": 50000,
      "weight_sum": 50000,
      "min": 12,
      "max": 200,
      "mean": 66.3251,
      "median": 63,
      "p90": 101,
      "p99": 142
    },
    "C_count":     {
      "count": 50000,
      "weight_sum": 50000,
      "min": 0,
      "max": 18,
      "mean": 6.58738,
      "median": 6,
      "p90": 10,
      "p99": 13
    },
    "H_count":     {
      "count": 50000,
      "weight_sum": 50000,
      "min": 14,
      "max": 223,
      "mean": 82.4547,
      "median": 80,
      "p90": 121,
      "p99": 163
    },
    "S_prune":     {
      "count": 50000,
      "weight_sum": 50000,
      "min": 49570,
      "max": 49971,
      "mean": 49841.6,
      "median": 49847,
      "p90": 49910,
      "p99": 49943
    },
    "S_contain":     {
      "count": 50000,
      "weight_sum": 50000,
      "min": 0,
      "max": 17,
      "mean": 3.01756,
      "median": 2,
      "p90": 6,
      "p99": 11
    },
    "D_count_max":     {
      "count": 50000,
      "weight_sum": 50000,
      "min": 13,
      "max": 15,
      "mean": 14.9997,
      "median": 15,
      "p90": 15,
      "p99": 15
    }
  },
  "search_equal": {
    "V_search":     {
      "count": 50000,
      "weight_sum": 50000,
      "min": 26,
      "max": 423,
      "mean": 148.78,
      "median": 143,
      "p90": 223,
      "p99": 304
    },
    "P_search":     {
      "count": 50000,
      "weight_sum": 50000,
      "min": 12,
      "max": 200,
      "mean": 66.3251,
      "median": 63,
      "p90": 101,
      "p99": 142
    },
    "B_mid":     {
      "count": 50000,
      "weight_sum": 50000,
      "min": 0,
      "max": 30,
      "mean": 10.4732,
      "median": 10,
      "p90": 16,
      "p99": 20
    },
    "B_leaf":     {
      "count": 50000,
      "weight_sum": 50000,
      "min": 0,
      "max": 0,
      "mean": 0,
      "median": 0,
      "p90": 0,
      "p99": 0
    },
    "B_subtree":     {
      "count": 50000,
      "weight_sum": 50000,
      "min": 0,
      "max": 18,
      "mean": 6.58738,
      "median": 6,
      "p90": 10,
      "p99": 13
    },
    "m":     {
      "count": 50000,
      "weight_sum": 50000,
      "min": 0,
      "max": 38,
      "mean": 17.0605,
      "median": 17,
      "p90": 24,
      "p99": 29
    },
    "M_point":     {
      "count": 50000,
      "weight_sum": 50000,
      "min": 0,
      "max": 30,
      "mean": 10.4732,
      "median": 10,
      "p90": 16,
      "p99": 20
    },
    "M_subtree":     {
      "count": 50000,
      "weight_sum": 50000,
      "min": 0,
      "max": 28,
      "mean": 9.60494,
      "median": 9,
      "p90": 15,
      "p99": 20
    },
    "rho":     {
      "count": 49999,
      "weight_sum": 49999,
      "min": 1,
      "max": 6.5,
      "mean": 1.19128,
      "median": 1.15,
      "p90": 1.38462,
      "p99": 1.86667
    },
    "sigma":     {
      "count": 49999,
      "weight_sum": 49999,
      "min": 0,
      "max": 1,
      "mean": 0.476089,
      "median": 0.47619,
      "p90": 0.642857,
      "p99": 0.789474
    },
    "avg_subtree_mass":     {
      "count": 49869,
      "weight_sum": 49869,
      "min": 1,
      "max": 12,
      "mean": 1.50114,
      "median": 1.4,
      "p90": 2,
      "p99": 3.4
    }
  },
  "search_weighted": {
    "V_search":     {
      "count": 49999,
      "weight_sum": 1.0039e+06,
      "min": 26,
      "max": 423,
      "mean": 157.561,
      "median": 152,
      "p90": 230,
      "p99": 311
    },
    "P_search":     {
      "count": 49999,
      "weight_sum": 1.0039e+06,
      "min": 12,
      "max": 200,
      "mean": 70.0216,
      "median": 67,
      "p90": 105,
      "p99": 145
    },
    "B_mid":     {
      "count": 49999,
      "weight_sum": 1.0039e+06,
      "min": 0,
      "max": 30,
      "mean": 11.4473,
      "median": 11,
      "p90": 17,
      "p99": 21
    },
    "B_leaf":     {
      "count": 49999,
      "weight_sum": 1.0039e+06,
      "min": 0,
      "max": 0,
      "mean": 0,
      "median": 0,
      "p90": 0,
      "p99": 0
    },
    "B_subtree":     {
      "count": 49999,
      "weight_sum": 1.0039e+06,
      "min": 0,
      "max": 18,
      "mean": 7.19394,
      "median": 7,
      "p90": 11,
      "p99": 14
    },
    "m":     {
      "count": 49999,
      "weight_sum": 1.0039e+06,
      "min": 1,
      "max": 38,
      "mean": 18.6413,
      "median": 19,
      "p90": 25,
      "p99": 30
    },
    "M_point":     {
      "count": 49999,
      "weight_sum": 1.0039e+06,
      "min": 0,
      "max": 30,
      "mean": 11.4473,
      "median": 11,
      "p90": 17,
      "p99": 21
    },
    "M_subtree":     {
      "count": 49999,
      "weight_sum": 1.0039e+06,
      "min": 0,
      "max": 28,
      "mean": 10.5749,
      "median": 10,
      "p90": 16,
      "p99": 21
    },
    "rho":     {
      "count": 49999,
      "weight_sum": 1.0039e+06,
      "min": 1,
      "max": 6.5,
      "mean": 1.19609,
      "median": 1.15385,
      "p90": 1.38462,
      "p99": 1.85714
    },
    "sigma":     {
      "count": 49999,
      "weight_sum": 1.0039e+06,
      "min": 0,
      "max": 1,
      "mean": 0.478379,
      "median": 0.478261,
      "p90": 0.636364,
      "p99": 0.772727
    },
    "avg_subtree_mass":     {
      "count": 49869,
      "weight_sum": 1.00304e+06,
      "min": 1,
      "max": 12,
      "mean": 1.51345,
      "median": 1.4,
      "p90": 2,
      "p99": 3.33333
    }
  },
  "sample": {
    "t": 1000000,
    "chunk_size": 2000000,
    "num_chunks": 1,
    "U_t": 49987,
    "G_t": 49987,
    "avg_repeat_global": 20.0052,
    "avg_group_size_exec": 20.0052,
    "samples_per_sec": 2.72291e+06,
    "ns_per_sample": 367.254,
    "checksum": 4902183728698817740,
    "group_size_equal":     {
      "count": 49987,
      "weight_sum": 49987,
      "min": 1,
      "max": 56,
      "mean": 20.0052,
      "median": 20,
      "p90": 30,
      "p99": 39
    },
    "group_size_sample_weighted":     {
      "count": 49987,
      "weight_sum": 1e+06,
      "min": 1,
      "max": 56,
      "mean": 22.926,
      "median": 23,
      "p90": 33,
      "p99": 42
    },
    "K_point_equal":     {
      "count": 49987,
      "weight_sum": 49987,
      "min": 0,
      "max": 37,
      "mean": 10.4362,
      "median": 10,
      "p90": 17,
      "p99": 24
    },
    "K_point_sample_weighted":     {
      "count": 49987,
      "weight_sum": 1e+06,
      "min": 0,
      "max": 37,
      "mean": 11.9258,
      "median": 12,
      "p90": 19,
      "p99": 26
    },
    "K_subtree_equal":     {
      "count": 49987,
      "weight_sum": 49987,
      "min": 0,
      "max": 36,
      "mean": 9.56905,
      "median": 9,
      "p90": 16,
      "p99": 23
    },