{
  "run_id": "chunk_d2_N20000_a10_t3000000_F1_rep1",
  "network": "chunk",
  "preset": "TH",
  "family": "F1",
  "dim": 2,
  "N": 20000,
  "alpha_target": 10,
  "alpha_expected_est": 9.87983,
  "pair_intersection_prob_est": 0.000987983,
  "coverage": 4.19097,
  "data_seed": 7347284405411705395,
  "sample_seed": 195362369508830149,
  "data_rep": 1,
  "materialize_join": false,
  "timing_ms": {
    "T_lift": 0.566621,
    "T_tree": 9.42287,
    "T_build": 9.98993,
    "T_count_query": 22.0587,
    "T_left_dist": 0.439042,
    "T_count": 22.4979,
    "T_search_scan": 24.4073,
    "T_plan_left": 66.0942,
    "T_group": 223.126,
    "T_decompose": 55.4799,
    "T_local_dist": 12.4337,
    "T_emit": 95.1319,
    "T_sample": 473.057
  },
  "build": {
    "tree_height": 15,
    "max_depth": 14,
    "avg_node_depth": 12.3624,
    "node_count": 20000
  },
  "count": {
    "exact_join_size": 396326,
    "alpha_actual": 9.90815,
    "w":     {
      "count": 20000,
      "weight_sum": 20000,
      "min": 2,
      "max": 59,
      "mean": 19.8163,
      "median": 20,
      "p90": 26,
      "p99": 34
    },
    "V_count":     {
      "count": 20000,
      "weight_sum": 20000,
      "min": 27,
      "max": 196,
      "mean": 83.9036,
      "median": 83,
      "p90": 111,
      "p99": 137
    },
    "P_count":     {
      "count": 20000,
      "weight_sum": 20000,
      "min": 11,
      "max": 82,
      "mean": 34.0859,
      "median": 34,
      "p90": 46,
      "p99": 57
    },
    "C_count":     {
      "count": 20000,
      "weight_sum": 20000,
      "min": 1,
      "max": 21,
      "mean": 6.6987,
      "median": 7,
      "p90": 9,
      "p99": 13
    },
    "H_count":     {
      "count": 20000,
      "weight_sum": 20000,
      "min": 13,
      "max": 102,
      "mean": 43.1189,
      "median": 43,
      "p90": 57,
      "p99": 71
    },
    "S_prune":     {
      "count": 20000,
      "weight_sum": 20000,
      "min": 19794,
      "max": 19966,
      "mean": 19911,
      "median": 19912,
      "p90": 19937,
      "p99": 19953
    },
    "S_contain":     {
      "count": 20000,
      "weight_sum": 20000,
      "min": 0,
      "max": 24,
      "mean": 5.11125,
      "median": 5,
      "p90": 9,
      "p99": 14
    },
    "D_count_max":     {
      "count": 20000,
      "weight_sum": 20000,
      "min": 11,
      "max": 14,
      "mean": 13.9736,
      "median": 14,
      "p90": 14,
      "p99": 14
    }
  },
  "search_equal": {
    "V_search":     {
      "count": 20000,
      "weight_sum": 20000,
      "min": 25,
      "max": 184,
      "mean": 77.2049,
      "median": 76,
      "p90": 103,
      "p99": 128
    },
    "P_search":     {
      "count": 20000,
      "weight_sum": 20000,
      "min": 11,
      "max": 82,
      "mean": 34.0859,
      "median": 34,
      "p90": 46,
      "p99": 57
    },
    "B_mid":     {
      "count": 20000,
      "weight_sum": 20000,
      "min": 0,
      "max": 30,
      "mean": 8.00635,
      "median": 8,
      "p90": 12,
      "p99": 16
    },
    "B_leaf":     {
      "count": 20000,
      "weight_sum": 20000,
      "min": 0,
      "max": 0,
      "mean": 0,
      "median": 0,
      "p90": 0,
      "p99": 0
    },
    "B_subtree":     {
      "count": 20000,
      "weight_sum": 20000,
      "min": 1,
      "max": 21,
      "mean": 6.6987,
      "median": 7,
      "p90": 9,
      "p99": 13
    },
    "m":     {
      "count": 20000,
      "weight_sum": 20000,
      "min": 2,
      "max": 45,
      "mean": 14.705,
      "median": 14,
      "p90": 20,
      "p99": 26
    },
    "M_point":     {
      "count": 20000,
      "weight_sum": 20000,
      "min": 0,
      "max": 30,
      "mean": 8.00635,
      "median": 8,
      "p90": 12,
      "p99": 16
    },
    "M_subtree":     {
      "count": 20000,
      "weight_sum": 20000,
      "min": 1,
      "max": 38,
      "mean": 11.81,
      "median": 11,
      "p90": 17,
      "p99": 23
    },
    "rho":     {
      "count": 20000,
      "weight_sum": 20000,
      "min": 1,
      "max": 10,
      "mean": 1.38138,
      "median": 1.31579,
      "p90": 1.75,
      "p99": 2.33333
    },
    "sigma":     {
      "count": 20000,
      "weight_sum": 20000,
      "min": 0.0909091,
      "max": 1,
      "mean": 0.591846,
      "median": 0.592593,
      "p90": 0.73913,
      "p99": 0.857143
    },
    "avg_subtree_mass":     {
      "count": 20000,
      "weight_sum": 20000,
      "min": 1,
      "max": 19,
      "mean": 1.83889,
      "median": 1.71429,
      "p90": 2.57143,
      "p99": 4
    }
  },
  "search_weighted": {
    "V_search":     {
      "count": 20000,
      "weight_sum": 396326,
      "min": 25,
      "max": 184,
      "mean": 78.9864,
      "median": 78,
      "p90": 105,
      "p99": 130
    },
    "P_search":     {
      "count": 20000,
      "weight_sum": 396326,
      "min": 11,
      "max": 82,
      "mean": 34.707,
      "median": 34,
      "p90": 47,
      "p99": 58
    },
    "B_mid":     {
      "count": 20000,
      "weight_sum": 396326,
      "min": 0,
      "max": 30,
      "mean": 8.49902,
      "median": 8,
      "p90": 12,
      "p99": 17
    },
    "B_leaf":     {
      "count": 20000,
      "weight_sum": 396326,
      "min": 0,
      "max": 0,
      "mean": 0,
      "median": 0,
      "p90": 0,
      "p99": 0
    },
    "B_subtree":     {
      "count": 20000,
      "weight_sum": 396326,
      "min": 1,
      "max": 21,
      "mean": 7.10617,
      "median": 7,
      "p90": 10,
      "p99": 14
    },
    "m":     {
      "count": 20000,
      "weight_sum": 396326,
      "min": 2,
      "max": 45,
      "mean": 15.6052,
      "median": 15,
      "p90": 21,
      "p99": 28
    },
    "M_point":     {
      "count": 20000,
      "weight_sum": 396326,
      "min": 0,
      "max": 30,
      "mean": 8.49902,
      "median": 8,
      "p90": 12,
      "p99": 17
    },
    "M_subtree":     {
      "count": 20000,
      "weight_sum": 396326,
      "min": 1,
      "max": 38,
      "mean": 12.7399,
      "median": 12,
      "p90": 18,
      "p99": 25
    },
    "rho":     {
      "count": 20000,
      "weight_sum": 396326,
      "min": 1,
      "max": 10,
      "mean": 1.3967,
      "median": 1.33333,
      "p90": 1.75,
      "p99": 2.375
    },
    "sigma":     {
      "count": 20000,
      "weight_sum": 396326,
      "min": 0.0909091,
      "max": 1,
      "mean": 0.595971,
      "median": 0.6,
      "p90": 0.73913,
      "p99": 0.85
    },
    "avg_subtree_mass":     {
      "count": 20000,
      "weight_sum": 396326,
      "min": 1,
      "max": 19,
      "mean": 1.87262,
      "median": 1.75,
      "p90": 2.625,
      "p99": 4
    }
  },
  "sample": {
    "t": 3000000,
    "chunk_size": 2000000,
    "num_chunks": 2,
    "U_t": 20000,
    "G_t": 40000,
    "avg_repeat_global": 150,
    "avg_group_size_exec": 75,
    "samples_per_sec": 6.34172e+06,
    "ns_per_sample": 157.686,
    "checksum": 2278433747454122631,
    "group_size_equal":     {
      "count": 40000,
      "weight_sum": 40000,
      "min": 5,
      "max": 320,
      "mean": 75,
      "median": 68,
      "p90": 122,
      "p99": 165
    },
    "group_size_sample_weighted":     {
      "count": 40000,
      "weight_sum": 3e+06,
      "min": 5,
      "max": 320,
      "mean": 90.3078,
      "median": 89,
      "p90": 137,
      "p99": 183
    },
    "K_point_equal":     {
      "count": 40000,
      "weight_sum": 40000,
      "min": 0,
      "max": 151,
      "mean": 30.2946,
      "median": 27,
      "p90": 53,
      "p99": 77
    },
    "K_point_sample_weighted":     {
      "count": 40000,
      "weight_sum": 3e+06,
      "min": 0,
      "max": 151,
      "mean": 36.1519,
      "median": 34,
      "p90": 60,
      "p99": 85
    },
    "K_subtree_equal":     {
      "count": 40000,
      "weight_sum": 40000,
      "min": 2,
      "max": 202,
      "mean": 44.7054,
      "median": 40,
      "p90": 77,
      "p99": 112
    },
    "K_subtree_sample_weighted":     {
      "count": 40000,