{
  "run_id": "density_d5_N50000_a0p1_t200000_F1_rep0",
  "network": "density",
  "preset": "TH",
  "family": "F1",
  "dim": 5,
  "N": 50000,
  "alpha_target": 0.1,
  "alpha_expected_est": 0.100402,
  "pair_intersection_prob_est": 4.0161e-06,
  "coverage": 0.00322357,
  "data_seed": 667458207055429700,
  "sample_seed": 7425587964193840403,
  "data_rep": 0,
  "materialize_join": false,
  "timing_ms": {
    "T_lift": 2.41067,
    "T_tree": 15.3478,
    "T_build": 17.7589,
    "T_count_query": 150.94,
    "T_left_dist": 0.863253,
    "T_count": 151.803,
    "T_search_scan": 162.609,
    "T_plan_left": 4.18785,
    "T_group": 13.3137,
    "T_decompose": 32.6918,
    "T_local_dist": 0.80667,
    "T_emit": 5.36571,
    "T_sample": 59.3769
  },
  "build": {
    "tree_height": 16,
    "max_depth": 15,
    "avg_node_depth": 13.6896,
    "node_count": 50000
  },
  "count": {
    "exact_join_size": 10137,
    "alpha_actual": 0.10137,
    "w":     {
      "count": 50000,
      "weight_sum": 50000,
      "min": 0,
      "max": 4,
      "mean": 0.20274,
      "median": 0,
      "p90": 1,
      "p99": 2
    },
    "V_count":     {
      "count": 50000,
      "weight_sum": 50000,
      "min": 23,
      "max": 715,
      "mean": 125.293,
      "median": 109,
      "p90": 213,
      "p99": 359
    },
    "P_count":     {
      "count": 50000,
      "weight_sum": 50000,
      "min": 12,
      "max": 358,
      "mean": 62.6297,
      "median": 54,
      "p90": 107,
      "p99": 180
    },
    "C_count":     {
      "count": 50000,
      "weight_sum": 50000,
      "min": 0,
      "max": 3,
      "mean": 0.07138,
      "median": 0,
      "p90": 0,
      "p99": 1
    },
    "H_count":     {
      "count": 50000,
      "weight_sum": 50000,
      "min": 11,
      "max": 357,
      "mean": 62.5919,
      "median": 54,
      "p90": 107,
      "p99": 180
    },
    "S_prune":     {
      "count": 50000,
      "weight_sum": 50000,
      "min": 49285,
      "max": 49977,
      "mean": 49874.7,
      "median": 49891,
      "p90": 49943,
      "p99": 49963
    },
    "S_contain":     {
      "count": 50000,
      "weight_sum": 50000,
      "min": 0,
      "max": 1,
      "mean": 0.00116,
      "median": 0,
      "p90": 0,
      "p99": 0
    },
    "D_count_max":     {
      "count": 50000,
      "weight_sum": 50000,
      "min": 9,
      "max": 15,
      "mean": 14.6259,
      "median": 15,
      "p90": 15,
      "p99": 15
    }
  },
  "search_equal": {
    "V_search":     {
      "count": 50000,
      "weight_sum": 50000,
      "min": 23,
      "max": 715,
      "mean": 125.222,
      "median": 109,
      "p90": 213,
      "p99": 359
    },
    "P_search":     {
      "count": 50000,
      "weight_sum": 50000,
      "min": 12,
      "max": 358,
      "mean": 62.6297,
      "median": 54,
      "p90": 107,
      "p99": 180
    },
    "B_mid":     {
      "count": 50000,
      "weight_sum": 50000,
      "min": 0,
      "max": 3,
      "mean": 0.1302,
      "median": 0,
      "p90": 1,
      "p99": 1
    },
    "B_leaf":     {
      "count": 50000,
      "weight_sum": 50000,
      "min": 0,
      "max": 0,
      "mean": 0,
      "median": 0,
      "p90": 0,
      "p99": 0
    },
    "B_subtree":     {
      "count": 50000,
      "weight_sum": 50000,
      "min": 0,
      "max": 3,
      "mean": 0.07138,
      "median": 0,
      "p90": 0,
      "p99": 1
    },
    "m":     {
      "count": 50000,
      "weight_sum": 50000,
      "min": 0,
      "max": 4,
      "mean": 0.20158,
      "median": 0,
      "p90": 1,
      "p99": 2
    },
    "M_point":     {
      "count": 50000,
      "weight_sum": 50000,
      "min": 0,
      "max": 3,
      "mean": 0.1302,
      "median": 0,
      "p90": 1,
      "p99": 1
    },
    "M_subtree":     {
      "count": 50000,
      "weight_sum": 50000,
      "min": 0,
      "max": 3,
      "mean": 0.07254,
      "median": 0,
      "p90": 0,
      "p99": 1
    },
    "rho":     {
      "count": 9118,
      "weight_sum": 9118,
      "min": 1,
      "max": 2,
      "mean": 1.00603,
      "median": 1,
      "p90": 1,
      "p99": 1
    },
    "sigma":     {
      "count": 9118,
      "weight_sum": 9118,
      "min": 0,
      "max": 1,
      "mean": 0.356145,
      "median": 0,
      "p90": 1,
      "p99": 1
    },
    "avg_subtree_mass":     {
      "count": 3456,
      "weight_sum": 3456,
      "min": 1,
      "max": 2,
      "mean": 1.01649,
      "median": 1,
      "p90": 1,
      "p99": 2
    }
  },
  "search_weighted": {
    "V_search":     {
      "count": 9118,
      "weight_sum": 10137,
      "min": 28,
      "max": 635,
      "mean": 133.316,
      "median": 117,
      "p90": 225,
      "p99": 377
    },
    "P_search":     {
      "count": 9118,
      "weight_sum": 10137,
      "min": 14,
      "max": 317,
      "mean": 66.2059,
      "median": 58,
      "p90": 112,
      "p99": 188
    },
    "B_mid":     {
      "count": 9118,
      "weight_sum": 10137,
      "min": 0,
      "max": 3,
      "mean": 0.776462,
      "median": 1,
      "p90": 1,
      "p99": 2
    },
    "B_leaf":     {
      "count": 9118,
      "weight_sum": 10137,
      "min": 0,
      "max": 0,
      "mean": 0,
      "median": 0,
      "p90": 0,
      "p99": 0
    },
    "B_subtree":     {
      "count": 9118,
      "weight_sum": 10137,
      "min": 0,
      "max": 3,
      "mean": 0.424781,
      "median": 0,
      "p90": 1,
      "p99": 2
    },
    "m":     {
      "count": 9118,
      "weight_sum": 10137,
      "min": 1,
      "max": 4,
      "mean": 1.20124,
      "median": 1,
      "p90": 2,
      "p99": 3
    },
    "M_point":     {
      "count": 9118,
      "weight_sum": 10137,
      "min": 0,
      "max": 3,
      "mean": 0.776462,
      "median": 1,
      "p90": 1,
      "p99": 2
    },
    "M_subtree":     {
      "count": 9118,
      "weight_sum": 10137,
      "min": 0,
      "max": 3,
      "mean": 0.436816,
      "median": 0,
      "p90": 1,
      "p99": 2
    },
    "rho":     {
      "count": 9118,
      "weight_sum": 10137,
      "min": 1,
      "max": 2,
      "mean": 1.01115,
      "median": 1,
      "p90": 1,
      "p99": 2
    },
    "sigma":     {
      "count": 9118,
      "weight_sum": 10137,
      "min": 0,
      "max": 1,
      "mean": 0.357798,
      "median": 0,
      "p90": 1,
      "p99": 1
    },
    "avg_subtree_mass":     {
      "count": 3456,
      "weight_sum": 4065,
      "min": 1,
      "max": 2,
      "mean": 1.02927,
      "median": 1,
      "p90": 1,
      "p99": 2
    }
  },
  "sample": {
    "t": 200000,
    "chunk_size": 2000000,
    "num_chunks": 1,
    "U_t": 9118,
    "G_t": 9118,
    "avg_repeat_global": 21.9346,
    "avg_group_size_exec": 21.9346,
    "samples_per_sec": 3.36832e+06,
    "ns_per_sample": 296.884,
    "checksum": 13554000839145439984,
    "group_size_equal":     {
      "count": 9118,
      "weight_sum": 9118,
      "min": 6,
      "max": 76,
      "mean": 21.9346,
      "median": 20,
      "p90": 32,
      "p99": 50
    },
    "group_size_sample_weighted":     {
      "count": 9118,
      "weight_sum": 200000,
      "min": 6,
      "max": 76,
      "mean": 24.8996,
      "median": 22,
      "p90": 41,
      "p99": 60
    },
    "K_point_equal":     {
      "count": 9118,
      "weight_sum": 9118,
      "min": 0,
      "max": 76,
      "mean": 14.0877,
      "median": 17,
      "p90": 26,
      "p99": 44
    },
    "K_point_sample_weighted":     {
      "count": 9118,
      "weight_sum": 200000,
      "min": 0,
      "max": 76,
      "mean": 15.9157,
      "median": 18,
      "p90": 29,
      "p99": 50
    },
    "K_subtree_equal":     {
      "count": 9118,
      "weight_sum": 9118,
      "min": 0,
      "max": 66,
      "mean": 7.8469,
      "median": 0,
      "p90": 23,
      "p99": 39
    },
    "K_subtree_sample_weighted":     {
      "count": 9118,
      "weight_sum": 200000,
      "min": 0,
      "max": 66,
      "mean": 8.98381,
      "median": 0,
      "p90": 25,
      "p99": 45
    }
  },