{
  "run_id": "density_d5_N50000_a0p1_t200000_F0_rep2",
  "network": "density",
  "preset": "TH",
  "family": "F0",
  "dim": 5,
  "N": 50000,
  "alpha_target": 0.1,
  "alpha_expected_est": 0.0993049,
  "pair_intersection_prob_est": 3.97219e-06,
  "coverage": 0.00561228,
  "data_seed": 8003551767158391875,
  "sample_seed": 2448895968698039809,
  "data_rep": 2,
  "materialize_join": false,
  "timing_ms": {
    "T_lift": 1.33651,
    "T_tree": 17.8121,
    "T_build": 19.1488,
    "T_count_query": 66.1292,
    "T_left_dist": 0.846851,
    "T_count": 66.9764,
    "T_search_scan": 69.5262,
    "T_plan_left": 4.15909,
    "T_group": 13.1483,
    "T_decompose": 14.2645,
    "T_local_dist": 0.745754,
    "T_emit": 4.94967,
    "T_sample": 40.1173
  },
  "build": {
    "tree_height": 16,
    "max_depth": 15,
    "avg_node_depth": 13.6896,
    "node_count": 50000
  },
  "count": {
    "exact_join_size": 10051,
    "alpha_actual": 0.10051,
    "w":     {
      "count": 50000,
      "weight_sum": 50000,
      "min": 0,
      "max": 5,
      "mean": 0.20102,
      "median": 0,
      "p90": 1,
      "p99": 2
    },
    "V_count":     {
      "count": 50000,
      "weight_sum": 50000,
      "min": 23,
      "max": 334,
      "mean": 55.6843,
      "median": 49,
      "p90": 88,
      "p99": 149
    },
    "P_count":     {
      "count": 50000,
      "weight_sum": 50000,
      "min": 12,
      "max": 167,
      "mean": 27.9797,
      "median": 25,
      "p90": 44,
      "p99": 75
    },
    "C_count":     {
      "count": 50000,
      "weight_sum": 50000,
      "min": 0,
      "max": 2,
      "mean": 0.06756,
      "median": 0,
      "p90": 0,
      "p99": 1
    },
    "H_count":     {
      "count": 50000,
      "weight_sum": 50000,
      "min": 11,
      "max": 167,
      "mean": 27.637,
      "median": 24,
      "p90": 44,
      "p99": 74
    },
    "S_prune":     {
      "count": 50000,
      "weight_sum": 50000,
      "min": 49666,
      "max": 49977,
      "mean": 49944.3,
      "median": 49951,
      "p90": 49969,
      "p99": 49973
    },
    "S_contain":     {
      "count": 50000,
      "weight_sum": 50000,
      "min": 0,
      "max": 1,
      "mean": 0.00168,
      "median": 0,
      "p90": 0,
      "p99": 0
    },
    "D_count_max":     {
      "count": 50000,
      "weight_sum": 50000,
      "min": 11,
      "max": 15,
      "mean": 14.4489,
      "median": 15,
      "p90": 15,
      "p99": 15
    }
  },
  "search_equal": {
    "V_search":     {
      "count": 50000,
      "weight_sum": 50000,
      "min": 23,
      "max": 334,
      "mean": 55.6167,
      "median": 49,
      "p90": 87,
      "p99": 149
    },
    "P_search":     {
      "count": 50000,
      "weight_sum": 50000,
      "min": 12,
      "max": 167,
      "mean": 27.9797,
      "median": 25,
      "p90": 44,
      "p99": 75
    },
    "B_mid":     {
      "count": 50000,
      "weight_sum": 50000,
      "min": 0,
      "max": 3,
      "mean": 0.13178,
      "median": 0,
      "p90": 1,
      "p99": 1
    },
    "B_leaf":     {
      "count": 50000,
      "weight_sum": 50000,
      "min": 0,
      "max": 0,
      "mean": 0,
      "median": 0,
      "p90": 0,
      "p99": 0
    },
    "B_subtree":     {
      "count": 50000,
      "weight_sum": 50000,
      "min": 0,
      "max": 2,
      "mean": 0.06756,
      "median": 0,
      "p90": 0,
      "p99": 1
    },
    "m":     {
      "count": 50000,
      "weight_sum": 50000,
      "min": 0,
      "max": 5,
      "mean": 0.19934,
      "median": 0,
      "p90": 1,
      "p99": 2
    },
    "M_point":     {
      "count": 50000,
      "weight_sum": 50000,
      "min": 0,
      "max": 3,
      "mean": 0.13178,
      "median": 0,
      "p90": 1,
      "p99": 1
    },
    "M_subtree":     {
      "count": 50000,
      "weight_sum": 50000,
      "min": 0,
      "max": 3,
      "mean": 0.06924,
      "median": 0,
      "p90": 0,
      "p99": 1
    },
    "rho":     {
      "count": 9009,
      "weight_sum": 9009,
      "min": 1,
      "max": 2,
      "mean": 1.00877,
      "median": 1,
      "p90": 1,
      "p99": 1
    },
    "sigma":     {
      "count": 9009,
      "weight_sum": 9009,
      "min": 0,
      "max": 1,
      "mean": 0.34211,
      "median": 0,
      "p90": 1,
      "p99": 1
    },
    "avg_subtree_mass":     {
      "count": 3282,
      "weight_sum": 3282,
      "min": 1,
      "max": 2,
      "mean": 1.02514,
      "median": 1,
      "p90": 1,
      "p99": 2
    }
  },
  "search_weighted": {
    "V_search":     {
      "count": 9009,
      "weight_sum": 10051,
      "min": 27,
      "max": 291,
      "mean": 58.3444,
      "median": 52,
      "p90": 91,
      "p99": 152
    },
    "P_search":     {
      "count": 9009,
      "weight_sum": 10051,
      "min": 14,
      "max": 145,
      "mean": 28.9033,
      "median": 26,
      "p90": 45,
      "p99": 76
    },
    "B_mid":     {
      "count": 9009,
      "weight_sum": 10051,
      "min": 0,
      "max": 3,
      "mean": 0.797533,
      "median": 1,
      "p90": 1,
      "p99": 2
    },
    "B_leaf":     {
      "count": 9009,
      "weight_sum": 10051,
      "min": 0,
      "max": 0,
      "mean": 0,
      "median": 0,
      "p90": 0,
      "p99": 0
    },
    "B_subtree":     {
      "count": 9009,
      "weight_sum": 10051,
      "min": 0,
      "max": 2,
      "mean": 0.408218,
      "median": 0,
      "p90": 1,
      "p99": 2
    },
    "m":     {
      "count": 9009,
      "weight_sum": 10051,
      "min": 1,
      "max": 5,
      "mean": 1.20575,
      "median": 1,
      "p90": 2,
      "p99": 3
    },
    "M_point":     {
      "count": 9009,
      "weight_sum": 10051,
      "min": 0,
      "max": 3,
      "mean": 0.797533,
      "median": 1,
      "p90": 1,
      "p99": 2
    },
    "M_subtree":     {
      "count": 9009,
      "weight_sum": 10051,
      "min": 0,
      "max": 3,
      "mean": 0.425928,
      "median": 0,
      "p90": 1,
      "p99": 2
    },
    "rho":     {
      "count": 9009,
      "weight_sum": 10051,
      "min": 1,
      "max": 2,
      "mean": 1.01622,
      "median": 1,
      "p90": 1,
      "p99": 2
    },
    "sigma":     {
      "count": 9009,
      "weight_sum": 10051,
      "min": 0,
      "max": 1,
      "mean": 0.344443,
      "median": 0,
      "p90": 1,
      "p99": 1
    },
    "avg_subtree_mass":     {
      "count": 3282,
      "weight_sum": 3891,
      "min": 1,
      "max": 2,
      "mean": 1.04459,
      "median": 1,
      "p90": 1,
      "p99": 2
    }
  },
  "sample": {
    "t": 200000,
    "chunk_size": 2000000,
    "num_chunks": 1,
    "U_t": 9009,
    "G_t": 9009,
    "avg_repeat_global": 22.2,
    "avg_group_size_exec": 22.2,
    "samples_per_sec": 4.98539e+06,
    "ns_per_sample": 200.586,
    "checksum": 2232376770044632939,
    "group_size_equal":     {
      "count": 9009,
      "weight_sum": 9009,
      "min": 6,
      "max": 101,
      "mean": 22.2,
      "median": 21,
      "p90": 32,
      "p99": 50
    },
    "group_size_sample_weighted":     {
      "count": 9009,
      "weight_sum": 200000,
      "min": 6,
      "max": 101,
      "mean": 25.2158,
      "median": 22,
      "p90": 41,
      "p99": 61
    },
    "K_point_equal":     {
      "count": 9009,
      "weight_sum": 9009,
      "min": 0,
      "max": 79,
      "mean": 14.508,
      "median": 17,
      "p90": 26,
      "p99": 45
    },
    "K_point_sample_weighted":     {
      "count": 9009,
      "weight_sum": 200000,
      "min": 0,
      "max": 79,
      "mean": 16.3606,
      "median": 19,
      "p90": 30,
      "p99": 51
    },
    "K_subtree_equal":     {
      "count": 9009,
      "weight_sum": 9009,
      "min": 0,
      "max": 71,
      "mean": 7.69197,
      "median": 0,
      "p90": 23,
      "p99": 39
    },
    "K_subtree_sample_weighted":     {
      "count": 9009,
      "weight_sum": 200000,
      "min": 0,
      "max": 71,
      "mean": 8.8552,
      "median": 0,
      "p90": 25,
      "p99": 44
    }
  },