{
  "run_id": "density_d2_N50000_a1_t200000_F1_rep2",
  "network": "density",
  "preset": "TH",
  "family": "F1",
  "dim": 2,
  "N": 50000,
  "alpha_target": 1,
  "alpha_expected_est": 0.988659,
  "pair_intersection_prob_est": 3.95463e-05,
  "coverage": 0.423836,
  "data_seed": 4990604468133593537,
  "sample_seed": 7474361663332262467,
  "data_rep": 2,
  "materialize_join": false,
  "timing_ms": {
    "T_lift": 0.778887,
    "T_tree": 10.3438,
    "T_build": 11.1229,
    "T_count_query": 25.263,
    "T_left_dist": 1.22822,
    "T_count": 26.4913,
    "T_search_scan": 27.7136,
    "T_plan_left": 5.14356,
    "T_group": 12.8537,
    "T_decompose": 23.7938,
    "T_local_dist": 4.02659,
    "T_emit": 6.56618,
    "T_sample": 58.9974
  },
  "build": {
    "tree_height": 16,
    "max_depth": 15,
    "avg_node_depth": 13.6896,
    "node_count": 50000
  },
  "count": {
    "exact_join_size": 98979,
    "alpha_actual": 0.98979,
    "w":     {
      "count": 50000,
      "weight_sum": 50000,
      "min": 0,
      "max": 10,
      "mean": 1.97958,
      "median": 2,
      "p90": 4,
      "p99": 6
    },
    "V_count":     {
      "count": 50000,
      "weight_sum": 50000,
      "min": 19,
      "max": 98,
      "mean": 38.9388,
      "median": 37,
      "p90": 50,
      "p99": 65
    },
    "P_count":     {
      "count": 50000,
      "weight_sum": 50000,
      "min": 10,
      "max": 48,
      "mean": 18.6944,
      "median": 18,
      "p90": 24,
      "p99": 31
    },
    "C_count":     {
      "count": 50000,
      "weight_sum": 50000,
      "min": 0,
      "max": 5,
      "mean": 0.6783,
      "median": 1,
      "p90": 2,
      "p99": 3
    },
    "H_count":     {
      "count": 50000,
      "weight_sum": 50000,
      "min": 9,
      "max": 49,
      "mean": 19.5661,
      "median": 19,
      "p90": 26,
      "p99": 33
    },
    "S_prune":     {
      "count": 50000,
      "weight_sum": 50000,
      "min": 49901,
      "max": 49981,
      "mean": 49960.9,
      "median": 49963,
      "p90": 49970,
      "p99": 49971
    },
    "S_contain":     {
      "count": 50000,
      "weight_sum": 50000,
      "min": 0,
      "max": 5,
      "mean": 0.2015,
      "median": 0,
      "p90": 1,
      "p99": 2
    },
    "D_count_max":     {
      "count": 50000,
      "weight_sum": 50000,
      "min": 9,
      "max": 15,
      "mean": 14.7837,
      "median": 15,
      "p90": 15,
      "p99": 15
    }
  },
  "search_equal": {
    "V_search":     {
      "count": 50000,
      "weight_sum": 50000,
      "min": 19,
      "max": 97,
      "mean": 38.2605,
      "median": 36,
      "p90": 50,
      "p99": 64
    },
    "P_search":     {
      "count": 50000,
      "weight_sum": 50000,
      "min": 10,
      "max": 48,
      "mean": 18.6944,
      "median": 18,
      "p90": 24,
      "p99": 31
    },
    "B_mid":     {
      "count": 50000,
      "weight_sum": 50000,
      "min": 0,
      "max": 7,
      "mean": 1.09978,
      "median": 1,
      "p90": 2,
      "p99": 4
    },
    "B_leaf":     {
      "count": 50000,
      "weight_sum": 50000,
      "min": 0,
      "max": 0,
      "mean": 0,
      "median": 0,
      "p90": 0,
      "p99": 0
    },
    "B_subtree":     {
      "count": 50000,
      "weight_sum": 50000,
      "min": 0,
      "max": 5,
      "mean": 0.6783,
      "median": 1,
      "p90": 2,
      "p99": 3
    },
    "m":     {
      "count": 50000,
      "weight_sum": 50000,
      "min": 0,
      "max": 9,
      "mean": 1.77808,
      "median": 2,
      "p90": 3,
      "p99": 5
    },
    "M_point":     {
      "count": 50000,
      "weight_sum": 50000,
      "min": 0,
      "max": 7,
      "mean": 1.09978,
      "median": 1,
      "p90": 2,
      "p99": 4
    },
    "M_subtree":     {
      "count": 50000,
      "weight_sum": 50000,
      "min": 0,
      "max": 7,
      "mean": 0.8798,
      "median": 1,
      "p90": 2,
      "p99": 4
    },
    "rho":     {
      "count": 42927,
      "weight_sum": 42927,
      "min": 1,
      "max": 6,
      "mean": 1.12251,
      "median": 1,
      "p90": 1.5,
      "p99": 2
    },
    "sigma":     {
      "count": 42927,
      "weight_sum": 42927,
      "min": 0,
      "max": 1,
      "mean": 0.422947,
      "median": 0.5,
      "p90": 1,
      "p99": 1
    },
    "avg_subtree_mass":     {
      "count": 27186,
      "weight_sum": 27186,
      "min": 1,
      "max": 6,
      "mean": 1.30526,
      "median": 1,
      "p90": 2,
      "p99": 2
    }
  },
  "search_weighted": {
    "V_search":     {
      "count": 42927,
      "weight_sum": 98979,
      "min": 25,
      "max": 97,
      "mean": 39.2674,
      "median": 38,
      "p90": 51,
      "p99": 65
    },
    "P_search":     {
      "count": 42927,
      "weight_sum": 98979,
      "min": 12,
      "max": 48,
      "mean": 18.9124,
      "median": 18,
      "p90": 24,
      "p99": 32
    },
    "B_mid":     {
      "count": 42927,
      "weight_sum": 98979,
      "min": 0,
      "max": 7,
      "mean": 1.6194,
      "median": 1,
      "p90": 3,
      "p99": 5
    },
    "B_leaf":     {
      "count": 42927,
      "weight_sum": 98979,
      "min": 0,
      "max": 0,
      "mean": 0,
      "median": 0,
      "p90": 0,
      "p99": 0
    },
    "B_subtree":     {
      "count": 42927,
      "weight_sum": 98979,
      "min": 0,
      "max": 5,
      "mean": 1.01103,
      "median": 1,
      "p90": 2,
      "p99": 3
    },
    "m":     {
      "count": 42927,
      "weight_sum": 98979,
      "min": 1,
      "max": 9,
      "mean": 2.63044,
      "median": 2,
      "p90": 4,
      "p99": 6
    },
    "M_point":     {
      "count": 42927,
      "weight_sum": 98979,
      "min": 0,
      "max": 7,
      "mean": 1.6194,
      "median": 1,
      "p90": 3,
      "p99": 5
    },
    "M_subtree":     {
      "count": 42927,
      "weight_sum": 98979,
      "min": 0,
      "max": 7,
      "mean": 1.38456,
      "median": 1,
      "p90": 3,
      "p99": 5
    },
    "rho":     {
      "count": 42927,
      "weight_sum": 98979,
      "min": 1,
      "max": 6,
      "mean": 1.16462,
      "median": 1,
      "p90": 1.5,
      "p99": 2
    },
    "sigma":     {
      "count": 42927,
      "weight_sum": 98979,
      "min": 0,
      "max": 1,
      "mean": 0.444438,
      "median": 0.5,
      "p90": 1,
      "p99": 1
    },
    "avg_subtree_mass":     {
      "count": 27186,
      "weight_sum": 73352,
      "min": 1,
      "max": 6,
      "mean": 1.39033,
      "median": 1,
      "p90": 2,
      "p99": 3
    }
  },
  "sample": {
    "t": 200000,
    "chunk_size": 2000000,
    "num_chunks": 1,
    "U_t": 40825,
    "G_t": 40825,
    "avg_repeat_global": 4.89896,
    "avg_group_size_exec": 4.89896,
    "samples_per_sec": 3.38998e+06,
    "ns_per_sample": 294.987,
    "checksum": 9572997701499573605,
    "group_size_equal":     {
      "count": 40825,
      "weight_sum": 40825,
      "min": 1,
      "max": 30,
      "mean": 4.89896,
      "median": 4,
      "p90": 9,
      "p99": 15
    },
    "group_size_sample_weighted":     {
      "count": 40825,
      "weight_sum": 200000,
      "min": 1,
      "max": 30,
      "mean": 7.06232,
      "median": 6,
      "p90": 12,
      "p99": 18
    },
    "K_point_equal":     {
      "count": 40825,
      "weight_sum": 40825,
      "min": 0,
      "max": 19,
      "mean": 2.72999,
      "median": 2,
      "p90": 6,
      "p99": 11
    },
    "K_point_sample_weighted":     {
      "count": 40825,
      "weight_sum": 200000,
      "min": 0,
      "max": 19,
      "mean": 3.82917,
      "median": 3,
      "p90": 8,
      "p99": 13
    },
    "K_subtree_equal":     {
      "count": 40825,
      "weight_sum": 40825,
      "min": 0,
      "max": 22,
      "mean": 2.16897,
      "median": 1,
      "p90": 6,
      "p99": 10
    },
    "K_subtree_sample_weighted":     {
      "count": 40825,
      "weight_sum": 200000,
      "min": 0,
      "max": 22,
      "mean": 3.23315,
      "median": 3,
      "p90": 7,
      "p99": 12
    }
  },