{
  "run_id": "density_d3_N50000_a0p1_t200000_F1_rep2",
  "network": "density",
  "preset": "TH",
  "family": "F1",
  "dim": 3,
  "N": 50000,
  "alpha_target": 0.1,
  "alpha_expected_est": 0.101159,
  "pair_intersection_prob_est": 4.04638e-06,
  "coverage": 0.0186585,
  "data_seed": 1981147713494355105,
  "sample_seed": 1528362452681360154,
  "data_rep": 2,
  "materialize_join": false,
  "timing_ms": {
    "T_lift": 1.00149,
    "T_tree": 14.9496,
    "T_build": 15.9512,
    "T_count_query": 31.7289,
    "T_left_dist": 0.907916,
    "T_count": 32.6369,
    "T_search_scan": 32.7633,
    "T_plan_left": 4.60074,
    "T_group": 13.1211,
    "T_decompose": 7.2617,
    "T_local_dist": 0.720335,
    "T_emit": 4.92727,
    "T_sample": 33.8236
  },
  "build": {
    "tree_height": 16,
    "max_depth": 15,
    "avg_node_depth": 13.6896,
    "node_count": 50000
  },
  "count": {
    "exact_join_size": 10256,
    "alpha_actual": 0.10256,
    "w":     {
      "count": 50000,
      "weight_sum": 50000,
      "min": 0,
      "max": 4,
      "mean": 0.20512,
      "median": 0,
      "p90": 1,
      "p99": 2
    },
    "V_count":     {
      "count": 50000,
      "weight_sum": 50000,
      "min": 17,
      "max": 145,
      "mean": 39.0513,
      "median": 37,
      "p90": 53,
      "p99": 76
    },
    "P_count":     {
      "count": 50000,
      "weight_sum": 50000,
      "min": 9,
      "max": 73,
      "mean": 19.728,
      "median": 18,
      "p90": 27,
      "p99": 38
    },
    "C_count":     {
      "count": 50000,
      "weight_sum": 50000,
      "min": 0,
      "max": 3,
      "mean": 0.07038,
      "median": 0,
      "p90": 0,
      "p99": 1
    },
    "H_count":     {
      "count": 50000,
      "weight_sum": 50000,
      "min": 8,
      "max": 72,
      "mean": 19.2529,
      "median": 18,
      "p90": 26,
      "p99": 38
    },
    "S_prune":     {
      "count": 50000,
      "weight_sum": 50000,
      "min": 49855,
      "max": 49983,
      "mean": 49960.9,
      "median": 49963,
      "p90": 49971,
      "p99": 49975
    },
    "S_contain":     {
      "count": 50000,
      "weight_sum": 50000,
      "min": 0,
      "max": 1,
      "mean": 0.00234,
      "median": 0,
      "p90": 0,
      "p99": 0
    },
    "D_count_max":     {
      "count": 50000,
      "weight_sum": 50000,
      "min": 8,
      "max": 15,
      "mean": 14.2371,
      "median": 14,
      "p90": 15,
      "p99": 15
    }
  },
  "search_equal": {
    "V_search":     {
      "count": 50000,
      "weight_sum": 50000,
      "min": 17,
      "max": 145,
      "mean": 38.9809,
      "median": 37,
      "p90": 53,
      "p99": 76
    },
    "P_search":     {
      "count": 50000,
      "weight_sum": 50000,
      "min": 9,
      "max": 73,
      "mean": 19.728,
      "median": 18,
      "p90": 27,
      "p99": 38
    },
    "B_mid":     {
      "count": 50000,
      "weight_sum": 50000,
      "min": 0,
      "max": 4,
      "mean": 0.1324,
      "median": 0,
      "p90": 1,
      "p99": 1
    },
    "B_leaf":     {
      "count": 50000,
      "weight_sum": 50000,
      "min": 0,
      "max": 0,
      "mean": 0,
      "median": 0,
      "p90": 0,
      "p99": 0
    },
    "B_subtree":     {
      "count": 50000,
      "weight_sum": 50000,
      "min": 0,
      "max": 3,
      "mean": 0.07038,
      "median": 0,
      "p90": 0,
      "p99": 1
    },
    "m":     {
      "count": 50000,
      "weight_sum": 50000,
      "min": 0,
      "max": 4,
      "mean": 0.20278,
      "median": 0,
      "p90": 1,
      "p99": 2
    },
    "M_point":     {
      "count": 50000,
      "weight_sum": 50000,
      "min": 0,
      "max": 4,
      "mean": 0.1324,
      "median": 0,
      "p90": 1,
      "p99": 1
    },
    "M_subtree":     {
      "count": 50000,
      "weight_sum": 50000,
      "min": 0,
      "max": 3,
      "mean": 0.07272,
      "median": 0,
      "p90": 0,
      "p99": 1
    },
    "rho":     {
      "count": 9268,
      "weight_sum": 9268,
      "min": 1,
      "max": 2,
      "mean": 1.01158,
      "median": 1,
      "p90": 1,
      "p99": 2
    },
    "sigma":     {
      "count": 9268,
      "weight_sum": 9268,
      "min": 0,
      "max": 1,
      "mean": 0.351973,
      "median": 0,
      "p90": 1,
      "p99": 1
    },
    "avg_subtree_mass":     {
      "count": 3459,
      "weight_sum": 3459,
      "min": 1,
      "max": 2,
      "mean": 1.03354,
      "median": 1,
      "p90": 1,
      "p99": 2
    }
  },
  "search_weighted": {
    "V_search":     {
      "count": 9268,
      "weight_sum": 10256,
      "min": 23,
      "max": 120,
      "mean": 40.7923,
      "median": 38,
      "p90": 55,
      "p99": 79
    },
    "P_search":     {
      "count": 9268,
      "weight_sum": 10256,
      "min": 12,
      "max": 59,
      "mean": 20.223,
      "median": 19,
      "p90": 27,
      "p99": 39
    },
    "B_mid":     {
      "count": 9268,
      "weight_sum": 10256,
      "min": 0,
      "max": 4,
      "mean": 0.773303,
      "median": 1,
      "p90": 1,
      "p99": 2
    },
    "B_leaf":     {
      "count": 9268,
      "weight_sum": 10256,
      "min": 0,
      "max": 0,
      "mean": 0,
      "median": 0,
      "p90": 0,
      "p99": 0
    },
    "B_subtree":     {
      "count": 9268,
      "weight_sum": 10256,
      "min": 0,
      "max": 3,
      "mean": 0.407859,
      "median": 0,
      "p90": 1,
      "p99": 2
    },
    "m":     {
      "count": 9268,
      "weight_sum": 10256,
      "min": 1,
      "max": 4,
      "mean": 1.18116,
      "median": 1,
      "p90": 2,
      "p99": 3
    },
    "M_point":     {
      "count": 9268,
      "weight_sum": 10256,
      "min": 0,
      "max": 4,
      "mean": 0.773303,
      "median": 1,
      "p90": 1,
      "p99": 2
    },
    "M_subtree":     {
      "count": 9268,
      "weight_sum": 10256,
      "min": 0,
      "max": 3,
      "mean": 0.432625,
      "median": 0,
      "p90": 1,
      "p99": 2
    },
    "rho":     {
      "count": 9268,
      "weight_sum": 10256,
      "min": 1,
      "max": 2,
      "mean": 1.02187,
      "median": 1,
      "p90": 1,
      "p99": 2
    },
    "sigma":     {
      "count": 9268,
      "weight_sum": 10256,
      "min": 0,
      "max": 1,
      "mean": 0.354524,
      "median": 0,
      "p90": 1,
      "p99": 1
    },
    "avg_subtree_mass":     {
      "count": 3459,
      "weight_sum": 4049,
      "min": 1,
      "max": 2,
      "mean": 1.06199,
      "median": 1,
      "p90": 1,
      "p99": 2
    }
  },
  "sample": {
    "t": 200000,
    "chunk_size": 2000000,
    "num_chunks": 1,
    "U_t": 9268,
    "G_t": 9268,
    "avg_repeat_global": 21.5796,
    "avg_group_size_exec": 21.5796,
    "samples_per_sec": 5.91303e+06,
    "ns_per_sample": 169.118,
    "checksum": 479782777004476624,
    "group_size_equal":     {
      "count": 9268,
      "weight_sum": 9268,
      "min": 4,
      "max": 92,
      "mean": 21.5796,
      "median": 20,
      "p90": 30,
      "p99": 49
    },
    "group_size_sample_weighted":     {
      "count": 9268,
      "weight_sum": 200000,
      "min": 4,
      "max": 92,
      "mean": 24.3886,
      "median": 22,
      "p90": 39,
      "p99": 59
    },
    "K_point_equal":     {
      "count": 9268,
      "weight_sum": 9268,
      "min": 0,
      "max": 92,
      "mean": 13.958,
      "median": 17,
      "p90": 25,
      "p99": 44
    },
    "K_point_sample_weighted":     {
      "count": 9268,
      "weight_sum": 200000,
      "min": 0,
      "max": 92,
      "mean": 15.6944,
      "median": 18,
      "p90": 29,
      "p99": 49
    },
    "K_subtree_equal":     {
      "count": 9268,
      "weight_sum": 9268,
      "min": 0,
      "max": 62,
      "mean": 7.6216,
      "median": 0,
      "p90": 23,
      "p99": 38
    },
    "K_subtree_sample_weighted":     {
      "count": 9268,
      "weight_sum": 200000,
      "min": 0,
      "max": 62,
      "mean": 8.69417,
      "median": 0,
      "p90": 24,
      "p99": 44
    }
  },
  "checks": {
    "count_sum_matches": true,