{
  "run_id": "density_d2_N50000_a1_t200000_F0_rep2",
  "network": "density",
  "preset": "TH",
  "family": "F0",
  "dim": 2,
  "N": 50000,
  "alpha_target": 1,
  "alpha_expected_est": 1.00316,
  "pair_intersection_prob_est": 4.01266e-05,
  "coverage": 0.5,
  "data_seed": 4975786818301443731,
  "sample_seed": 756062702768970268,
  "data_rep": 2,
  "materialize_join": false,
  "timing_ms": {
    "T_lift": 0.748135,
    "T_tree": 9.92896,
    "T_build": 10.6773,
    "T_count_query": 22.677,
    "T_left_dist": 1.21484,
    "T_count": 23.8919,
    "T_search_scan": 24.584,
    "T_plan_left": 5.09205,
    "T_group": 12.8687,
    "T_decompose": 21.2621,
    "T_local_dist": 3.84106,
    "T_emit": 6.63332,
    "T_sample": 56.5172
  },
  "build": {
    "tree_height": 16,
    "max_depth": 15,
    "avg_node_depth": 13.6896,
    "node_count": 50000
  },
  "count": {
    "exact_join_size": 99896,
    "alpha_actual": 0.99896,
    "w":     {
      "count": 50000,
      "weight_sum": 50000,
      "min": 0,
      "max": 10,
      "mean": 1.99792,
      "median": 2,
      "p90": 4,
      "p99": 6
    },
    "V_count":     {
      "count": 50000,
      "weight_sum": 50000,
      "min": 23,
      "max": 95,
      "mean": 35.7002,
      "median": 33,
      "p90": 46,
      "p99": 60
    },
    "P_count":     {
      "count": 50000,
      "weight_sum": 50000,
      "min": 12,
      "max": 46,
      "mean": 17.167,
      "median": 16,
      "p90": 22,
      "p99": 29
    },
    "C_count":     {
      "count": 50000,
      "weight_sum": 50000,
      "min": 0,
      "max": 5,
      "mean": 0.68302,
      "median": 1,
      "p90": 2,
      "p99": 2
    },
    "H_count":     {
      "count": 50000,
      "weight_sum": 50000,
      "min": 11,
      "max": 48,
      "mean": 17.8501,
      "median": 17,
      "p90": 23,
      "p99": 30
    },
    "S_prune":     {
      "count": 50000,
      "weight_sum": 50000,
      "min": 49904,
      "max": 49977,
      "mean": 49964.1,
      "median": 49967,
      "p90": 49970,
      "p99": 49973
    },
    "S_contain":     {
      "count": 50000,
      "weight_sum": 50000,
      "min": 0,
      "max": 5,
      "mean": 0.24518,
      "median": 0,
      "p90": 1,
      "p99": 2
    },
    "D_count_max":     {
      "count": 50000,
      "weight_sum": 50000,
      "min": 11,
      "max": 15,
      "mean": 14.7181,
      "median": 15,
      "p90": 15,
      "p99": 15
    }
  },
  "search_equal": {
    "V_search":     {
      "count": 50000,
      "weight_sum": 50000,
      "min": 23,
      "max": 92,
      "mean": 35.0172,
      "median": 32,
      "p90": 45,
      "p99": 59
    },
    "P_search":     {
      "count": 50000,
      "weight_sum": 50000,
      "min": 12,
      "max": 46,
      "mean": 17.167,
      "median": 16,
      "p90": 22,
      "p99": 29
    },
    "B_mid":     {
      "count": 50000,
      "weight_sum": 50000,
      "min": 0,
      "max": 8,
      "mean": 1.06972,
      "median": 1,
      "p90": 2,
      "p99": 4
    },
    "B_leaf":     {
      "count": 50000,
      "weight_sum": 50000,
      "min": 0,
      "max": 0,
      "mean": 0,
      "median": 0,
      "p90": 0,
      "p99": 0
    },
    "B_subtree":     {
      "count": 50000,
      "weight_sum": 50000,
      "min": 0,
      "max": 5,
      "mean": 0.68302,
      "median": 1,
      "p90": 2,
      "p99": 2
    },
    "m":     {
      "count": 50000,
      "weight_sum": 50000,
      "min": 0,
      "max": 8,
      "mean": 1.75274,
      "median": 2,
      "p90": 3,
      "p99": 5
    },
    "M_point":     {
      "count": 50000,
      "weight_sum": 50000,
      "min": 0,
      "max": 8,
      "mean": 1.06972,
      "median": 1,
      "p90": 2,
      "p99": 4
    },
    "M_subtree":     {
      "count": 50000,
      "weight_sum": 50000,
      "min": 0,
      "max": 7,
      "mean": 0.9282,
      "median": 1,
      "p90": 2,
      "p99": 4
    },
    "rho":     {
      "count": 43199,
      "weight_sum": 43199,
      "min": 1,
      "max": 5,
      "mean": 1.15129,
      "median": 1,
      "p90": 1.5,
      "p99": 2
    },
    "sigma":     {
      "count": 43199,
      "weight_sum": 43199,
      "min": 0,
      "max": 1,
      "mean": 0.437366,
      "median": 0.5,
      "p90": 1,
      "p99": 1
    },
    "avg_subtree_mass":     {
      "count": 28093,
      "weight_sum": 28093,
      "min": 1,
      "max": 5,
      "mean": 1.36741,
      "median": 1,
      "p90": 2,
      "p99": 2.5
    }
  },
  "search_weighted": {
    "V_search":     {
      "count": 43199,
      "weight_sum": 99896,
      "min": 23,
      "max": 92,
      "mean": 35.8126,
      "median": 33,
      "p90": 46,
      "p99": 60
    },
    "P_search":     {
      "count": 43199,
      "weight_sum": 99896,
      "min": 12,
      "max": 45,
      "mean": 17.3096,
      "median": 16,
      "p90": 22,
      "p99": 29
    },
    "B_mid":     {
      "count": 43199,
      "weight_sum": 99896,
      "min": 0,
      "max": 8,
      "mean": 1.54439,
      "median": 1,
      "p90": 3,
      "p99": 4
    },
    "B_leaf":     {
      "count": 43199,
      "weight_sum": 99896,
      "min": 0,
      "max": 0,
      "mean": 0,
      "median": 0,
      "p90": 0,
      "p99": 0
    },
    "B_subtree":     {
      "count": 43199,
      "weight_sum": 99896,
      "min": 0,
      "max": 5,
      "mean": 1.00673,
      "median": 1,
      "p90": 2,
      "p99": 3
    },
    "m":     {
      "count": 43199,
      "weight_sum": 99896,
      "min": 1,
      "max": 8,
      "mean": 2.55111,
      "median": 2,
      "p90": 4,
      "p99": 6
    },
    "M_point":     {
      "count": 43199,
      "weight_sum": 99896,
      "min": 0,
      "max": 8,
      "mean": 1.54439,
      "median": 1,
      "p90": 3,
      "p99": 4
    },
    "M_subtree":     {
      "count": 43199,
      "weight_sum": 99896,
      "min": 0,
      "max": 7,
      "mean": 1.45193,
      "median": 1,
      "p90": 3,
      "p99": 5
    },
    "rho":     {
      "count": 43199,
      "weight_sum": 99896,
      "min": 1,
      "max": 5,
      "mean": 1.203,
      "median": 1,
      "p90": 1.5,
      "p99": 2
    },
    "sigma":     {
      "count": 43199,
      "weight_sum": 99896,
      "min": 0,
      "max": 1,
      "mean": 0.464583,
      "median": 0.5,
      "p90": 1,
      "p99": 1
    },
    "avg_subtree_mass":     {
      "count": 28093,
      "weight_sum": 76132,
      "min": 1,
      "max": 5,
      "mean": 1.46487,
      "median": 1.33333,
      "p90": 2,
      "p99": 3
    }
  },
  "sample": {
    "t": 200000,
    "chunk_size": 2000000,
    "num_chunks": 1,
    "U_t": 41092,
    "G_t": 41092,
    "avg_repeat_global": 4.86713,
    "avg_group_size_exec": 4.86713,
    "samples_per_sec": 3.53875e+06,
    "ns_per_sample": 282.586,
    "checksum": 12448790590893003443,
    "group_size_equal":     {
      "count": 41092,
      "weight_sum": 41092,
      "min": 1,
      "max": 28,
      "mean": 4.86713,
      "median": 4,
      "p90": 9,
      "p99": 15
    },
    "group_size_sample_weighted":     {
      "count": 41092,
      "weight_sum": 200000,
      "min": 1,
      "max": 28,
      "mean": 7.01736,
      "median": 6,
      "p90": 12,
      "p99": 18
    },
    "K_point_equal":     {
      "count": 41092,
      "weight_sum": 41092,
      "min": 0,
      "max": 19,
      "mean": 2.60678,
      "median": 2,
      "p90": 6,
      "p99": 10
    },
    "K_point_sample_weighted":     {
      "count": 41092,
      "weight_sum": 200000,
      "min": 0,
      "max": 19,
      "mean": 3.63108,
      "median": 3,
      "p90": 8,
      "p99": 12
    },
    "K_subtree_equal":     {
      "count": 41092,
      "weight_sum": 41092,
      "min": 0,
      "max": 20,
      "mean": 2.26034,
      "median": 2,
      "p90": 6,
      "p99": 10
    },
    "K_subtree_sample_weighted":     {
      "count": 41092,
      "weight_sum": 200000,
      "min": 0,
      "max": 20,
      "mean": 3.38628,
      "median": 3,
      "p90": 8,
      "p99": 13
    }
  },