{
  "run_id": "density_d2_N50000_a0p1_t200000_F0_rep1",
  "network": "density",
  "preset": "TH",
  "family": "F0",
  "dim": 2,
  "N": 50000,
  "alpha_target": 0.1,
  "alpha_expected_est": 0.1001,
  "pair_intersection_prob_est": 4.004e-06,
  "coverage": 0.05,
  "data_seed": 4937422631958975495,
  "sample_seed": 6454573081574690081,
  "data_rep": 1,
  "materialize_join": false,
  "timing_ms": {
    "T_lift": 0.789427,
    "T_tree": 9.91689,
    "T_build": 10.7065,
    "T_count_query": 17.1138,
    "T_left_dist": 0.966171,
    "T_count": 18.08,
    "T_search_scan": 18.7201,
    "T_plan_left": 4.55735,
    "T_group": 13.1223,
    "T_decompose": 4.06682,
    "T_local_dist": 0.682934,
    "T_emit": 4.85909,
    "T_sample": 29.6488
  },
  "build": {
    "tree_height": 16,
    "max_depth": 15,
    "avg_node_depth": 13.6896,
    "node_count": 50000
  },
  "count": {
    "exact_join_size": 9840,
    "alpha_actual": 0.0984,
    "w":     {
      "count": 50000,
      "weight_sum": 50000,
      "min": 0,
      "max": 3,
      "mean": 0.1968,
      "median": 0,
      "p90": 1,
      "p99": 2
    },
    "V_count":     {
      "count": 50000,
      "weight_sum": 50000,
      "min": 17,
      "max": 64,
      "mean": 29.2813,
      "median": 29,
      "p90": 31,
      "p99": 43
    },
    "P_count":     {
      "count": 50000,
      "weight_sum": 50000,
      "min": 9,
      "max": 32,
      "mean": 14.9125,
      "median": 15,
      "p90": 16,
      "p99": 22
    },
    "C_count":     {
      "count": 50000,
      "weight_sum": 50000,
      "min": 0,
      "max": 2,
      "mean": 0.06774,
      "median": 0,
      "p90": 0,
      "p99": 1
    },
    "H_count":     {
      "count": 50000,
      "weight_sum": 50000,
      "min": 8,
      "max": 32,
      "mean": 14.3011,
      "median": 14,
      "p90": 15,
      "p99": 22
    },
    "S_prune":     {
      "count": 50000,
      "weight_sum": 50000,
      "min": 49936,
      "max": 49983,
      "mean": 49970.7,
      "median": 49971,
      "p90": 49973,
      "p99": 49977
    },
    "S_contain":     {
      "count": 50000,
      "weight_sum": 50000,
      "min": 0,
      "max": 1,
      "mean": 0.00404,
      "median": 0,
      "p90": 0,
      "p99": 0
    },
    "D_count_max":     {
      "count": 50000,
      "weight_sum": 50000,
      "min": 8,
      "max": 15,
      "mean": 13.9013,
      "median": 14,
      "p90": 15,
      "p99": 15
    }
  },
  "search_equal": {
    "V_search":     {
      "count": 50000,
      "weight_sum": 50000,
      "min": 17,
      "max": 64,
      "mean": 29.2136,
      "median": 29,
      "p90": 31,
      "p99": 43
    },
    "P_search":     {
      "count": 50000,
      "weight_sum": 50000,
      "min": 9,
      "max": 32,
      "mean": 14.9125,
      "median": 15,
      "p90": 16,
      "p99": 22
    },
    "B_mid":     {
      "count": 50000,
      "weight_sum": 50000,
      "min": 0,
      "max": 3,
      "mean": 0.12502,
      "median": 0,
      "p90": 1,
      "p99": 1
    },
    "B_leaf":     {
      "count": 50000,
      "weight_sum": 50000,
      "min": 0,
      "max": 0,
      "mean": 0,
      "median": 0,
      "p90": 0,
      "p99": 0
    },
    "B_subtree":     {
      "count": 50000,
      "weight_sum": 50000,
      "min": 0,
      "max": 2,
      "mean": 0.06774,
      "median": 0,
      "p90": 0,
      "p99": 1
    },
    "m":     {
      "count": 50000,
      "weight_sum": 50000,
      "min": 0,
      "max": 3,
      "mean": 0.19276,
      "median": 0,
      "p90": 1,
      "p99": 2
    },
    "M_point":     {
      "count": 50000,
      "weight_sum": 50000,
      "min": 0,
      "max": 3,
      "mean": 0.12502,
      "median": 0,
      "p90": 1,
      "p99": 1
    },
    "M_subtree":     {
      "count": 50000,
      "weight_sum": 50000,
      "min": 0,
      "max": 3,
      "mean": 0.07178,
      "median": 0,
      "p90": 0,
      "p99": 1
    },
    "rho":     {
      "count": 8915,
      "weight_sum": 8915,
      "min": 1,
      "max": 2,
      "mean": 1.02165,
      "median": 1,
      "p90": 1,
      "p99": 2
    },
    "sigma":     {
      "count": 8915,
      "weight_sum": 8915,
      "min": 0,
      "max": 1,
      "mean": 0.35674,
      "median": 0,
      "p90": 1,
      "p99": 1
    },
    "avg_subtree_mass":     {
      "count": 3368,
      "weight_sum": 3368,
      "min": 1,
      "max": 2,
      "mean": 1.05983,
      "median": 1,
      "p90": 1,
      "p99": 2
    }
  },
  "search_weighted": {
    "V_search":     {
      "count": 8915,
      "weight_sum": 9840,
      "min": 21,
      "max": 64,
      "mean": 30.5554,
      "median": 30,
      "p90": 35,
      "p99": 47
    },
    "P_search":     {
      "count": 8915,
      "weight_sum": 9840,
      "min": 11,
      "max": 32,
      "mean": 15.211,
      "median": 15,
      "p90": 17,
      "p99": 23
    },
    "B_mid":     {
      "count": 8915,
      "weight_sum": 9840,
      "min": 0,
      "max": 3,
      "mean": 0.746443,
      "median": 1,
      "p90": 1,
      "p99": 2
    },
    "B_leaf":     {
      "count": 8915,
      "weight_sum": 9840,
      "min": 0,
      "max": 0,
      "mean": 0,
      "median": 0,
      "p90": 0,
      "p99": 0
    },
    "B_subtree":     {
      "count": 8915,
      "weight_sum": 9840,
      "min": 0,
      "max": 2,
      "mean": 0.409451,
      "median": 0,
      "p90": 1,
      "p99": 1
    },
    "m":     {
      "count": 8915,
      "weight_sum": 9840,
      "min": 1,
      "max": 3,
      "mean": 1.15589,
      "median": 1,
      "p90": 2,
      "p99": 3
    },
    "M_point":     {
      "count": 8915,
      "weight_sum": 9840,
      "min": 0,
      "max": 3,
      "mean": 0.746443,
      "median": 1,
      "p90": 1,
      "p99": 2
    },
    "M_subtree":     {
      "count": 8915,
      "weight_sum": 9840,
      "min": 0,
      "max": 3,
      "mean": 0.452337,
      "median": 0,
      "p90": 1,
      "p99": 2
    },
    "rho":     {
      "count": 8915,
      "weight_sum": 9840,
      "min": 1,
      "max": 2,
      "mean": 1.04014,
      "median": 1,
      "p90": 1,
      "p99": 2
    },
    "sigma":     {
      "count": 8915,
      "weight_sum": 9840,
      "min": 0,
      "max": 1,
      "mean": 0.364736,
      "median": 0,
      "p90": 1,
      "p99": 1
    },
    "avg_subtree_mass":     {
      "count": 3368,
      "weight_sum": 3988,
      "min": 1,
      "max": 2,
      "mean": 1.10544,
      "median": 1,
      "p90": 2,
      "p99": 2
    }
  },
  "sample": {
    "t": 200000,
    "chunk_size": 2000000,
    "num_chunks": 1,
    "U_t": 8915,
    "G_t": 8915,
    "avg_repeat_global": 22.4341,
    "avg_group_size_exec": 22.4341,
    "samples_per_sec": 6.74563e+06,
    "ns_per_sample": 148.244,
    "checksum": 15403653941746545131,
    "group_size_equal":     {
      "count": 8915,
      "weight_sum": 8915,
      "min": 7,
      "max": 81,
      "mean": 22.4341,
      "median": 21,
      "p90": 32,
      "p99": 51
    },
    "group_size_sample_weighted":     {
      "count": 8915,
      "weight_sum": 200000,
      "min": 7,
      "max": 81,
      "mean": 25.4604,
      "median": 22,
      "p90": 42,
      "p99": 60
    },
    "K_point_equal":     {
      "count": 8915,
      "weight_sum": 8915,
      "min": 0,
      "max": 77,
      "mean": 14.24,
      "median": 17,
      "p90": 26,
      "p99": 45
    },
    "K_point_sample_weighted":     {
      "count": 8915,
      "weight_sum": 200000,
      "min": 0,
      "max": 77,
      "mean": 15.8506,
      "median": 19,
      "p90": 29,
      "p99": 50
    },
    "K_subtree_equal":     {
      "count": 8915,
      "weight_sum": 8915,
      "min": 0,
      "max": 66,
      "mean": 8.19405,
      "median": 0,
      "p90": 24,
      "p99": 42
    },
    "K_subtree_sample_weighted":     {
      "count": 8915,
      "weight_sum": 200000,
      "min": 0,
      "max": 66,
      "mean": 9.60986,
      "median": 0,
      "p90": 26,
      "p99": 47
    }
  },
  "checks": {
    "count_sum_matches": true,