{
  "run_id": "input_size_d3_N100000_a10_t200000_F0_rep1",
  "network": "input_size",
  "preset": "TH",
  "family": "F0",
  "dim": 3,
  "N": 100000,
  "alpha_target": 10,
  "alpha_expected_est": 9.94657,
  "pair_intersection_prob_est": 0.000198931,
  "coverage": 2.38242,
  "data_seed": 2215639769635186645,
  "sample_seed": 9016341588599412747,
  "data_rep": 1,
  "materialize_join": false,
  "timing_ms": {
    "T_lift": 2.50244,
    "T_tree": 25.1659,
    "T_build": 27.6686,
    "T_count_query": 205.16,
    "T_left_dist": 2.26587,
    "T_count": 207.426,
    "T_search_scan": 222.082,
    "T_plan_left": 5.90463,
    "T_group": 12.1481,
    "T_decompose": 193.614,
    "T_local_dist": 28.3008,
    "T_emit": 11.2833,
    "T_sample": 264.913
  },
  "build": {
    "tree_height": 17,
    "max_depth": 16,
    "avg_node_depth": 14.6895,
    "node_count": 100000
  },
  "count": {
    "exact_join_size": 1992244,
    "alpha_actual": 9.96122,
    "w":     {
      "count": 100000,
      "weight_sum": 100000,
      "min": 0,
      "max": 44,
      "mean": 19.9224,
      "median": 20,
      "p90": 26,
      "p99": 32
    },
    "V_count":     {
      "count": 100000,
      "weight_sum": 100000,
      "min": 27,
      "max": 240,
      "mean": 104.357,
      "median": 104,
      "p90": 140,
      "p99": 176
    },
    "P_count":     {
      "count": 100000,
      "weight_sum": 100000,
      "min": 12,
      "max": 111,
      "mean": 43.1488,
      "median": 42,
      "p90": 60,
      "p99": 78
    },
    "C_count":     {
      "count": 100000,
      "weight_sum": 100000,
      "min": 0,
      "max": 16,
      "mean": 6.28022,
      "median": 6,
      "p90": 9,
      "p99": 11
    },
    "H_count":     {
      "count": 100000,
      "weight_sum": 100000,
      "min": 13,
      "max": 125,
      "mean": 54.9284,
      "median": 55,
      "p90": 73,
      "p99": 92
    },
    "S_prune":     {
      "count": 100000,
      "weight_sum": 100000,
      "min": 99757,
      "max": 99968,
      "mean": 99891,
      "median": 99892,
      "p90": 99926,
      "p99": 99948
    },
    "S_contain":     {
      "count": 100000,
      "weight_sum": 100000,
      "min": 0,
      "max": 25,
      "mean": 4.59941,
      "median": 4,
      "p90": 8,
      "p99": 13
    },
    "D_count_max":     {
      "count": 100000,
      "weight_sum": 100000,
      "min": 13,
      "max": 16,
      "mean": 15.9985,
      "median": 16,
      "p90": 16,
      "p99": 16
    }
  },
  "search_equal": {
    "V_search":     {
      "count": 100000,
      "weight_sum": 100000,
      "min": 26,
      "max": 235,
      "mean": 98.0772,
      "median": 97,
      "p90": 133,
      "p99": 169
    },
    "P_search":     {
      "count": 100000,
      "weight_sum": 100000,
      "min": 12,
      "max": 111,
      "mean": 43.1488,
      "median": 42,
      "p90": 60,
      "p99": 78
    },
    "B_mid":     {
      "count": 100000,
      "weight_sum": 100000,
      "min": 0,
      "max": 25,
      "mean": 9.04281,
      "median": 9,
      "p90": 13,
      "p99": 17
    },
    "B_leaf":     {
      "count": 100000,
      "weight_sum": 100000,
      "min": 0,
      "max": 0,
      "mean": 0,
      "median": 0,
      "p90": 0,
      "p99": 0
    },
    "B_subtree":     {
      "count": 100000,
      "weight_sum": 100000,
      "min": 0,
      "max": 16,
      "mean": 6.28022,
      "median": 6,
      "p90": 9,
      "p99": 11
    },
    "m":     {
      "count": 100000,
      "weight_sum": 100000,
      "min": 0,
      "max": 35,
      "mean": 15.323,
      "median": 15,
      "p90": 20,
      "p99": 25
    },
    "M_point":     {
      "count": 100000,
      "weight_sum": 100000,
      "min": 0,
      "max": 25,
      "mean": 9.04281,
      "median": 9,
      "p90": 13,
      "p99": 17
    },
    "M_subtree":     {
      "count": 100000,
      "weight_sum": 100000,
      "min": 0,
      "max": 31,
      "mean": 10.8796,
      "median": 11,
      "p90": 16,
      "p99": 21
    },
    "rho":     {
      "count": 99999,
      "weight_sum": 99999,
      "min": 1,
      "max": 11,
      "mean": 1.32092,
      "median": 1.26667,
      "p90": 1.57895,
      "p99": 2.18182
    },
    "sigma":     {
      "count": 99999,
      "weight_sum": 99999,
      "min": 0,
      "max": 1,
      "mean": 0.542501,
      "median": 0.545455,
      "p90": 0.692308,
      "p99": 0.818182
    },
    "avg_subtree_mass":     {
      "count": 99975,
      "weight_sum": 99975,
      "min": 1,
      "max": 24,
      "mean": 1.79054,
      "median": 1.66667,
      "p90": 2.4,
      "p99": 4
    }
  },
  "search_weighted": {
    "V_search":     {
      "count": 99999,
      "weight_sum": 1.99224e+06,
      "min": 26,
      "max": 235,
      "mean": 100.173,
      "median": 99,
      "p90": 134,
      "p99": 169
    },
    "P_search":     {
      "count": 99999,
      "weight_sum": 1.99224e+06,
      "min": 12,
      "max": 111,
      "mean": 43.8827,
      "median": 43,
      "p90": 60,
      "p99": 78
    },
    "B_mid":     {
      "count": 99999,
      "weight_sum": 1.99224e+06,
      "min": 0,
      "max": 25,
      "mean": 9.56683,
      "median": 9,
      "p90": 13,
      "p99": 17
    },
    "B_leaf":     {
      "count": 99999,
      "weight_sum": 1.99224e+06,
      "min": 0,
      "max": 0,
      "mean": 0,
      "median": 0,
      "p90": 0,
      "p99": 0
    },
    "B_subtree":     {
      "count": 99999,
      "weight_sum": 1.99224e+06,
      "min": 0,
      "max": 16,
      "mean": 6.65049,
      "median": 7,
      "p90": 9,
      "p99": 12
    },
    "m":     {
      "count": 99999,
      "weight_sum": 1.99224e+06,
      "min": 1,
      "max": 35,
      "mean": 16.2173,
      "median": 16,
      "p90": 21,
      "p99": 26
    },
    "M_point":     {
      "count": 99999,
      "weight_sum": 1.99224e+06,
      "min": 0,
      "max": 25,
      "mean": 9.56683,
      "median": 9,
      "p90": 13,
      "p99": 17
    },
    "M_subtree":     {
      "count": 99999,
      "weight_sum": 1.99224e+06,
      "min": 0,
      "max": 31,
      "mean": 11.6669,
      "median": 11,
      "p90": 17,
      "p99": 21
    },
    "rho":     {
      "count": 99999,
      "weight_sum": 1.99224e+06,
      "min": 1,
      "max": 11,
      "mean": 1.33106,
      "median": 1.27778,
      "p90": 1.58824,
      "p99": 2.2
    },
    "sigma":     {
      "count": 99999,
      "weight_sum": 1.99224e+06,
      "min": 0,
      "max": 1,
      "mean": 0.546099,
      "median": 0.545455,
      "p90": 0.692308,
      "p99": 0.8125
    },
    "avg_subtree_mass":     {
      "count": 99975,
      "weight_sum": 1.9921e+06,
      "min": 1,
      "max": 24,
      "mean": 1.81437,
      "median": 1.66667,
      "p90": 2.42857,
      "p99": 4
    }
  },
  "sample": {
    "t": 200000,
    "chunk_size": 2000000,
    "num_chunks": 1,
    "U_t": 84377,
    "G_t": 84377,
    "avg_repeat_global": 2.37031,
    "avg_group_size_exec": 2.37031,
    "samples_per_sec": 754966,
    "ns_per_sample": 1324.56,
    "checksum": 18169843319567184085,
    "group_size_equal":     {
      "count": 84377,
      "weight_sum": 84377,
      "min": 1,
      "max": 11,
      "mean": 2.37031,
      "median": 2,
      "p90": 4,
      "p99": 6
    },
    "group_size_sample_weighted":     {
      "count": 84377,
      "weight_sum": 200000,
      "min": 1,
      "max": 11,
      "mean": 3.14144,
      "median": 3,
      "p90": 5,
      "p99": 7
    },
    "K_point_equal":     {
      "count": 84377,
      "weight_sum": 84377,
      "min": 0,
      "max": 8,
      "mean": 1.07466,
      "median": 1,
      "p90": 2,
      "p99": 4
    },
    "K_point_sample_weighted":     {
      "count": 84377,
      "weight_sum": 200000,
      "min": 0,
      "max": 8,
      "mean": 1.41531,
      "median": 1,
      "p90": 3,
      "p99": 5
    },
    "K_subtree_equal":     {
      "count": 84377,
      "weight_sum": 84377,
      "min": 0,
      "max": 9,
      "mean": 1.29565,
      "median": 1,
      "p90": 3,