{
  "run_id": "density_d4_N50000_a0p1_t200000_F1_rep2",
  "network": "density",
  "preset": "TH",
  "family": "F1",
  "dim": 4,
  "N": 50000,
  "alpha_target": 0.1,
  "alpha_expected_est": 0.101307,
  "pair_intersection_prob_est": 4.05227e-06,
  "coverage": 0.00787582,
  "data_seed": 7665245557770219604,
  "sample_seed": 1371118324759012850,
  "data_rep": 2,
  "materialize_join": false,
  "timing_ms": {
    "T_lift": 1.31494,
    "T_tree": 13.5087,
    "T_build": 14.8238,
    "T_count_query": 65.1606,
    "T_left_dist": 0.765345,
    "T_count": 65.926,
    "T_search_scan": 70.8484,
    "T_plan_left": 4.18041,
    "T_group": 13.1497,
    "T_decompose": 14.4259,
    "T_local_dist": 0.753399,
    "T_emit": 4.95129,
    "T_sample": 40.2096
  },
  "build": {
    "tree_height": 16,
    "max_depth": 15,
    "avg_node_depth": 13.6896,
    "node_count": 50000
  },
  "count": {
    "exact_join_size": 10089,
    "alpha_actual": 0.10089,
    "w":     {
      "count": 50000,
      "weight_sum": 50000,
      "min": 0,
      "max": 4,
      "mean": 0.20178,
      "median": 0,
      "p90": 1,
      "p99": 2
    },
    "V_count":     {
      "count": 50000,
      "weight_sum": 50000,
      "min": 21,
      "max": 302,
      "mean": 64.6553,
      "median": 59,
      "p90": 99,
      "p99": 149
    },
    "P_count":     {
      "count": 50000,
      "weight_sum": 50000,
      "min": 11,
      "max": 151,
      "mean": 32.4327,
      "median": 30,
      "p90": 49,
      "p99": 74.01
    },
    "C_count":     {
      "count": 50000,
      "weight_sum": 50000,
      "min": 0,
      "max": 2,
      "mean": 0.0696,
      "median": 0,
      "p90": 0,
      "p99": 1
    },
    "H_count":     {
      "count": 50000,
      "weight_sum": 50000,
      "min": 10,
      "max": 151,
      "mean": 32.153,
      "median": 30,
      "p90": 49,
      "p99": 75
    },
    "S_prune":     {
      "count": 50000,
      "weight_sum": 50000,
      "min": 49698,
      "max": 49979,
      "mean": 49935.3,
      "median": 49941,
      "p90": 49963,
      "p99": 49971
    },
    "S_contain":     {
      "count": 50000,
      "weight_sum": 50000,
      "min": 0,
      "max": 1,
      "mean": 0.00162,
      "median": 0,
      "p90": 0,
      "p99": 0
    },
    "D_count_max":     {
      "count": 50000,
      "weight_sum": 50000,
      "min": 10,
      "max": 15,
      "mean": 14.4678,
      "median": 15,
      "p90": 15,
      "p99": 15
    }
  },
  "search_equal": {
    "V_search":     {
      "count": 50000,
      "weight_sum": 50000,
      "min": 21,
      "max": 302,
      "mean": 64.5857,
      "median": 59,
      "p90": 98,
      "p99": 149
    },
    "P_search":     {
      "count": 50000,
      "weight_sum": 50000,
      "min": 11,
      "max": 151,
      "mean": 32.4327,
      "median": 30,
      "p90": 49,
      "p99": 74.01
    },
    "B_mid":     {
      "count": 50000,
      "weight_sum": 50000,
      "min": 0,
      "max": 3,
      "mean": 0.13056,
      "median": 0,
      "p90": 1,
      "p99": 1
    },
    "B_leaf":     {
      "count": 50000,
      "weight_sum": 50000,
      "min": 0,
      "max": 0,
      "mean": 0,
      "median": 0,
      "p90": 0,
      "p99": 0
    },
    "B_subtree":     {
      "count": 50000,
      "weight_sum": 50000,
      "min": 0,
      "max": 2,
      "mean": 0.0696,
      "median": 0,
      "p90": 0,
      "p99": 1
    },
    "m":     {
      "count": 50000,
      "weight_sum": 50000,
      "min": 0,
      "max": 4,
      "mean": 0.20016,
      "median": 0,
      "p90": 1,
      "p99": 2
    },
    "M_point":     {
      "count": 50000,
      "weight_sum": 50000,
      "min": 0,
      "max": 3,
      "mean": 0.13056,
      "median": 0,
      "p90": 1,
      "p99": 1
    },
    "M_subtree":     {
      "count": 50000,
      "weight_sum": 50000,
      "min": 0,
      "max": 3,
      "mean": 0.07122,
      "median": 0,
      "p90": 0,
      "p99": 1
    },
    "rho":     {
      "count": 9052,
      "weight_sum": 9052,
      "min": 1,
      "max": 2,
      "mean": 1.00851,
      "median": 1,
      "p90": 1,
      "p99": 1
    },
    "sigma":     {
      "count": 9052,
      "weight_sum": 9052,
      "min": 0,
      "max": 1,
      "mean": 0.352675,
      "median": 0,
      "p90": 1,
      "p99": 1
    },
    "avg_subtree_mass":     {
      "count": 3400,
      "weight_sum": 3400,
      "min": 1,
      "max": 2,
      "mean": 1.02368,
      "median": 1,
      "p90": 1,
      "p99": 2
    }
  },
  "search_weighted": {
    "V_search":     {
      "count": 9052,
      "weight_sum": 10089,
      "min": 27,
      "max": 267,
      "mean": 67.8763,
      "median": 63,
      "p90": 103,
      "p99": 158
    },
    "P_search":     {
      "count": 9052,
      "weight_sum": 10089,
      "min": 14,
      "max": 133,
      "mean": 33.6314,
      "median": 31,
      "p90": 51,
      "p99": 79
    },
    "B_mid":     {
      "count": 9052,
      "weight_sum": 10089,
      "min": 0,
      "max": 3,
      "mean": 0.789375,
      "median": 1,
      "p90": 1,
      "p99": 2
    },
    "B_leaf":     {
      "count": 9052,
      "weight_sum": 10089,
      "min": 0,
      "max": 0,
      "mean": 0,
      "median": 0,
      "p90": 0,
      "p99": 0
    },
    "B_subtree":     {
      "count": 9052,
      "weight_sum": 10089,
      "min": 0,
      "max": 2,
      "mean": 0.413024,
      "median": 0,
      "p90": 1,
      "p99": 2
    },
    "m":     {
      "count": 9052,
      "weight_sum": 10089,
      "min": 1,
      "max": 4,
      "mean": 1.2024,
      "median": 1,
      "p90": 2,
      "p99": 3
    },
    "M_point":     {
      "count": 9052,
      "weight_sum": 10089,
      "min": 0,
      "max": 3,
      "mean": 0.789375,
      "median": 1,
      "p90": 1,
      "p99": 2
    },
    "M_subtree":     {
      "count": 9052,
      "weight_sum": 10089,
      "min": 0,
      "max": 3,
      "mean": 0.429874,
      "median": 0,
      "p90": 1,
      "p99": 2
    },
    "rho":     {
      "count": 9052,
      "weight_sum": 10089,
      "min": 1,
      "max": 2,
      "mean": 1.01566,
      "median": 1,
      "p90": 1,
      "p99": 2
    },
    "sigma":     {
      "count": 9052,
      "weight_sum": 10089,
      "min": 0,
      "max": 1,
      "mean": 0.352959,
      "median": 0,
      "p90": 1,
      "p99": 1
    },
    "avg_subtree_mass":     {
      "count": 3400,
      "weight_sum": 3999,
      "min": 1,
      "max": 2,
      "mean": 1.04214,
      "median": 1,
      "p90": 1,
      "p99": 2
    }
  },
  "sample": {
    "t": 200000,
    "chunk_size": 2000000,
    "num_chunks": 1,
    "U_t": 9052,
    "G_t": 9052,
    "avg_repeat_global": 22.0946,
    "avg_group_size_exec": 22.0946,
    "samples_per_sec": 4.97393e+06,
    "ns_per_sample": 201.048,
    "checksum": 10333986736572414981,
    "group_size_equal":     {
      "count": 9052,
      "weight_sum": 9052,
      "min": 6,
      "max": 85,
      "mean": 22.0946,
      "median": 20,
      "p90": 32,
      "p99": 52
    },
    "group_size_sample_weighted":     {
      "count": 9052,
      "weight_sum": 200000,
      "min": 6,
      "max": 85,
      "mean": 25.1427,
      "median": 22,
      "p90": 41,
      "p99": 60
    },
    "K_point_equal":     {
      "count": 9052,
      "weight_sum": 9052,
      "min": 0,
      "max": 81,
      "mean": 14.33,
      "median": 17,
      "p90": 26,
      "p99": 45.49
    },
    "K_point_sample_weighted":     {
      "count": 9052,
      "weight_sum": 200000,
      "min": 0,
      "max": 81,
      "mean": 16.3438,
      "median": 19,
      "p90": 31,
      "p99": 52
    },
    "K_subtree_equal":     {
      "count": 9052,
      "weight_sum": 9052,
      "min": 0,
      "max": 61,
      "mean": 7.76458,
      "median": 0,
      "p90": 23,
      "p99": 37
    },
    "K_subtree_sample_weighted":     {
      "count": 9052,
      "weight_sum": 200000,
      "min": 0,
      "max": 61,
      "mean": 8.79889,
      "median": 0,
      "p90": 25,
      "p99": 43
    }
  },