depth,node_count,edge_count,edge_p50,edge_p90,edge_p99,vol_p50,vol_p90,vol_p99
0,1,8,0.992079,0.99395,0.995366,0.939944,0.939944,0.939944
1,2,16,0.989511,0.992405,0.995158,0.326084,0.382836,0.395605
2,4,32,0.959729,0.991277,0.994784,0.0896796,0.154334,0.178776
3,8,64,0.517233,0.987646,0.991978,0.0261482,0.0421148,0.0533636
4,16,128,0.510828,0.713287,0.8684,0.00784622,0.0107019,0.0169452
5,32,256,0.503036,0.64389,0.803211,0.00211504,0.00462209,0.00911877
6,64,512,0.470171,0.595009,0.720614,0.000660851,0.00129257,0.00278611
7,128,1024,0.320153,0.505984,0.636214,0.000181355,0.000365714,0.000817502
8,256,2048,0.268495,0.374389,0.467583,4.52005e-05,8.04429e-05,0.000168301
9,512,4096,0.255365,0.332297,0.434232,1.10825e-05,2.22561e-05,4.57492e-05
10,1024,8192,0.224415,0.286747,0.395581,2.3534e-06,4.97548e-06,8.66905e-06
11,2048,16384,0.146855,0.248369,0.330142,3.93038e-07,8.64591e-07,1.61125e-06
12,4096,32768,0.116192,0.166139,0.242451,3.63514e-08,1.05439e-07,2.48891e-07
13,8192,65536,0.0813388,0.130823,0.203738,1.25515e-09,6.74957e-09,2.35176e-08
14,16384,131072,0.0296912,0.0827195,0.144042,1.24602e-13,1.15654e-11,2.42635e-10
15,17233,137864,0,0,0,0,0,0
