{
  "run_id": "density_d3_N50000_a100_t200000_F0_rep1",
  "network": "density",
  "preset": "TH",
  "family": "F0",
  "dim": 3,
  "N": 50000,
  "alpha_target": 100,
  "alpha_expected_est": 101.715,
  "pair_intersection_prob_est": 0.00406859,
  "coverage": 22.7254,
  "data_seed": 4034695080647519863,
  "sample_seed": 1916570912426312423,
  "data_rep": 1,
  "materialize_join": false,
  "timing_ms": {
    "T_lift": 0.900326,
    "T_tree": 10.9382,
    "T_build": 11.8388,
    "T_count_query": 306.954,
    "T_left_dist": 1.31559,
    "T_count": 308.27,
    "T_search_scan": 335.866,
    "T_plan_left": 5.13266,
    "T_group": 12.4006,
    "T_decompose": 334.952,
    "T_local_dist": 88.7947,
    "T_emit": 9.97522,
    "T_sample": 460.718
  },
  "build": {
    "tree_height": 16,
    "max_depth": 15,
    "avg_node_depth": 13.6896,
    "node_count": 50000
  },
  "count": {
    "exact_join_size": 10166073,
    "alpha_actual": 101.661,
    "w":     {
      "count": 50000,
      "weight_sum": 50000,
      "min": 31,
      "max": 289,
      "mean": 203.321,
      "median": 219,
      "p90": 244,
      "p99": 262
    },
    "V_count":     {
      "count": 50000,
      "weight_sum": 50000,
      "min": 37,
      "max": 646,
      "mean": 325.264,
      "median": 332,
      "p90": 443,
      "p99": 535
    },
    "P_count":     {
      "count": 50000,
      "weight_sum": 50000,
      "min": 10,
      "max": 264,
      "mean": 104.158,
      "median": 102,
      "p90": 154,
      "p99": 201
    },
    "C_count":     {
      "count": 50000,
      "weight_sum": 50000,
      "min": 2,
      "max": 74,
      "mean": 43.8303,
      "median": 46,
      "p90": 57,
      "p99": 64
    },
    "H_count":     {
      "count": 50000,
      "weight_sum": 50000,
      "min": 19,
      "max": 343,
      "mean": 177.276,
      "median": 182,
      "p90": 240,
      "p99": 288
    },
    "S_prune":     {
      "count": 50000,
      "weight_sum": 50000,
      "min": 49228,
      "max": 49921,
      "mean": 49573.5,
      "median": 49559,
      "p90": 49734,
      "p99": 49835
    },
    "S_contain":     {
      "count": 50000,
      "weight_sum": 50000,
      "min": 13,
      "max": 181,
      "mean": 101.2,
      "median": 105,
      "p90": 128,
      "p99": 148
    },
    "D_count_max":     {
      "count": 50000,
      "weight_sum": 50000,
      "min": 15,
      "max": 15,
      "mean": 15,
      "median": 15,
      "p90": 15,
      "p99": 15
    }
  },
  "search_equal": {
    "V_search":     {
      "count": 50000,
      "weight_sum": 50000,
      "min": 29,
      "max": 606,
      "mean": 281.434,
      "median": 283,
      "p90": 393,
      "p99": 488
    },
    "P_search":     {
      "count": 50000,
      "weight_sum": 50000,
      "min": 10,
      "max": 264,
      "mean": 104.158,
      "median": 102,
      "p90": 154,
      "p99": 201
    },
    "B_mid":     {
      "count": 50000,
      "weight_sum": 50000,
      "min": 2,
      "max": 105,
      "mean": 58.2916,
      "median": 60,
      "p90": 77,
      "p99": 88
    },
    "B_leaf":     {
      "count": 50000,
      "weight_sum": 50000,
      "min": 0,
      "max": 0,
      "mean": 0,
      "median": 0,
      "p90": 0,
      "p99": 0
    },
    "B_subtree":     {
      "count": 50000,
      "weight_sum": 50000,
      "min": 2,
      "max": 74,
      "mean": 43.8303,
      "median": 46,
      "p90": 57,
      "p99": 64
    },
    "m":     {
      "count": 50000,
      "weight_sum": 50000,
      "min": 4,
      "max": 165,
      "mean": 102.122,
      "median": 108,
      "p90": 132,
      "p99": 145
    },
    "M_point":     {
      "count": 50000,
      "weight_sum": 50000,
      "min": 2,
      "max": 105,
      "mean": 58.2916,
      "median": 60,
      "p90": 77,
      "p99": 88
    },
    "M_subtree":     {
      "count": 50000,
      "weight_sum": 50000,
      "min": 18,
      "max": 223,
      "mean": 145.03,
      "median": 153,
      "p90": 177,
      "p99": 195
    },
    "rho":     {
      "count": 50000,
      "weight_sum": 50000,
      "min": 1.36735,
      "max": 25,
      "mean": 2.03436,
      "median": 1.96825,
      "p90": 2.40952,
      "p99": 3.11766
    },
    "sigma":     {
      "count": 50000,
      "weight_sum": 50000,
      "min": 0.46281,
      "max": 0.98,
      "mean": 0.713777,
      "median": 0.711934,
      "p90": 0.776256,
      "p99": 0.835898
    },
    "avg_subtree_mass":     {
      "count": 50000,
      "weight_sum": 50000,
      "min": 1.81818,
      "max": 49,
      "mean": 3.42438,
      "median": 3.25926,
      "p90": 4.31579,
      "p99": 6.11115
    }
  },
  "search_weighted": {
    "V_search":     {
      "count": 50000,
      "weight_sum": 1.01661e+07,
      "min": 29,
      "max": 606,
      "mean": 294.806,
      "median": 296,
      "p90": 400,
      "p99": 492
    },
    "P_search":     {
      "count": 50000,
      "weight_sum": 1.01661e+07,
      "min": 10,
      "max": 264,
      "mean": 109.139,
      "median": 107,
      "p90": 157,
      "p99": 204
    },
    "B_mid":     {
      "count": 50000,
      "weight_sum": 1.01661e+07,
      "min": 2,
      "max": 105,
      "mean": 60.9366,
      "median": 63,
      "p90": 78,
      "p99": 89
    },
    "B_leaf":     {
      "count": 50000,
      "weight_sum": 1.01661e+07,
      "min": 0,
      "max": 0,
      "mean": 0,
      "median": 0,
      "p90": 0,
      "p99": 0
    },
    "B_subtree":     {
      "count": 50000,
      "weight_sum": 1.01661e+07,
      "min": 2,
      "max": 74,
      "mean": 45.8145,
      "median": 48,
      "p90": 58,
      "p99": 64
    },
    "m":     {
      "count": 50000,
      "weight_sum": 1.01661e+07,
      "min": 4,
      "max": 165,
      "mean": 106.751,
      "median": 112,
      "p90": 133,
      "p99": 146
    },
    "M_point":     {
      "count": 50000,
      "weight_sum": 1.01661e+07,
      "min": 2,
      "max": 105,
      "mean": 60.9366,
      "median": 63,
      "p90": 78,
      "p99": 89
    },
    "M_subtree":     {
      "count": 50000,
      "weight_sum": 1.01661e+07,
      "min": 18,
      "max": 223,
      "mean": 151.224,
      "median": 157,
      "p90": 179,
      "p99": 197
    },
    "rho":     {
      "count": 50000,
      "weight_sum": 1.01661e+07,
      "min": 1.36735,
      "max": 25,
      "mean": 2.02774,
      "median": 1.96667,
      "p90": 2.39175,
      "p99": 3.04444
    },
    "sigma":     {
      "count": 50000,
      "weight_sum": 1.01661e+07,
      "min": 0.46281,
      "max": 0.98,
      "mean": 0.713303,
      "median": 0.71134,
      "p90": 0.773913,
      "p99": 0.830769
    },
    "avg_subtree_mass":     {
      "count": 50000,
      "weight_sum": 1.01661e+07,
      "min": 1.81818,
      "max": 49,
      "mean": 3.40648,
      "median": 3.25,
      "p90": 4.26316,
      "p99": 5.93103
    }
  },
  "sample": {
    "t": 200000,
    "chunk_size": 2000000,
    "num_chunks": 1,
    "U_t": 48624,
    "G_t": 48624,
    "avg_repeat_global": 4.1132,
    "avg_group_size_exec": 4.1132,
    "samples_per_sec": 434105,
    "ns_per_sample": 2303.59,
    "checksum": 11860743118121599310,
    "group_size_equal":     {
      "count": 48624,
      "weight_sum": 48624,
      "min": 1,
      "max": 17,
      "mean": 4.1132,
      "median": 4,
      "p90": 7,
      "p99": 10
    },
    "group_size_sample_weighted":     {
      "count": 48624,
      "weight_sum": 200000,
      "min": 1,
      "max": 17,
      "mean": 5.17107,
      "median": 5,
      "p90": 8,
      "p99": 11
    },
    "K_point_equal":     {
      "count": 48624,
      "weight_sum": 48624,
      "min": 0,
      "max": 9,
      "mean": 1.17944,
      "median": 1,
      "p90": 3,
      "p99": 4
    },
    "K_point_sample_weighted":     {
      "count": 48624,
      "weight_sum": 200000,
      "min": 0,
      "max": 9,
      "mean": 1.48432,
      "median": 1,
      "p90": 3,
      "p99": 5
    },
    "K_subtree_equal":     {
      "count": 48624,
      "weight_sum": 48624,
      "min": 0,