{
  "run_id": "sample_size_d2_N50000_a10_t1000000_F1_rep2",
  "network": "sample_size",
  "preset": "TH",
  "family": "F1",
  "dim": 2,
  "N": 50000,
  "alpha_target": 10,
  "alpha_expected_est": 10.1881,
  "pair_intersection_prob_est": 0.000407524,
  "coverage": 4.34156,
  "data_seed": 8423651988732252339,
  "sample_seed": 1867342279605882506,
  "data_rep": 2,
  "materialize_join": false,
  "timing_ms": {
    "T_lift": 1.59992,
    "T_tree": 11.2752,
    "T_build": 12.8755,
    "T_count_query": 63.0086,
    "T_left_dist": 1.1915,
    "T_count": 64.2002,
    "T_search_scan": 69.1372,
    "T_plan_left": 22.7781,
    "T_group": 73.2187,
    "T_decompose": 73.0805,
    "T_local_dist": 15.9655,
    "T_emit": 33.4767,
    "T_sample": 231.963
  },
  "build": {
    "tree_height": 16,
    "max_depth": 15,
    "avg_node_depth": 13.6896,
    "node_count": 50000
  },
  "count": {
    "exact_join_size": 1018449,
    "alpha_actual": 10.1845,
    "w":     {
      "count": 50000,
      "weight_sum": 50000,
      "min": 1,
      "max": 71,
      "mean": 20.369,
      "median": 20,
      "p90": 27,
      "p99": 35
    },
    "V_count":     {
      "count": 50000,
      "weight_sum": 50000,
      "min": 25,
      "max": 212,
      "mean": 88.0187,
      "median": 87,
      "p90": 115,
      "p99": 139
    },
    "P_count":     {
      "count": 50000,
      "weight_sum": 50000,
      "min": 11,
      "max": 76,
      "mean": 35.6327,
      "median": 35,
      "p90": 48,
      "p99": 58
    },
    "C_count":     {
      "count": 50000,
      "weight_sum": 50000,
      "min": 0,
      "max": 29,
      "mean": 6.09682,
      "median": 6,
      "p90": 9,
      "p99": 12
    },
    "H_count":     {
      "count": 50000,
      "weight_sum": 50000,
      "min": 12,
      "max": 115,
      "mean": 46.2891,
      "median": 46,
      "p90": 61,
      "p99": 73
    },
    "S_prune":     {
      "count": 50000,
      "weight_sum": 50000,
      "min": 49773,
      "max": 49967,
      "mean": 49906.1,
      "median": 49907,
      "p90": 49932,
      "p99": 49948
    },
    "S_contain":     {
      "count": 50000,
      "weight_sum": 50000,
      "min": 0,
      "max": 27,
      "mean": 5.847,
      "median": 5,
      "p90": 10,
      "p99": 15
    },
    "D_count_max":     {
      "count": 50000,
      "weight_sum": 50000,
      "min": 12,
      "max": 15,
      "mean": 14.9981,
      "median": 15,
      "p90": 15,
      "p99": 15
    }
  },
  "search_equal": {
    "V_search":     {
      "count": 50000,
      "weight_sum": 50000,
      "min": 24,
      "max": 183,
      "mean": 81.9218,
      "median": 81,
      "p90": 108,
      "p99": 131
    },
    "P_search":     {
      "count": 50000,
      "weight_sum": 50000,
      "min": 11,
      "max": 76,
      "mean": 35.6327,
      "median": 35,
      "p90": 48,
      "p99": 58
    },
    "B_mid":     {
      "count": 50000,
      "weight_sum": 50000,
      "min": 0,
      "max": 32,
      "mean": 8.42516,
      "median": 8,
      "p90": 12,
      "p99": 16
    },
    "B_leaf":     {
      "count": 50000,
      "weight_sum": 50000,
      "min": 0,
      "max": 0,
      "mean": 0,
      "median": 0,
      "p90": 0,
      "p99": 0
    },
    "B_subtree":     {
      "count": 50000,
      "weight_sum": 50000,
      "min": 0,
      "max": 29,
      "mean": 6.09682,
      "median": 6,
      "p90": 9,
      "p99": 12
    },
    "m":     {
      "count": 50000,
      "weight_sum": 50000,
      "min": 1,
      "max": 56,
      "mean": 14.522,
      "median": 14,
      "p90": 20,
      "p99": 25
    },
    "M_point":     {
      "count": 50000,
      "weight_sum": 50000,
      "min": 0,
      "max": 32,
      "mean": 8.42516,
      "median": 8,
      "p90": 12,
      "p99": 16
    },
    "M_subtree":     {
      "count": 50000,
      "weight_sum": 50000,
      "min": 0,
      "max": 44,
      "mean": 11.9438,
      "median": 12,
      "p90": 17,
      "p99": 23
    },
    "rho":     {
      "count": 50000,
      "weight_sum": 50000,
      "min": 1,
      "max": 6.75,
      "mean": 1.43765,
      "median": 1.375,
      "p90": 1.78571,
      "p99": 2.57143
    },
    "sigma":     {
      "count": 50000,
      "weight_sum": 50000,
      "min": 0,
      "max": 1,
      "mean": 0.581741,
      "median": 0.583333,
      "p90": 0.733333,
      "p99": 0.85
    },
    "avg_subtree_mass":     {
      "count": 49989,
      "weight_sum": 49989,
      "min": 1,
      "max": 23,
      "mean": 2.06324,
      "median": 1.875,
      "p90": 3,
      "p99": 5
    }
  },
  "search_weighted": {
    "V_search":     {
      "count": 50000,
      "weight_sum": 1.01845e+06,
      "min": 24,
      "max": 183,
      "mean": 83.3561,
      "median": 82,
      "p90": 110,
      "p99": 133
    },
    "P_search":     {
      "count": 50000,
      "weight_sum": 1.01845e+06,
      "min": 11,
      "max": 76,
      "mean": 36.0761,
      "median": 36,
      "p90": 48,
      "p99": 59
    },
    "B_mid":     {
      "count": 50000,
      "weight_sum": 1.01845e+06,
      "min": 0,
      "max": 32,
      "mean": 8.89647,
      "median": 9,
      "p90": 13,
      "p99": 17
    },
    "B_leaf":     {
      "count": 50000,
      "weight_sum": 1.01845e+06,
      "min": 0,
      "max": 0,
      "mean": 0,
      "median": 0,
      "p90": 0,
      "p99": 0
    },
    "B_subtree":     {
      "count": 50000,
      "weight_sum": 1.01845e+06,
      "min": 0,
      "max": 29,
      "mean": 6.4485,
      "median": 6,
      "p90": 9,
      "p99": 13
    },
    "m":     {
      "count": 50000,
      "weight_sum": 1.01845e+06,
      "min": 1,
      "max": 56,
      "mean": 15.345,
      "median": 15,
      "p90": 21,
      "p99": 27
    },
    "M_point":     {
      "count": 50000,
      "weight_sum": 1.01845e+06,
      "min": 0,
      "max": 32,
      "mean": 8.89647,
      "median": 9,
      "p90": 13,
      "p99": 17
    },
    "M_subtree":     {
      "count": 50000,
      "weight_sum": 1.01845e+06,
      "min": 0,
      "max": 44,
      "mean": 12.8367,
      "median": 12,
      "p90": 18,
      "p99": 25
    },
    "rho":     {
      "count": 50000,
      "weight_sum": 1.01845e+06,
      "min": 1,
      "max": 6.75,
      "mean": 1.45284,
      "median": 1.38462,
      "p90": 1.81818,
      "p99": 2.57143
    },
    "sigma":     {
      "count": 50000,
      "weight_sum": 1.01845e+06,
      "min": 0,
      "max": 1,
      "mean": 0.586373,
      "median": 0.588235,
      "p90": 0.733333,
      "p99": 0.846154
    },
    "avg_subtree_mass":     {
      "count": 49989,
      "weight_sum": 1.01838e+06,
      "min": 1,
      "max": 23,
      "mean": 2.09835,
      "median": 2,
      "p90": 3,
      "p99": 5
    }
  },
  "sample": {
    "t": 1000000,
    "chunk_size": 2000000,
    "num_chunks": 1,
    "U_t": 49998,
    "G_t": 49998,
    "avg_repeat_global": 20.0008,
    "avg_group_size_exec": 20.0008,
    "samples_per_sec": 4.31104e+06,
    "ns_per_sample": 231.963,
    "checksum": 18045603730890682117,
    "group_size_equal":     {
      "count": 49998,
      "weight_sum": 49998,
      "min": 1,
      "max": 75,
      "mean": 20.0008,
      "median": 19,
      "p90": 29,
      "p99": 39
    },
    "group_size_sample_weighted":     {
      "count": 49998,
      "weight_sum": 1e+06,
      "min": 1,
      "max": 75,
      "mean": 22.3498,
      "median": 22,
      "p90": 32,
      "p99": 42
    },
    "K_point_equal":     {
      "count": 49998,
      "weight_sum": 49998,
      "min": 0,
      "max": 34,
      "mean": 8.27495,
      "median": 8,
      "p90": 14,
      "p99": 20
    },
    "K_point_sample_weighted":     {
      "count": 49998,
      "weight_sum": 1e+06,
      "min": 0,
      "max": 34,
      "mean": 9.15907,
      "median": 9,
      "p90": 15,
      "p99": 21
    },
    "K_subtree_equal":     {
      "count": 49998,
      "weight_sum": 49998,
      "min": 0,
      "max": 46,
      "mean": 11.7258,
      "median": 11,
      "p90": 19,
      "p99": 27
    },