{
  "run_id": "density_d5_N50000_a1_t200000_F0_rep2",
  "network": "density",
  "preset": "TH",
  "family": "F0",
  "dim": 5,
  "N": 50000,
  "alpha_target": 1,
  "alpha_expected_est": 0.988226,
  "pair_intersection_prob_est": 3.95291e-05,
  "coverage": 0.0528283,
  "data_seed": 6207283550601566976,
  "sample_seed": 4470369453642368724,
  "data_rep": 2,
  "materialize_join": false,
  "timing_ms": {
    "T_lift": 1.31417,
    "T_tree": 18.2782,
    "T_build": 19.5925,
    "T_count_query": 122.349,
    "T_left_dist": 1.10675,
    "T_count": 123.456,
    "T_search_scan": 134.71,
    "T_plan_left": 4.89951,
    "T_group": 12.8178,
    "T_decompose": 110.301,
    "T_local_dist": 4.3632,
    "T_emit": 6.91761,
    "T_sample": 146.633
  },
  "build": {
    "tree_height": 16,
    "max_depth": 15,
    "avg_node_depth": 13.6896,
    "node_count": 50000
  },
  "count": {
    "exact_join_size": 98463,
    "alpha_actual": 0.98463,
    "w":     {
      "count": 50000,
      "weight_sum": 50000,
      "min": 0,
      "max": 11,
      "mean": 1.96926,
      "median": 2,
      "p90": 4,
      "p99": 6
    },
    "V_count":     {
      "count": 50000,
      "weight_sum": 50000,
      "min": 25,
      "max": 565,
      "mean": 95.5203,
      "median": 84,
      "p90": 157,
      "p99": 264
    },
    "P_count":     {
      "count": 50000,
      "weight_sum": 50000,
      "min": 13,
      "max": 280,
      "mean": 46.2531,
      "median": 40,
      "p90": 77,
      "p99": 130
    },
    "C_count":     {
      "count": 50000,
      "weight_sum": 50000,
      "min": 0,
      "max": 7,
      "mean": 0.66924,
      "median": 0,
      "p90": 2,
      "p99": 3
    },
    "H_count":     {
      "count": 50000,
      "weight_sum": 50000,
      "min": 12,
      "max": 283,
      "mean": 48.598,
      "median": 43,
      "p90": 80,
      "p99": 134
    },
    "S_prune":     {
      "count": 50000,
      "weight_sum": 50000,
      "min": 49434,
      "max": 49975,
      "mean": 49904.4,
      "median": 49916,
      "p90": 49952,
      "p99": 49966
    },
    "S_contain":     {
      "count": 50000,
      "weight_sum": 50000,
      "min": 0,
      "max": 4,
      "mean": 0.06948,
      "median": 0,
      "p90": 0,
      "p99": 1
    },
    "D_count_max":     {
      "count": 50000,
      "weight_sum": 50000,
      "min": 12,
      "max": 15,
      "mean": 14.9503,
      "median": 15,
      "p90": 15,
      "p99": 15
    }
  },
  "search_equal": {
    "V_search":     {
      "count": 50000,
      "weight_sum": 50000,
      "min": 25,
      "max": 563,
      "mean": 94.8511,
      "median": 83,
      "p90": 156,
      "p99": 263.01
    },
    "P_search":     {
      "count": 50000,
      "weight_sum": 50000,
      "min": 13,
      "max": 280,
      "mean": 46.2531,
      "median": 40,
      "p90": 77,
      "p99": 130
    },
    "B_mid":     {
      "count": 50000,
      "weight_sum": 50000,
      "min": 0,
      "max": 8,
      "mean": 1.23054,
      "median": 1,
      "p90": 3,
      "p99": 5
    },
    "B_leaf":     {
      "count": 50000,
      "weight_sum": 50000,
      "min": 0,
      "max": 0,
      "mean": 0,
      "median": 0,
      "p90": 0,
      "p99": 0
    },
    "B_subtree":     {
      "count": 50000,
      "weight_sum": 50000,
      "min": 0,
      "max": 7,
      "mean": 0.66924,
      "median": 0,
      "p90": 2,
      "p99": 3
    },
    "m":     {
      "count": 50000,
      "weight_sum": 50000,
      "min": 0,
      "max": 10,
      "mean": 1.89978,
      "median": 2,
      "p90": 4,
      "p99": 6
    },
    "M_point":     {
      "count": 50000,
      "weight_sum": 50000,
      "min": 0,
      "max": 8,
      "mean": 1.23054,
      "median": 1,
      "p90": 3,
      "p99": 5
    },
    "M_subtree":     {
      "count": 50000,
      "weight_sum": 50000,
      "min": 0,
      "max": 7,
      "mean": 0.73872,
      "median": 0,
      "p90": 2,
      "p99": 4
    },
    "rho":     {
      "count": 42128,
      "weight_sum": 42128,
      "min": 1,
      "max": 3,
      "mean": 1.0387,
      "median": 1,
      "p90": 1,
      "p99": 2
    },
    "sigma":     {
      "count": 42128,
      "weight_sum": 42128,
      "min": 0,
      "max": 1,
      "mean": 0.365569,
      "median": 0.333333,
      "p90": 1,
      "p99": 1
    },
    "avg_subtree_mass":     {
      "count": 24389,
      "weight_sum": 24389,
      "min": 1,
      "max": 5,
      "mean": 1.10793,
      "median": 1,
      "p90": 1.5,
      "p99": 2
    }
  },
  "search_weighted": {
    "V_search":     {
      "count": 42128,
      "weight_sum": 98463,
      "min": 27,
      "max": 563,
      "mean": 99.8952,
      "median": 88,
      "p90": 164,
      "p99": 273
    },
    "P_search":     {
      "count": 42128,
      "weight_sum": 98463,
      "min": 13,
      "max": 280,
      "mean": 48.3152,
      "median": 42,
      "p90": 80,
      "p99": 134
    },
    "B_mid":     {
      "count": 42128,
      "weight_sum": 98463,
      "min": 0,
      "max": 8,
      "mean": 1.89726,
      "median": 2,
      "p90": 4,
      "p99": 5
    },
    "B_leaf":     {
      "count": 42128,
      "weight_sum": 98463,
      "min": 0,
      "max": 0,
      "mean": 0,
      "median": 0,
      "p90": 0,
      "p99": 0
    },
    "B_subtree":     {
      "count": 42128,
      "weight_sum": 98463,
      "min": 0,
      "max": 7,
      "mean": 1.03889,
      "median": 1,
      "p90": 2,
      "p99": 4
    },
    "m":     {
      "count": 42128,
      "weight_sum": 98463,
      "min": 1,
      "max": 10,
      "mean": 2.93615,
      "median": 3,
      "p90": 5,
      "p99": 7
    },
    "M_point":     {
      "count": 42128,
      "weight_sum": 98463,
      "min": 0,
      "max": 8,
      "mean": 1.89726,
      "median": 2,
      "p90": 4,
      "p99": 5
    },
    "M_subtree":     {
      "count": 42128,
      "weight_sum": 98463,
      "min": 0,
      "max": 7,
      "mean": 1.17523,
      "median": 1,
      "p90": 3,
      "p99": 4
    },
    "rho":     {
      "count": 42128,
      "weight_sum": 98463,
      "min": 1,
      "max": 3,
      "mean": 1.05262,
      "median": 1,
      "p90": 1.25,
      "p99": 2
    },
    "sigma":     {
      "count": 42128,
      "weight_sum": 98463,
      "min": 0,
      "max": 1,
      "mean": 0.375126,
      "median": 0.333333,
      "p90": 1,
      "p99": 1
    },
    "avg_subtree_mass":     {
      "count": 24389,
      "weight_sum": 66870,
      "min": 1,
      "max": 5,
      "mean": 1.14071,
      "median": 1,
      "p90": 1.5,
      "p99": 2
    }
  },
  "sample": {
    "t": 200000,
    "chunk_size": 2000000,
    "num_chunks": 1,
    "U_t": 40098,
    "G_t": 40098,
    "avg_repeat_global": 4.98778,
    "avg_group_size_exec": 4.98778,
    "samples_per_sec": 1.36395e+06,
    "ns_per_sample": 733.164,
    "checksum": 12236122011473291266,
    "group_size_equal":     {
      "count": 40098,
      "weight_sum": 40098,
      "min": 1,
      "max": 29,
      "mean": 4.98778,
      "median": 4,
      "p90": 10,
      "p99": 16
    },
    "group_size_sample_weighted":     {
      "count": 40098,
      "weight_sum": 200000,
      "min": 1,
      "max": 29,
      "mean": 7.2535,
      "median": 7,
      "p90": 13,
      "p99": 19
    },
    "K_point_equal":     {
      "count": 40098,
      "weight_sum": 40098,
      "min": 0,
      "max": 24,
      "mean": 3.11654,
      "median": 3,
      "p90": 7,
      "p99": 12
    },
    "K_point_sample_weighted":     {
      "count": 40098,
      "weight_sum": 200000,
      "min": 0,
      "max": 24,
      "mean": 4.48857,
      "median": 4,
      "p90": 9,
      "p99": 15
    },
    "K_subtree_equal":     {
      "count": 40098,
      "weight_sum": 40098,
      "min": 0,
      "max": 21,
      "mean": 1.87124,
      "median": 1,
      "p90": 5,
      "p99": 10
    },
    "K_subtree_sample_weighted":     {
      "count": 40098,
      "weight_sum": 200000,
      "min": 0,
      "max": 21,
      "mean": 2.76492,
      "median": 2,
      "p90": 7,