{
  "run_id": "density_d2_N50000_a1_t200000_F1_rep0",
  "network": "density",
  "preset": "TH",
  "family": "F1",
  "dim": 2,
  "N": 50000,
  "alpha_target": 1,
  "alpha_expected_est": 0.988648,
  "pair_intersection_prob_est": 3.95459e-05,
  "coverage": 0.423836,
  "data_seed": 3855212527493685040,
  "sample_seed": 1543741973082049525,
  "data_rep": 0,
  "materialize_join": false,
  "timing_ms": {
    "T_lift": 0.742444,
    "T_tree": 10.1459,
    "T_build": 10.8886,
    "T_count_query": 25.1031,
    "T_left_dist": 1.2346,
    "T_count": 26.3378,
    "T_search_scan": 27.522,
    "T_plan_left": 5.15717,
    "T_group": 12.5838,
    "T_decompose": 23.4852,
    "T_local_dist": 4.0783,
    "T_emit": 6.53627,
    "T_sample": 58.4224
  },
  "build": {
    "tree_height": 16,
    "max_depth": 15,
    "avg_node_depth": 13.6896,
    "node_count": 50000
  },
  "count": {
    "exact_join_size": 99168,
    "alpha_actual": 0.99168,
    "w":     {
      "count": 50000,
      "weight_sum": 50000,
      "min": 0,
      "max": 12,
      "mean": 1.98336,
      "median": 2,
      "p90": 4,
      "p99": 6
    },
    "V_count":     {
      "count": 50000,
      "weight_sum": 50000,
      "min": 15,
      "max": 98,
      "mean": 38.6488,
      "median": 37,
      "p90": 50,
      "p99": 65
    },
    "P_count":     {
      "count": 50000,
      "weight_sum": 50000,
      "min": 8,
      "max": 48,
      "mean": 18.5533,
      "median": 18,
      "p90": 24,
      "p99": 31
    },
    "C_count":     {
      "count": 50000,
      "weight_sum": 50000,
      "min": 0,
      "max": 5,
      "mean": 0.67438,
      "median": 1,
      "p90": 2,
      "p99": 3
    },
    "H_count":     {
      "count": 50000,
      "weight_sum": 50000,
      "min": 7,
      "max": 49,
      "mean": 19.4211,
      "median": 18,
      "p90": 25,
      "p99": 33
    },
    "S_prune":     {
      "count": 50000,
      "weight_sum": 50000,
      "min": 49901,
      "max": 49985,
      "mean": 49961.1,
      "median": 49963,
      "p90": 49970,
      "p99": 49973
    },
    "S_contain":     {
      "count": 50000,
      "weight_sum": 50000,
      "min": 0,
      "max": 5,
      "mean": 0.20462,
      "median": 0,
      "p90": 1,
      "p99": 2
    },
    "D_count_max":     {
      "count": 50000,
      "weight_sum": 50000,
      "min": 7,
      "max": 15,
      "mean": 14.7768,
      "median": 15,
      "p90": 15,
      "p99": 15
    }
  },
  "search_equal": {
    "V_search":     {
      "count": 50000,
      "weight_sum": 50000,
      "min": 15,
      "max": 97,
      "mean": 37.9744,
      "median": 36,
      "p90": 49,
      "p99": 64
    },
    "P_search":     {
      "count": 50000,
      "weight_sum": 50000,
      "min": 8,
      "max": 48,
      "mean": 18.5533,
      "median": 18,
      "p90": 24,
      "p99": 31
    },
    "B_mid":     {
      "count": 50000,
      "weight_sum": 50000,
      "min": 0,
      "max": 8,
      "mean": 1.10436,
      "median": 1,
      "p90": 2,
      "p99": 4
    },
    "B_leaf":     {
      "count": 50000,
      "weight_sum": 50000,
      "min": 0,
      "max": 0,
      "mean": 0,
      "median": 0,
      "p90": 0,
      "p99": 0
    },
    "B_subtree":     {
      "count": 50000,
      "weight_sum": 50000,
      "min": 0,
      "max": 5,
      "mean": 0.67438,
      "median": 1,
      "p90": 2,
      "p99": 3
    },
    "m":     {
      "count": 50000,
      "weight_sum": 50000,
      "min": 0,
      "max": 9,
      "mean": 1.77874,
      "median": 2,
      "p90": 3,
      "p99": 5
    },
    "M_point":     {
      "count": 50000,
      "weight_sum": 50000,
      "min": 0,
      "max": 8,
      "mean": 1.10436,
      "median": 1,
      "p90": 2,
      "p99": 4
    },
    "M_subtree":     {
      "count": 50000,
      "weight_sum": 50000,
      "min": 0,
      "max": 8,
      "mean": 0.879,
      "median": 1,
      "p90": 2,
      "p99": 4
    },
    "rho":     {
      "count": 42888,
      "weight_sum": 42888,
      "min": 1,
      "max": 6,
      "mean": 1.12381,
      "median": 1,
      "p90": 1.5,
      "p99": 2
    },
    "sigma":     {
      "count": 42888,
      "weight_sum": 42888,
      "min": 0,
      "max": 1,
      "mean": 0.417097,
      "median": 0.5,
      "p90": 1,
      "p99": 1
    },
    "avg_subtree_mass":     {
      "count": 26981,
      "weight_sum": 26981,
      "min": 1,
      "max": 6,
      "mean": 1.31233,
      "median": 1,
      "p90": 2,
      "p99": 2
    }
  },
  "search_weighted": {
    "V_search":     {
      "count": 42888,
      "weight_sum": 99168,
      "min": 23,
      "max": 97,
      "mean": 38.9962,
      "median": 37,
      "p90": 50,
      "p99": 65
    },
    "P_search":     {
      "count": 42888,
      "weight_sum": 99168,
      "min": 12,
      "max": 48,
      "mean": 18.772,
      "median": 18,
      "p90": 24,
      "p99": 32
    },
    "B_mid":     {
      "count": 42888,
      "weight_sum": 99168,
      "min": 0,
      "max": 8,
      "mean": 1.61713,
      "median": 2,
      "p90": 3,
      "p99": 5
    },
    "B_leaf":     {
      "count": 42888,
      "weight_sum": 99168,
      "min": 0,
      "max": 0,
      "mean": 0,
      "median": 0,
      "p90": 0,
      "p99": 0
    },
    "B_subtree":     {
      "count": 42888,
      "weight_sum": 99168,
      "min": 0,
      "max": 5,
      "mean": 1.01317,
      "median": 1,
      "p90": 2,
      "p99": 3
    },
    "m":     {
      "count": 42888,
      "weight_sum": 99168,
      "min": 1,
      "max": 9,
      "mean": 2.6303,
      "median": 2,
      "p90": 4,
      "p99": 6
    },
    "M_point":     {
      "count": 42888,
      "weight_sum": 99168,
      "min": 0,
      "max": 8,
      "mean": 1.61713,
      "median": 2,
      "p90": 3,
      "p99": 5
    },
    "M_subtree":     {
      "count": 42888,
      "weight_sum": 99168,
      "min": 0,
      "max": 8,
      "mean": 1.3946,
      "median": 1,
      "p90": 3,
      "p99": 5
    },
    "rho":     {
      "count": 42888,
      "weight_sum": 99168,
      "min": 1,
      "max": 6,
      "mean": 1.16764,
      "median": 1,
      "p90": 1.5,
      "p99": 2
    },
    "sigma":     {
      "count": 42888,
      "weight_sum": 99168,
      "min": 0,
      "max": 1,
      "mean": 0.443187,
      "median": 0.5,
      "p90": 1,
      "p99": 1
    },
    "avg_subtree_mass":     {
      "count": 26981,
      "weight_sum": 73537,
      "min": 1,
      "max": 6,
      "mean": 1.39797,
      "median": 1,
      "p90": 2,
      "p99": 3
    }
  },
  "sample": {
    "t": 200000,
    "chunk_size": 2000000,
    "num_chunks": 1,
    "U_t": 40843,
    "G_t": 40843,
    "avg_repeat_global": 4.8968,
    "avg_group_size_exec": 4.8968,
    "samples_per_sec": 3.42334e+06,
    "ns_per_sample": 292.112,
    "checksum": 3077205023477649512,
    "group_size_equal":     {
      "count": 40843,
      "weight_sum": 40843,
      "min": 1,
      "max": 26,
      "mean": 4.8968,
      "median": 4,
      "p90": 9,
      "p99": 15
    },
    "group_size_sample_weighted":     {
      "count": 40843,
      "weight_sum": 200000,
      "min": 1,
      "max": 26,
      "mean": 7.06777,
      "median": 6,
      "p90": 12,
      "p99": 18
    },
    "K_point_equal":     {
      "count": 40843,
      "weight_sum": 40843,
      "min": 0,
      "max": 20,
      "mean": 2.72928,
      "median": 2,
      "p90": 6,
      "p99": 11
    },
    "K_point_sample_weighted":     {
      "count": 40843,
      "weight_sum": 200000,
      "min": 0,
      "max": 20,
      "mean": 3.83108,
      "median": 3,
      "p90": 8,
      "p99": 13
    },
    "K_subtree_equal":     {
      "count": 40843,
      "weight_sum": 40843,
      "min": 0,
      "max": 20,
      "mean": 2.16752,
      "median": 1,
      "p90": 6,
      "p99": 10
    },
    "K_subtree_sample_weighted":     {
      "count": 40843,
      "weight_sum": 200000,
      "min": 0,
      "max": 20,
      "mean": 3.23669,
      "median": 3,
      "p90": 7,
      "p99": 12
    }
  },