{
  "run_id": "input_size_d3_N100000_a10_t200000_F0_rep0",
  "network": "input_size",
  "preset": "TH",
  "family": "F0",
  "dim": 3,
  "N": 100000,
  "alpha_target": 10,
  "alpha_expected_est": 9.94657,
  "pair_intersection_prob_est": 0.000198931,
  "coverage": 2.38242,
  "data_seed": 1132718041656530860,
  "sample_seed": 1996886441882876326,
  "data_rep": 0,
  "materialize_join": false,
  "timing_ms": {
    "T_lift": 3.06273,
    "T_tree": 23.0637,
    "T_build": 26.1268,
    "T_count_query": 204.189,
    "T_left_dist": 2.26215,
    "T_count": 206.451,
    "T_search_scan": 221.752,
    "T_plan_left": 5.9176,
    "T_group": 11.998,
    "T_decompose": 192.666,
    "T_local_dist": 28.2057,
    "T_emit": 11.3296,
    "T_sample": 263.836
  },
  "build": {
    "tree_height": 17,
    "max_depth": 16,
    "avg_node_depth": 14.6895,
    "node_count": 100000
  },
  "count": {
    "exact_join_size": 1989196,
    "alpha_actual": 9.94598,
    "w":     {
      "count": 100000,
      "weight_sum": 100000,
      "min": 0,
      "max": 41,
      "mean": 19.892,
      "median": 20,
      "p90": 26,
      "p99": 32
    },
    "V_count":     {
      "count": 100000,
      "weight_sum": 100000,
      "min": 31,
      "max": 242,
      "mean": 104.016,
      "median": 103,
      "p90": 140,
      "p99": 176
    },
    "P_count":     {
      "count": 100000,
      "weight_sum": 100000,
      "min": 12,
      "max": 110,
      "mean": 43.0123,
      "median": 42,
      "p90": 60,
      "p99": 77
    },
    "C_count":     {
      "count": 100000,
      "weight_sum": 100000,
      "min": 0,
      "max": 17,
      "mean": 6.2731,
      "median": 6,
      "p90": 9,
      "p99": 11
    },
    "H_count":     {
      "count": 100000,
      "weight_sum": 100000,
      "min": 15,
      "max": 125,
      "mean": 54.7306,
      "median": 54,
      "p90": 73,
      "p99": 91
    },
    "S_prune":     {
      "count": 100000,
      "weight_sum": 100000,
      "min": 99755,
      "max": 99968,
      "mean": 99891.4,
      "median": 99892,
      "p90": 99927,
      "p99": 99948
    },
    "S_contain":     {
      "count": 100000,
      "weight_sum": 100000,
      "min": 0,
      "max": 24,
      "mean": 4.61293,
      "median": 4,
      "p90": 8,
      "p99": 13
    },
    "D_count_max":     {
      "count": 100000,
      "weight_sum": 100000,
      "min": 12,
      "max": 16,
      "mean": 15.9988,
      "median": 16,
      "p90": 16,
      "p99": 16
    }
  },
  "search_equal": {
    "V_search":     {
      "count": 100000,
      "weight_sum": 100000,
      "min": 29,
      "max": 235,
      "mean": 97.7429,
      "median": 97,
      "p90": 133,
      "p99": 168
    },
    "P_search":     {
      "count": 100000,
      "weight_sum": 100000,
      "min": 12,
      "max": 110,
      "mean": 43.0123,
      "median": 42,
      "p90": 60,
      "p99": 77
    },
    "B_mid":     {
      "count": 100000,
      "weight_sum": 100000,
      "min": 0,
      "max": 23,
      "mean": 9.00593,
      "median": 9,
      "p90": 13,
      "p99": 16
    },
    "B_leaf":     {
      "count": 100000,
      "weight_sum": 100000,
      "min": 0,
      "max": 0,
      "mean": 0,
      "median": 0,
      "p90": 0,
      "p99": 0
    },
    "B_subtree":     {
      "count": 100000,
      "weight_sum": 100000,
      "min": 0,
      "max": 17,
      "mean": 6.2731,
      "median": 6,
      "p90": 9,
      "p99": 11
    },
    "m":     {
      "count": 100000,
      "weight_sum": 100000,
      "min": 0,
      "max": 33,
      "mean": 15.279,
      "median": 15,
      "p90": 20,
      "p99": 25
    },
    "M_point":     {
      "count": 100000,
      "weight_sum": 100000,
      "min": 0,
      "max": 23,
      "mean": 9.00593,
      "median": 9,
      "p90": 13,
      "p99": 16
    },
    "M_subtree":     {
      "count": 100000,
      "weight_sum": 100000,
      "min": 0,
      "max": 32,
      "mean": 10.886,
      "median": 11,
      "p90": 16,
      "p99": 21
    },
    "rho":     {
      "count": 99999,
      "weight_sum": 99999,
      "min": 1,
      "max": 12,
      "mean": 1.32305,
      "median": 1.26667,
      "p90": 1.58333,
      "p99": 2.16667
    },
    "sigma":     {
      "count": 99999,
      "weight_sum": 99999,
      "min": 0,
      "max": 1,
      "mean": 0.544065,
      "median": 0.545455,
      "p90": 0.692308,
      "p99": 0.818182
    },
    "avg_subtree_mass":     {
      "count": 99972,
      "weight_sum": 99972,
      "min": 1,
      "max": 24,
      "mean": 1.79592,
      "median": 1.66667,
      "p90": 2.4,
      "p99": 4
    }
  },
  "search_weighted": {
    "V_search":     {
      "count": 99999,
      "weight_sum": 1.9892e+06,
      "min": 29,
      "max": 235,
      "mean": 99.8316,
      "median": 99,
      "p90": 134,
      "p99": 169
    },
    "P_search":     {
      "count": 99999,
      "weight_sum": 1.9892e+06,
      "min": 12,
      "max": 110,
      "mean": 43.7484,
      "median": 43,
      "p90": 60,
      "p99": 78
    },
    "B_mid":     {
      "count": 99999,
      "weight_sum": 1.9892e+06,
      "min": 0,
      "max": 23,
      "mean": 9.52411,
      "median": 9,
      "p90": 13,
      "p99": 17
    },
    "B_leaf":     {
      "count": 99999,
      "weight_sum": 1.9892e+06,
      "min": 0,
      "max": 0,
      "mean": 0,
      "median": 0,
      "p90": 0,
      "p99": 0
    },
    "B_subtree":     {
      "count": 99999,
      "weight_sum": 1.9892e+06,
      "min": 0,
      "max": 17,
      "mean": 6.63496,
      "median": 7,
      "p90": 9,
      "p99": 12
    },
    "m":     {
      "count": 99999,
      "weight_sum": 1.9892e+06,
      "min": 1,
      "max": 33,
      "mean": 16.1591,
      "median": 16,
      "p90": 21,
      "p99": 26
    },
    "M_point":     {
      "count": 99999,
      "weight_sum": 1.9892e+06,
      "min": 0,
      "max": 23,
      "mean": 9.52411,
      "median": 9,
      "p90": 13,
      "p99": 17
    },
    "M_subtree":     {
      "count": 99999,
      "weight_sum": 1.9892e+06,
      "min": 0,
      "max": 32,
      "mean": 11.6522,
      "median": 11,
      "p90": 17,
      "p99": 21
    },
    "rho":     {
      "count": 99999,
      "weight_sum": 1.9892e+06,
      "min": 1,
      "max": 12,
      "mean": 1.33285,
      "median": 1.27778,
      "p90": 1.58824,
      "p99": 2.18182
    },
    "sigma":     {
      "count": 99999,
      "weight_sum": 1.9892e+06,
      "min": 0,
      "max": 1,
      "mean": 0.547258,
      "median": 0.548387,
      "p90": 0.692308,
      "p99": 0.809524
    },
    "avg_subtree_mass":     {
      "count": 99972,
      "weight_sum": 1.98905e+06,
      "min": 1,
      "max": 24,
      "mean": 1.81924,
      "median": 1.66667,
      "p90": 2.42857,
      "p99": 4
    }
  },
  "sample": {
    "t": 200000,
    "chunk_size": 2000000,
    "num_chunks": 1,
    "U_t": 84544,
    "G_t": 84544,
    "avg_repeat_global": 2.36563,
    "avg_group_size_exec": 2.36563,
    "samples_per_sec": 758046,
    "ns_per_sample": 1319.18,
    "checksum": 5810772891693360604,
    "group_size_equal":     {
      "count": 84544,
      "weight_sum": 84544,
      "min": 1,
      "max": 12,
      "mean": 2.36563,
      "median": 2,
      "p90": 4,
      "p99": 6
    },
    "group_size_sample_weighted":     {
      "count": 84544,
      "weight_sum": 200000,
      "min": 1,
      "max": 12,
      "mean": 3.1388,
      "median": 3,
      "p90": 5,
      "p99": 8
    },
    "K_point_equal":     {
      "count": 84544,
      "weight_sum": 84544,
      "min": 0,
      "max": 8,
      "mean": 1.06896,
      "median": 1,
      "p90": 2,
      "p99": 4
    },
    "K_point_sample_weighted":     {
      "count": 84544,
      "weight_sum": 200000,
      "min": 0,
      "max": 8,
      "mean": 1.41346,
      "median": 1,
      "p90": 3,
      "p99": 5
    },
    "K_subtree_equal":     {
      "count": 84544,
      "weight_sum": 84544,
      "min": 0,
      "max": 9,
      "mean": 1.29667,
      "median": 1,
      "p90": 3,
      "p99": 5
    },