{
  "run_id": "correctness_d2_N2000_a100_t200000_F1_rep0",
  "network": "correctness",
  "preset": "TH",
  "family": "F1",
  "dim": 2,
  "N": 2000,
  "alpha_target": 100,
  "alpha_expected_est": 101.129,
  "pair_intersection_prob_est": 0.101129,
  "coverage": 38.443,
  "data_seed": 6568698222945912555,
  "sample_seed": 4300104397701987527,
  "data_rep": 0,
  "materialize_join": true,
  "timing_ms": {
    "T_lift": 0.048324,
    "T_tree": 0.793407,
    "T_build": 0.842101,
    "T_count_query": 8.59032,
    "T_left_dist": 0.048593,
    "T_count": 8.63902,
    "T_search_scan": 6.86785,
    "T_plan_left": 4.71696,
    "T_group": 13.1854,
    "T_decompose": 7.40131,
    "T_local_dist": 3.29337,
    "T_emit": 5.6553,
    "T_sample": 35.9971
  },
  "build": {
    "tree_height": 11,
    "max_depth": 10,
    "avg_node_depth": 8.982,
    "node_count": 2000
  },
  "count": {
    "exact_join_size": 407896,
    "alpha_actual": 101.974,
    "w":     {
      "count": 2000,
      "weight_sum": 2000,
      "min": 50,
      "max": 443,
      "mean": 203.948,
      "median": 211,
      "p90": 264,
      "p99": 332
    },
    "V_count":     {
      "count": 2000,
      "weight_sum": 2000,
      "min": 93,
      "max": 570,
      "mean": 260.414,
      "median": 257,
      "p90": 363,
      "p99": 459.01
    },
    "P_count":     {
      "count": 2000,
      "weight_sum": 2000,
      "min": 26,
      "max": 175,
      "mean": 83.1715,
      "median": 80,
      "p90": 120,
      "p99": 150.01
    },
    "C_count":     {
      "count": 2000,
      "weight_sum": 2000,
      "min": 8,
      "max": 119,
      "mean": 46.583,
      "median": 46,
      "p90": 65,
      "p99": 86
    },
    "H_count":     {
      "count": 2000,
      "weight_sum": 2000,
      "min": 46,
      "max": 288,
      "mean": 130.66,
      "median": 128,
      "p90": 182,
      "p99": 230.02
    },
    "S_prune":     {
      "count": 2000,
      "weight_sum": 2000,
      "min": 1210,
      "max": 1871,
      "mean": 1628.71,
      "median": 1626,
      "p90": 1763,
      "p99": 1840.02
    },
    "S_contain":     {
      "count": 2000,
      "weight_sum": 2000,
      "min": 2,
      "max": 268,
      "mean": 110.88,
      "median": 111,
      "p90": 150,
      "p99": 199.01
    },
    "D_count_max":     {
      "count": 2000,
      "weight_sum": 2000,
      "min": 10,
      "max": 10,
      "mean": 10,
      "median": 10,
      "p90": 10,
      "p99": 10
    }
  },
  "search_equal": {
    "V_search":     {
      "count": 2000,
      "weight_sum": 2000,
      "min": 77,
      "max": 457,
      "mean": 213.832,
      "median": 207.5,
      "p90": 301.1,
      "p99": 379.01
    },
    "P_search":     {
      "count": 2000,
      "weight_sum": 2000,
      "min": 26,
      "max": 175,
      "mean": 83.1715,
      "median": 80,
      "p90": 120,
      "p99": 150.01
    },
    "B_mid":     {
      "count": 2000,
      "weight_sum": 2000,
      "min": 8,
      "max": 114,
      "mean": 46.485,
      "median": 46,
      "p90": 66,
      "p99": 87.01
    },
    "B_leaf":     {
      "count": 2000,
      "weight_sum": 2000,
      "min": 0,
      "max": 0,
      "mean": 0,
      "median": 0,
      "p90": 0,
      "p99": 0
    },
    "B_subtree":     {
      "count": 2000,
      "weight_sum": 2000,
      "min": 8,
      "max": 119,
      "mean": 46.583,
      "median": 46,
      "p90": 65,
      "p99": 86
    },
    "m":     {
      "count": 2000,
      "weight_sum": 2000,
      "min": 23,
      "max": 224,
      "mean": 93.068,
      "median": 93,
      "p90": 130,
      "p99": 170
    },
    "M_point":     {
      "count": 2000,
      "weight_sum": 2000,
      "min": 8,
      "max": 114,
      "mean": 46.485,
      "median": 46,
      "p90": 66,
      "p99": 87.01
    },
    "M_subtree":     {
      "count": 2000,
      "weight_sum": 2000,
      "min": 34,
      "max": 346,
      "mean": 157.463,
      "median": 161,
      "p90": 207,
      "p99": 261.06
    },
    "rho":     {
      "count": 2000,
      "weight_sum": 2000,
      "min": 1.03333,
      "max": 6,
      "mean": 2.26492,
      "median": 2.16843,
      "p90": 2.80507,
      "p99": 3.93429
    },
    "sigma":     {
      "count": 2000,
      "weight_sum": 2000,
      "min": 0.511628,
      "max": 0.939024,
      "mean": 0.771801,
      "median": 0.769231,
      "p90": 0.830442,
      "p99": 0.891429
    },
    "avg_subtree_mass":     {
      "count": 2000,
      "weight_sum": 2000,
      "min": 1.06061,
      "max": 10.1667,
      "mean": 3.51431,
      "median": 3.34426,
      "p90": 4.54402,
      "p99": 6.71497
    }
  },
  "search_weighted": {
    "V_search":     {
      "count": 2000,
      "weight_sum": 407896,
      "min": 77,
      "max": 457,
      "mean": 227.19,
      "median": 225,
      "p90": 310,
      "p99": 398
    },
    "P_search":     {
      "count": 2000,
      "weight_sum": 407896,
      "min": 26,
      "max": 175,
      "mean": 87.9871,
      "median": 85,
      "p90": 123,
      "p99": 154
    },
    "B_mid":     {
      "count": 2000,
      "weight_sum": 407896,
      "min": 8,
      "max": 114,
      "mean": 50.0157,
      "median": 50,
      "p90": 69,
      "p99": 94
    },
    "B_leaf":     {
      "count": 2000,
      "weight_sum": 407896,
      "min": 0,
      "max": 0,
      "mean": 0,
      "median": 0,
      "p90": 0,
      "p99": 0
    },
    "B_subtree":     {
      "count": 2000,
      "weight_sum": 407896,
      "min": 8,
      "max": 119,
      "mean": 50.217,
      "median": 50,
      "p90": 68,
      "p99": 97
    },
    "m":     {
      "count": 2000,
      "weight_sum": 407896,
      "min": 23,
      "max": 224,
      "mean": 100.233,
      "median": 100,
      "p90": 136,
      "p99": 182
    },
    "M_point":     {
      "count": 2000,
      "weight_sum": 407896,
      "min": 8,
      "max": 114,
      "mean": 50.0157,
      "median": 50,
      "p90": 69,
      "p99": 94
    },
    "M_subtree":     {
      "count": 2000,
      "weight_sum": 407896,
      "min": 34,
      "max": 346,
      "mean": 169.272,
      "median": 172,
      "p90": 214,
      "p99": 292
    },
    "rho":     {
      "count": 2000,
      "weight_sum": 407896,
      "min": 1.03333,
      "max": 6,
      "mean": 2.26316,
      "median": 2.16216,
      "p90": 2.8,
      "p99": 3.92958
    },
    "sigma":     {
      "count": 2000,
      "weight_sum": 407896,
      "min": 0.511628,
      "max": 0.939024,
      "mean": 0.772074,
      "median": 0.768362,
      "p90": 0.829384,
      "p99": 0.890625
    },
    "avg_subtree_mass":     {
      "count": 2000,
      "weight_sum": 407896,
      "min": 1.06061,
      "max": 10.1667,
      "mean": 3.5087,
      "median": 3.33333,
      "p90": 4.53333,
      "p99": 6.5625
    }
  },
  "sample": {
    "t": 200000,
    "chunk_size": 2000000,
    "num_chunks": 1,
    "U_t": 2000,
    "G_t": 2000,
    "avg_repeat_global": 100,
    "avg_group_size_exec": 100,
    "samples_per_sec": 5.55601e+06,
    "ns_per_sample": 179.985,
    "checksum": 15162160490906511823,
    "group_size_equal":     {
      "count": 2000,
      "weight_sum": 2000,
      "min": 23,
      "max": 236,
      "mean": 100,
      "median": 102,
      "p90": 135,
      "p99": 168.02
    },
    "group_size_sample_weighted":     {
      "count": 2000,
      "weight_sum": 200000,
      "min": 23,
      "max": 236,
      "mean": 108.64,
      "median": 110,
      "p90": 141,
      "p99": 185
    },
    "K_point_equal":     {
      "count": 2000,
      "weight_sum": 2000,
      "min": 1,
      "max": 59,
      "mean": 22.8485,
      "median": 22,
      "p90": 35,
      "p99": 46
    },
    "K_point_sample_weighted":     {
      "count": 2000,
      "weight_sum": 200000,
      "min": 1,
      "max": 59,
      "mean": 24.808,
      "median": 24,
      "p90": 37,
      "p99": 48
    },
    "K_subtree_equal":     {
      "count": 2000,
      "weight_sum": 2000,
      "min": 14,
      "max": 190,
      "mean": 77.1515,
      "median": 78,