{
  "run_id": "sample_size_d5_N50000_a10_t10000_F0_rep2",
  "network": "sample_size",
  "preset": "TH",
  "family": "F0",
  "dim": 5,
  "N": 50000,
  "alpha_target": 10,
  "alpha_expected_est": 9.89398,
  "pair_intersection_prob_est": 0.000395759,
  "coverage": 0.486544,
  "data_seed": 6052607323290977195,
  "sample_seed": 1988608263533328312,
  "data_rep": 2,
  "materialize_join": false,
  "timing_ms": {
    "T_lift": 2.74208,
    "T_tree": 14.7092,
    "T_build": 17.4516,
    "T_count_query": 314.923,
    "T_left_dist": 1.18094,
    "T_count": 316.105,
    "T_search_scan": 354.579,
    "T_plan_left": 0.4107,
    "T_group": 0.434802,
    "T_decompose": 70.3294,
    "T_local_dist": 3.44942,
    "T_emit": 1.06424,
    "T_sample": 77.6067
  },
  "build": {
    "tree_height": 16,
    "max_depth": 15,
    "avg_node_depth": 13.6896,
    "node_count": 50000
  },
  "count": {
    "exact_join_size": 987872,
    "alpha_actual": 9.87872,
    "w":     {
      "count": 50000,
      "weight_sum": 50000,
      "min": 0,
      "max": 48,
      "mean": 19.7574,
      "median": 20,
      "p90": 29,
      "p99": 36
    },
    "V_count":     {
      "count": 50000,
      "weight_sum": 50000,
      "min": 31,
      "max": 797,
      "mean": 230.714,
      "median": 207,
      "p90": 389,
      "p99": 571
    },
    "P_count":     {
      "count": 50000,
      "weight_sum": 50000,
      "min": 13,
      "max": 375,
      "mean": 102.249,
      "median": 90,
      "p90": 176,
      "p99": 265
    },
    "C_count":     {
      "count": 50000,
      "weight_sum": 50000,
      "min": 0,
      "max": 20,
      "mean": 6.61384,
      "median": 6,
      "p90": 11,
      "p99": 14
    },
    "H_count":     {
      "count": 50000,
      "weight_sum": 50000,
      "min": 16,
      "max": 410,
      "mean": 121.851,
      "median": 110,
      "p90": 204,
      "p99": 298
    },
    "S_prune":     {
      "count": 50000,
      "weight_sum": 50000,
      "min": 49199,
      "max": 49969,
      "mean": 49767.3,
      "median": 49791,
      "p90": 49894,
      "p99": 49938
    },
    "S_contain":     {
      "count": 50000,
      "weight_sum": 50000,
      "min": 0,
      "max": 16,
      "mean": 1.99244,
      "median": 2,
      "p90": 4,
      "p99": 7
    },
    "D_count_max":     {
      "count": 50000,
      "weight_sum": 50000,
      "min": 13,
      "max": 15,
      "mean": 14.9998,
      "median": 15,
      "p90": 15,
      "p99": 15
    }
  },
  "search_equal": {
    "V_search":     {
      "count": 50000,
      "weight_sum": 50000,
      "min": 30,
      "max": 784,
      "mean": 224.1,
      "median": 200,
      "p90": 380,
      "p99": 563
    },
    "P_search":     {
      "count": 50000,
      "weight_sum": 50000,
      "min": 13,
      "max": 375,
      "mean": 102.249,
      "median": 90,
      "p90": 176,
      "p99": 265
    },
    "B_mid":     {
      "count": 50000,
      "weight_sum": 50000,
      "min": 0,
      "max": 29,
      "mean": 11.1512,
      "median": 11,
      "p90": 17,
      "p99": 22
    },
    "B_leaf":     {
      "count": 50000,
      "weight_sum": 50000,
      "min": 0,
      "max": 0,
      "mean": 0,
      "median": 0,
      "p90": 0,
      "p99": 0
    },
    "B_subtree":     {
      "count": 50000,
      "weight_sum": 50000,
      "min": 0,
      "max": 20,
      "mean": 6.61384,
      "median": 6,
      "p90": 11,
      "p99": 14
    },
    "m":     {
      "count": 50000,
      "weight_sum": 50000,
      "min": 0,
      "max": 44,
      "mean": 17.765,
      "median": 18,
      "p90": 26,
      "p99": 32
    },
    "M_point":     {
      "count": 50000,
      "weight_sum": 50000,
      "min": 0,
      "max": 29,
      "mean": 11.1512,
      "median": 11,
      "p90": 17,
      "p99": 22
    },
    "M_subtree":     {
      "count": 50000,
      "weight_sum": 50000,
      "min": 0,
      "max": 29,
      "mean": 8.60628,
      "median": 8,
      "p90": 14,
      "p99": 19
    },
    "rho":     {
      "count": 49996,
      "weight_sum": 49996,
      "min": 1,
      "max": 5,
      "mean": 1.11724,
      "median": 1.09524,
      "p90": 1.25,
      "p99": 1.5
    },
    "sigma":     {
      "count": 49996,
      "weight_sum": 49996,
      "min": 0,
      "max": 1,
      "mean": 0.432786,
      "median": 0.434783,
      "p90": 0.6,
      "p99": 0.769231
    },
    "avg_subtree_mass":     {
      "count": 49591,
      "weight_sum": 49591,
      "min": 1,
      "max": 6.5,
      "mean": 1.32072,
      "median": 1.25,
      "p90": 1.66667,
      "p99": 2.25
    }
  },
  "search_weighted": {
    "V_search":     {
      "count": 49996,
      "weight_sum": 987872,
      "min": 30,
      "max": 784,
      "mean": 245.775,
      "median": 224,
      "p90": 411,
      "p99": 577
    },
    "P_search":     {
      "count": 49996,
      "weight_sum": 987872,
      "min": 13,
      "max": 375,
      "mean": 111.842,
      "median": 101,
      "p90": 191,
      "p99": 272
    },
    "B_mid":     {
      "count": 49996,
      "weight_sum": 987872,
      "min": 0,
      "max": 29,
      "mean": 12.6238,
      "median": 13,
      "p90": 19,
      "p99": 23
    },
    "B_leaf":     {
      "count": 49996,
      "weight_sum": 987872,
      "min": 0,
      "max": 0,
      "mean": 0,
      "median": 0,
      "p90": 0,
      "p99": 0
    },
    "B_subtree":     {
      "count": 49996,
      "weight_sum": 987872,
      "min": 0,
      "max": 20,
      "mean": 7.50813,
      "median": 7,
      "p90": 12,
      "p99": 15
    },
    "m":     {
      "count": 49996,
      "weight_sum": 987872,
      "min": 1,
      "max": 44,
      "mean": 20.132,
      "median": 20,
      "p90": 28,
      "p99": 34
    },
    "M_point":     {
      "count": 49996,
      "weight_sum": 987872,
      "min": 0,
      "max": 29,
      "mean": 12.6238,
      "median": 13,
      "p90": 19,
      "p99": 23
    },
    "M_subtree":     {
      "count": 49996,
      "weight_sum": 987872,
      "min": 0,
      "max": 29,
      "mean": 9.8269,
      "median": 10,
      "p90": 15,
      "p99": 20
    },
    "rho":     {
      "count": 49996,
      "weight_sum": 987872,
      "min": 1,
      "max": 5,
      "mean": 1.12035,
      "median": 1.1,
      "p90": 1.25,
      "p99": 1.46667
    },
    "sigma":     {
      "count": 49996,
      "weight_sum": 987872,
      "min": 0,
      "max": 1,
      "mean": 0.435597,
      "median": 0.4375,
      "p90": 0.592593,
      "p99": 0.73913
    },
    "avg_subtree_mass":     {
      "count": 49591,
      "weight_sum": 984973,
      "min": 1,
      "max": 6.5,
      "mean": 1.32777,
      "median": 1.28571,
      "p90": 1.66667,
      "p99": 2.25
    }
  },
  "sample": {
    "t": 10000,
    "chunk_size": 2000000,
    "num_chunks": 1,
    "U_t": 8958,
    "G_t": 8958,
    "avg_repeat_global": 1.11632,
    "avg_group_size_exec": 1.11632,
    "samples_per_sec": 128855,
    "ns_per_sample": 7760.67,
    "checksum": 17457962305598958668,
    "group_size_equal":     {
      "count": 8958,
      "weight_sum": 8958,
      "min": 1,
      "max": 5,
      "mean": 1.11632,
      "median": 1,
      "p90": 2,
      "p99": 2
    },
    "group_size_sample_weighted":     {
      "count": 8958,
      "weight_sum": 10000,
      "min": 1,
      "max": 5,
      "mean": 1.2248,
      "median": 1,
      "p90": 2,
      "p99": 3
    },
    "K_point_equal":     {
      "count": 8958,
      "weight_sum": 8958,
      "min": 0,
      "max": 3,
      "mean": 0.637754,
      "median": 1,
      "p90": 1,
      "p99": 2
    },
    "K_point_sample_weighted":     {
      "count": 8958,
      "weight_sum": 10000,
      "min": 0,
      "max": 3,
      "mean": 0.7006,
      "median": 1,
      "p90": 1,
      "p99": 2
    },
    "K_subtree_equal":     {
      "count": 8958,
      "weight_sum": 8958,
      "min": 0,
      "max": 3,
      "mean": 0.478567,
      "median": 0,
      "p90": 1,
      "p99": 2
    },
    "K_subtree_sample_weighted":     {
      "count": 8958,
      "weight_sum": 10000,