{
  "run_id": "chunk_d2_N20000_a10_t2000000_F0_rep1",
  "network": "chunk",
  "preset": "TH",
  "family": "F0",
  "dim": 2,
  "N": 20000,
  "alpha_target": 10,
  "alpha_expected_est": 10.1587,
  "pair_intersection_prob_est": 0.00101587,
  "coverage": 5,
  "data_seed": 5236032274924041192,
  "sample_seed": 3528710120305765694,
  "data_rep": 1,
  "materialize_join": false,
  "timing_ms": {
    "T_lift": 0.591793,
    "T_tree": 8.93011,
    "T_build": 9.52229,
    "T_count_query": 14.5452,
    "T_left_dist": 0.436171,
    "T_count": 14.9815,
    "T_search_scan": 15.9638,
    "T_plan_left": 43.5435,
    "T_group": 150.532,
    "T_decompose": 19.0354,
    "T_local_dist": 5.81271,
    "T_emit": 62.9426,
    "T_sample": 294.753
  },
  "build": {
    "tree_height": 15,
    "max_depth": 14,
    "avg_node_depth": 12.3624,
    "node_count": 20000
  },
  "count": {
    "exact_join_size": 406554,
    "alpha_actual": 10.1639,
    "w":     {
      "count": 20000,
      "weight_sum": 20000,
      "min": 3,
      "max": 43,
      "mean": 20.3277,
      "median": 20,
      "p90": 26,
      "p99": 32
    },
    "V_count":     {
      "count": 20000,
      "weight_sum": 20000,
      "min": 21,
      "max": 114,
      "mean": 58.7754,
      "median": 58.5,
      "p90": 74,
      "p99": 89
    },
    "P_count":     {
      "count": 20000,
      "weight_sum": 20000,
      "min": 10,
      "max": 49,
      "mean": 23.1056,
      "median": 23,
      "p90": 30,
      "p99": 37
    },
    "C_count":     {
      "count": 20000,
      "weight_sum": 20000,
      "min": 1,
      "max": 13,
      "mean": 5.85145,
      "median": 6,
      "p90": 8,
      "p99": 10
    },
    "H_count":     {
      "count": 20000,
      "weight_sum": 20000,
      "min": 10,
      "max": 58,
      "mean": 29.8184,
      "median": 30,
      "p90": 38,
      "p99": 45
    },
    "S_prune":     {
      "count": 20000,
      "weight_sum": 20000,
      "min": 19882,
      "max": 19972,
      "mean": 19933.5,
      "median": 19934,
      "p90": 19950,
      "p99": 19962
    },
    "S_contain":     {
      "count": 20000,
      "weight_sum": 20000,
      "min": 0,
      "max": 26,
      "mean": 7.7345,
      "median": 7,
      "p90": 12,
      "p99": 18
    },
    "D_count_max":     {
      "count": 20000,
      "weight_sum": 20000,
      "min": 10,
      "max": 14,
      "mean": 13.8684,
      "median": 14,
      "p90": 14,
      "p99": 14
    }
  },
  "search_equal": {
    "V_search":     {
      "count": 20000,
      "weight_sum": 20000,
      "min": 20,
      "max": 107,
      "mean": 52.924,
      "median": 52,
      "p90": 67.1,
      "p99": 82
    },
    "P_search":     {
      "count": 20000,
      "weight_sum": 20000,
      "min": 10,
      "max": 49,
      "mean": 23.1056,
      "median": 23,
      "p90": 30,
      "p99": 37
    },
    "B_mid":     {
      "count": 20000,
      "weight_sum": 20000,
      "min": 0,
      "max": 16,
      "mean": 6.74175,
      "median": 7,
      "p90": 10,
      "p99": 13
    },
    "B_leaf":     {
      "count": 20000,
      "weight_sum": 20000,
      "min": 0,
      "max": 0,
      "mean": 0,
      "median": 0,
      "p90": 0,
      "p99": 0
    },
    "B_subtree":     {
      "count": 20000,
      "weight_sum": 20000,
      "min": 1,
      "max": 13,
      "mean": 5.85145,
      "median": 6,
      "p90": 8,
      "p99": 10
    },
    "m":     {
      "count": 20000,
      "weight_sum": 20000,
      "min": 1,
      "max": 28,
      "mean": 12.5932,
      "median": 13,
      "p90": 17,
      "p99": 21
    },
    "M_point":     {
      "count": 20000,
      "weight_sum": 20000,
      "min": 0,
      "max": 16,
      "mean": 6.74175,
      "median": 7,
      "p90": 10,
      "p99": 13
    },
    "M_subtree":     {
      "count": 20000,
      "weight_sum": 20000,
      "min": 1,
      "max": 34,
      "mean": 13.586,
      "median": 13,
      "p90": 19,
      "p99": 24
    },
    "rho":     {
      "count": 20000,
      "weight_sum": 20000,
      "min": 1,
      "max": 19,
      "mean": 1.69806,
      "median": 1.57143,
      "p90": 2.2,
      "p99": 3.83333
    },
    "sigma":     {
      "count": 20000,
      "weight_sum": 20000,
      "min": 0.181818,
      "max": 1,
      "mean": 0.664279,
      "median": 0.666667,
      "p90": 0.8,
      "p99": 0.909091
    },
    "avg_subtree_mass":     {
      "count": 20000,
      "weight_sum": 20000,
      "min": 1,
      "max": 19,
      "mean": 2.48601,
      "median": 2.22222,
      "p90": 3.5,
      "p99": 7
    }
  },
  "search_weighted": {
    "V_search":     {
      "count": 20000,
      "weight_sum": 406554,
      "min": 20,
      "max": 107,
      "mean": 53.5372,
      "median": 53,
      "p90": 68,
      "p99": 82
    },
    "P_search":     {
      "count": 20000,
      "weight_sum": 406554,
      "min": 10,
      "max": 49,
      "mean": 23.2729,
      "median": 23,
      "p90": 30,
      "p99": 37
    },
    "B_mid":     {
      "count": 20000,
      "weight_sum": 406554,
      "min": 0,
      "max": 16,
      "mean": 7.03467,
      "median": 7,
      "p90": 10,
      "p99": 13
    },
    "B_leaf":     {
      "count": 20000,
      "weight_sum": 406554,
      "min": 0,
      "max": 0,
      "mean": 0,
      "median": 0,
      "p90": 0,
      "p99": 0
    },
    "B_subtree":     {
      "count": 20000,
      "weight_sum": 406554,
      "min": 1,
      "max": 13,
      "mean": 6.08456,
      "median": 6,
      "p90": 8,
      "p99": 10
    },
    "m":     {
      "count": 20000,
      "weight_sum": 406554,
      "min": 1,
      "max": 28,
      "mean": 13.1192,
      "median": 13,
      "p90": 18,
      "p99": 21
    },
    "M_point":     {
      "count": 20000,
      "weight_sum": 406554,
      "min": 0,
      "max": 16,
      "mean": 7.03467,
      "median": 7,
      "p90": 10,
      "p99": 13
    },
    "M_subtree":     {
      "count": 20000,
      "weight_sum": 406554,
      "min": 1,
      "max": 34,
      "mean": 14.4207,
      "median": 14,
      "p90": 20,
      "p99": 25
    },
    "rho":     {
      "count": 20000,
      "weight_sum": 406554,
      "min": 1,
      "max": 19,
      "mean": 1.72365,
      "median": 1.58824,
      "p90": 2.22222,
      "p99": 4
    },
    "sigma":     {
      "count": 20000,
      "weight_sum": 406554,
      "min": 0.181818,
      "max": 1,
      "mean": 0.668347,
      "median": 0.666667,
      "p90": 0.8,
      "p99": 0.909091
    },
    "avg_subtree_mass":     {
      "count": 20000,
      "weight_sum": 406554,
      "min": 1,
      "max": 19,
      "mean": 2.54292,
      "median": 2.28571,
      "p90": 3.57143,
      "p99": 7
    }
  },
  "sample": {
    "t": 2000000,
    "chunk_size": 2000000,
    "num_chunks": 1,
    "U_t": 20000,
    "G_t": 20000,
    "avg_repeat_global": 100,
    "avg_group_size_exec": 100,
    "samples_per_sec": 6.78535e+06,
    "ns_per_sample": 147.376,
    "checksum": 5672101904648451451,
    "group_size_equal":     {
      "count": 20000,
      "weight_sum": 20000,
      "min": 10,
      "max": 215,
      "mean": 100,
      "median": 99,
      "p90": 133,
      "p99": 161
    },
    "group_size_sample_weighted":     {
      "count": 20000,
      "weight_sum": 2e+06,
      "min": 10,
      "max": 215,
      "mean": 106.567,
      "median": 106,
      "p90": 139,
      "p99": 168
    },
    "K_point_equal":     {
      "count": 20000,
      "weight_sum": 20000,
      "min": 0,
      "max": 87,
      "mean": 33.1433,
      "median": 32,
      "p90": 51,
      "p99": 66
    },
    "K_point_sample_weighted":     {
      "count": 20000,
      "weight_sum": 2e+06,
      "min": 0,
      "max": 87,
      "mean": 34.9138,
      "median": 34,
      "p90": 53,
      "p99": 68
    },
    "K_subtree_equal":     {
      "count": 20000,
      "weight_sum": 20000,
      "min": 3,
      "max": 181,
      "mean": 66.8567,
      "median": 65,
      "p90": 96,
      "p99": 123
    },
    "K_subtree_sample_weighted":     {
      "count": 20000,