{
  "run_id": "density_d4_N50000_a0p1_t200000_F0_rep0",
  "network": "density",
  "preset": "TH",
  "family": "F0",
  "dim": 4,
  "N": 50000,
  "alpha_target": 0.1,
  "alpha_expected_est": 0.101353,
  "pair_intersection_prob_est": 4.0541e-06,
  "coverage": 0.0121223,
  "data_seed": 3585602152296504580,
  "sample_seed": 8244733909738654813,
  "data_rep": 0,
  "materialize_join": false,
  "timing_ms": {
    "T_lift": 0.750015,
    "T_tree": 11.4801,
    "T_build": 12.2303,
    "T_count_query": 41.8525,
    "T_left_dist": 0.732834,
    "T_count": 42.5854,
    "T_search_scan": 44.27,
    "T_plan_left": 4.14579,
    "T_group": 13.1621,
    "T_decompose": 9.32659,
    "T_local_dist": 0.729982,
    "T_emit": 4.94322,
    "T_sample": 34.9613
  },
  "build": {
    "tree_height": 16,
    "max_depth": 15,
    "avg_node_depth": 13.6896,
    "node_count": 50000
  },
  "count": {
    "exact_join_size": 10169,
    "alpha_actual": 0.10169,
    "w":     {
      "count": 50000,
      "weight_sum": 50000,
      "min": 0,
      "max": 5,
      "mean": 0.20338,
      "median": 0,
      "p90": 1,
      "p99": 2
    },
    "V_count":     {
      "count": 50000,
      "weight_sum": 50000,
      "min": 21,
      "max": 249,
      "mean": 42.804,
      "median": 39,
      "p90": 62,
      "p99": 97
    },
    "P_count":     {
      "count": 50000,
      "weight_sum": 50000,
      "min": 11,
      "max": 125,
      "mean": 21.5884,
      "median": 20,
      "p90": 31,
      "p99": 49
    },
    "C_count":     {
      "count": 50000,
      "weight_sum": 50000,
      "min": 0,
      "max": 2,
      "mean": 0.0718,
      "median": 0,
      "p90": 0,
      "p99": 1
    },
    "H_count":     {
      "count": 50000,
      "weight_sum": 50000,
      "min": 10,
      "max": 124,
      "mean": 21.1438,
      "median": 19,
      "p90": 31,
      "p99": 49
    },
    "S_prune":     {
      "count": 50000,
      "weight_sum": 50000,
      "min": 49751,
      "max": 49979,
      "mean": 49957.2,
      "median": 49961,
      "p90": 49971,
      "p99": 49973
    },
    "S_contain":     {
      "count": 50000,
      "weight_sum": 50000,
      "min": 0,
      "max": 1,
      "mean": 0.0025,
      "median": 0,
      "p90": 0,
      "p99": 0
    },
    "D_count_max":     {
      "count": 50000,
      "weight_sum": 50000,
      "min": 10,
      "max": 15,
      "mean": 14.3294,
      "median": 14,
      "p90": 15,
      "p99": 15
    }
  },
  "search_equal": {
    "V_search":     {
      "count": 50000,
      "weight_sum": 50000,
      "min": 21,
      "max": 249,
      "mean": 42.7322,
      "median": 39,
      "p90": 62,
      "p99": 97
    },
    "P_search":     {
      "count": 50000,
      "weight_sum": 50000,
      "min": 11,
      "max": 125,
      "mean": 21.5884,
      "median": 20,
      "p90": 31,
      "p99": 49
    },
    "B_mid":     {
      "count": 50000,
      "weight_sum": 50000,
      "min": 0,
      "max": 4,
      "mean": 0.12908,
      "median": 0,
      "p90": 1,
      "p99": 1
    },
    "B_leaf":     {
      "count": 50000,
      "weight_sum": 50000,
      "min": 0,
      "max": 0,
      "mean": 0,
      "median": 0,
      "p90": 0,
      "p99": 0
    },
    "B_subtree":     {
      "count": 50000,
      "weight_sum": 50000,
      "min": 0,
      "max": 2,
      "mean": 0.0718,
      "median": 0,
      "p90": 0,
      "p99": 1
    },
    "m":     {
      "count": 50000,
      "weight_sum": 50000,
      "min": 0,
      "max": 5,
      "mean": 0.20088,
      "median": 0,
      "p90": 1,
      "p99": 2
    },
    "M_point":     {
      "count": 50000,
      "weight_sum": 50000,
      "min": 0,
      "max": 4,
      "mean": 0.12908,
      "median": 0,
      "p90": 1,
      "p99": 1
    },
    "M_subtree":     {
      "count": 50000,
      "weight_sum": 50000,
      "min": 0,
      "max": 3,
      "mean": 0.0743,
      "median": 0,
      "p90": 0,
      "p99": 1
    },
    "rho":     {
      "count": 9207,
      "weight_sum": 9207,
      "min": 1,
      "max": 2,
      "mean": 1.01278,
      "median": 1,
      "p90": 1,
      "p99": 2
    },
    "sigma":     {
      "count": 9207,
      "weight_sum": 9207,
      "min": 0,
      "max": 1,
      "mean": 0.361169,
      "median": 0,
      "p90": 1,
      "p99": 1
    },
    "avg_subtree_mass":     {
      "count": 3511,
      "weight_sum": 3511,
      "min": 1,
      "max": 2,
      "mean": 1.03518,
      "median": 1,
      "p90": 1,
      "p99": 2
    }
  },
  "search_weighted": {
    "V_search":     {
      "count": 9207,
      "weight_sum": 10169,
      "min": 25,
      "max": 215,
      "mean": 44.2138,
      "median": 40,
      "p90": 63,
      "p99": 99
    },
    "P_search":     {
      "count": 9207,
      "weight_sum": 10169,
      "min": 13,
      "max": 107,
      "mean": 21.9027,
      "median": 20,
      "p90": 31,
      "p99": 49
    },
    "B_mid":     {
      "count": 9207,
      "weight_sum": 10169,
      "min": 0,
      "max": 4,
      "mean": 0.75622,
      "median": 1,
      "p90": 1,
      "p99": 2
    },
    "B_leaf":     {
      "count": 9207,
      "weight_sum": 10169,
      "min": 0,
      "max": 0,
      "mean": 0,
      "median": 0,
      "p90": 0,
      "p99": 0
    },
    "B_subtree":     {
      "count": 9207,
      "weight_sum": 10169,
      "min": 0,
      "max": 2,
      "mean": 0.420789,
      "median": 0,
      "p90": 1,
      "p99": 2
    },
    "m":     {
      "count": 9207,
      "weight_sum": 10169,
      "min": 1,
      "max": 5,
      "mean": 1.17701,
      "median": 1,
      "p90": 2,
      "p99": 3
    },
    "M_point":     {
      "count": 9207,
      "weight_sum": 10169,
      "min": 0,
      "max": 4,
      "mean": 0.75622,
      "median": 1,
      "p90": 1,
      "p99": 2
    },
    "M_subtree":     {
      "count": 9207,
      "weight_sum": 10169,
      "min": 0,
      "max": 3,
      "mean": 0.446947,
      "median": 0,
      "p90": 1,
      "p99": 2
    },
    "rho":     {
      "count": 9207,
      "weight_sum": 10169,
      "min": 1,
      "max": 2,
      "mean": 1.02386,
      "median": 1,
      "p90": 1,
      "p99": 2
    },
    "sigma":     {
      "count": 9207,
      "weight_sum": 10169,
      "min": 0,
      "max": 1,
      "mean": 0.365326,
      "median": 0,
      "p90": 1,
      "p99": 1
    },
    "avg_subtree_mass":     {
      "count": 3511,
      "weight_sum": 4111,
      "min": 1,
      "max": 2,
      "mean": 1.06361,
      "median": 1,
      "p90": 1,
      "p99": 2
    }
  },
  "sample": {
    "t": 200000,
    "chunk_size": 2000000,
    "num_chunks": 1,
    "U_t": 9207,
    "G_t": 9207,
    "avg_repeat_global": 21.7226,
    "avg_group_size_exec": 21.7226,
    "samples_per_sec": 5.7206e+06,
    "ns_per_sample": 174.807,
    "checksum": 12523774933116405071,
    "group_size_equal":     {
      "count": 9207,
      "weight_sum": 9207,
      "min": 6,
      "max": 89,
      "mean": 21.7226,
      "median": 20,
      "p90": 30,
      "p99": 50
    },
    "group_size_sample_weighted":     {
      "count": 9207,
      "weight_sum": 200000,
      "min": 6,
      "max": 89,
      "mean": 24.6348,
      "median": 22,
      "p90": 40,
      "p99": 59
    },
    "K_point_equal":     {
      "count": 9207,
      "weight_sum": 9207,
      "min": 0,
      "max": 72,
      "mean": 13.7912,
      "median": 17,
      "p90": 26,
      "p99": 44
    },
    "K_point_sample_weighted":     {
      "count": 9207,
      "weight_sum": 200000,
      "min": 0,
      "max": 72,
      "mean": 15.499,
      "median": 18,
      "p90": 29,
      "p99": 49
    },
    "K_subtree_equal":     {
      "count": 9207,
      "weight_sum": 9207,
      "min": 0,
      "max": 72,
      "mean": 7.93136,
      "median": 0,
      "p90": 23,
      "p99": 40
    },
    "K_subtree_sample_weighted":     {
      "count": 9207,
      "weight_sum": 200000,
      "min": 0,
      "max": 72,
      "mean": 9.13578,
      "median": 0,
      "p90": 25,
      "p99": 44
    }
  },