{
  "run_id": "input_size_d4_N100000_a10_t200000_F0_rep2",
  "network": "input_size",
  "preset": "TH",
  "family": "F0",
  "dim": 4,
  "N": 100000,
  "alpha_target": 10,
  "alpha_expected_est": 10.1782,
  "pair_intersection_prob_est": 0.000203564,
  "coverage": 1.13519,
  "data_seed": 2384449590945574340,
  "sample_seed": 6524526455232242895,
  "data_rep": 2,
  "materialize_join": false,
  "timing_ms": {
    "T_lift": 2.55738,
    "T_tree": 25.0183,
    "T_build": 27.5759,
    "T_count_query": 391.762,
    "T_left_dist": 1.74445,
    "T_count": 393.506,
    "T_search_scan": 442.615,
    "T_plan_left": 5.67334,
    "T_group": 12.2911,
    "T_decompose": 383.675,
    "T_local_dist": 30.4822,
    "T_emit": 12.5037,
    "T_sample": 458.712
  },
  "build": {
    "tree_height": 17,
    "max_depth": 16,
    "avg_node_depth": 14.6895,
    "node_count": 100000
  },
  "count": {
    "exact_join_size": 2038063,
    "alpha_actual": 10.1903,
    "w":     {
      "count": 100000,
      "weight_sum": 100000,
      "min": 1,
      "max": 47,
      "mean": 20.3806,
      "median": 21,
      "p90": 28,
      "p99": 34
    },
    "V_count":     {
      "count": 100000,
      "weight_sum": 100000,
      "min": 25,
      "max": 437,
      "mean": 165.328,
      "median": 160,
      "p90": 241,
      "p99": 314
    },
    "P_count":     {
      "count": 100000,
      "weight_sum": 100000,
      "min": 12,
      "max": 208,
      "mean": 71.0838,
      "median": 68,
      "p90": 106,
      "p99": 142
    },
    "C_count":     {
      "count": 100000,
      "weight_sum": 100000,
      "min": 0,
      "max": 18,
      "mean": 6.75282,
      "median": 7,
      "p90": 10,
      "p99": 13
    },
    "H_count":     {
      "count": 100000,
      "weight_sum": 100000,
      "min": 12,
      "max": 224,
      "mean": 87.4916,
      "median": 85,
      "p90": 127,
      "p99": 164
    },
    "S_prune":     {
      "count": 100000,
      "weight_sum": 100000,
      "min": 99562,
      "max": 99968,
      "mean": 99831.7,
      "median": 99836,
      "p90": 99903,
      "p99": 99939
    },
    "S_contain":     {
      "count": 100000,
      "weight_sum": 100000,
      "min": 0,
      "max": 24,
      "mean": 2.95656,
      "median": 2,
      "p90": 6,
      "p99": 10
    },
    "D_count_max":     {
      "count": 100000,
      "weight_sum": 100000,
      "min": 12,
      "max": 16,
      "mean": 15.9995,
      "median": 16,
      "p90": 16,
      "p99": 16
    }
  },
  "search_equal": {
    "V_search":     {
      "count": 100000,
      "weight_sum": 100000,
      "min": 24,
      "max": 432,
      "mean": 158.575,
      "median": 153,
      "p90": 233,
      "p99": 306
    },
    "P_search":     {
      "count": 100000,
      "weight_sum": 100000,
      "min": 12,
      "max": 208,
      "mean": 71.0838,
      "median": 68,
      "p90": 106,
      "p99": 142
    },
    "B_mid":     {
      "count": 100000,
      "weight_sum": 100000,
      "min": 0,
      "max": 30,
      "mean": 10.6713,
      "median": 11,
      "p90": 16,
      "p99": 20
    },
    "B_leaf":     {
      "count": 100000,
      "weight_sum": 100000,
      "min": 0,
      "max": 0,
      "mean": 0,
      "median": 0,
      "p90": 0,
      "p99": 0
    },
    "B_subtree":     {
      "count": 100000,
      "weight_sum": 100000,
      "min": 0,
      "max": 18,
      "mean": 6.75282,
      "median": 7,
      "p90": 10,
      "p99": 13
    },
    "m":     {
      "count": 100000,
      "weight_sum": 100000,
      "min": 1,
      "max": 39,
      "mean": 17.4241,
      "median": 18,
      "p90": 24,
      "p99": 29
    },
    "M_point":     {
      "count": 100000,
      "weight_sum": 100000,
      "min": 0,
      "max": 30,
      "mean": 10.6713,
      "median": 11,
      "p90": 16,
      "p99": 20
    },
    "M_subtree":     {
      "count": 100000,
      "weight_sum": 100000,
      "min": 0,
      "max": 29,
      "mean": 9.70938,
      "median": 10,
      "p90": 15,
      "p99": 20
    },
    "rho":     {
      "count": 100000,
      "weight_sum": 100000,
      "min": 1,
      "max": 23,
      "mean": 1.18009,
      "median": 1.14286,
      "p90": 1.35714,
      "p99": 1.75
    },
    "sigma":     {
      "count": 100000,
      "weight_sum": 100000,
      "min": 0,
      "max": 1,
      "mean": 0.473342,
      "median": 0.473684,
      "p90": 0.636364,
      "p99": 0.777778
    },
    "avg_subtree_mass":     {
      "count": 99740,
      "weight_sum": 99740,
      "min": 1,
      "max": 23,
      "mean": 1.46835,
      "median": 1.375,
      "p90": 2,
      "p99": 3
    }
  },
  "search_weighted": {
    "V_search":     {
      "count": 100000,
      "weight_sum": 2.03806e+06,
      "min": 24,
      "max": 432,
      "mean": 166.2,
      "median": 163,
      "p90": 238,
      "p99": 309
    },
    "P_search":     {
      "count": 100000,
      "weight_sum": 2.03806e+06,
      "min": 12,
      "max": 208,
      "mean": 74.2598,
      "median": 72,
      "p90": 108,
      "p99": 144
    },
    "B_mid":     {
      "count": 100000,
      "weight_sum": 2.03806e+06,
      "min": 0,
      "max": 30,
      "mean": 11.5623,
      "median": 11,
      "p90": 16,
      "p99": 21
    },
    "B_leaf":     {
      "count": 100000,
      "weight_sum": 2.03806e+06,
      "min": 0,
      "max": 0,
      "mean": 0,
      "median": 0,
      "p90": 0,
      "p99": 0
    },
    "B_subtree":     {
      "count": 100000,
      "weight_sum": 2.03806e+06,
      "min": 0,
      "max": 18,
      "mean": 7.33052,
      "median": 7,
      "p90": 11,
      "p99": 14
    },
    "m":     {
      "count": 100000,
      "weight_sum": 2.03806e+06,
      "min": 1,
      "max": 39,
      "mean": 18.8928,
      "median": 19,
      "p90": 25,
      "p99": 30
    },
    "M_point":     {
      "count": 100000,
      "weight_sum": 2.03806e+06,
      "min": 0,
      "max": 30,
      "mean": 11.5623,
      "median": 11,
      "p90": 16,
      "p99": 21
    },
    "M_subtree":     {
      "count": 100000,
      "weight_sum": 2.03806e+06,
      "min": 0,
      "max": 29,
      "mean": 10.6325,
      "median": 10,
      "p90": 16,
      "p99": 21
    },
    "rho":     {
      "count": 100000,
      "weight_sum": 2.03806e+06,
      "min": 1,
      "max": 23,
      "mean": 1.1859,
      "median": 1.15,
      "p90": 1.36364,
      "p99": 1.75
    },
    "sigma":     {
      "count": 100000,
      "weight_sum": 2.03806e+06,
      "min": 0,
      "max": 1,
      "mean": 0.476402,
      "median": 0.47619,
      "p90": 0.62963,
      "p99": 0.76
    },
    "avg_subtree_mass":     {
      "count": 99740,
      "weight_sum": 2.03605e+06,
      "min": 1,
      "max": 23,
      "mean": 1.48124,
      "median": 1.4,
      "p90": 2,
      "p99": 3
    }
  },
  "sample": {
    "t": 200000,
    "chunk_size": 2000000,
    "num_chunks": 1,
    "U_t": 83844,
    "G_t": 83844,
    "avg_repeat_global": 2.38538,
    "avg_group_size_exec": 2.38538,
    "samples_per_sec": 436004,
    "ns_per_sample": 2293.56,
    "checksum": 637216065541403168,
    "group_size_equal":     {
      "count": 83844,
      "weight_sum": 83844,
      "min": 1,
      "max": 14,
      "mean": 2.38538,
      "median": 2,
      "p90": 4,
      "p99": 7
    },
    "group_size_sample_weighted":     {
      "count": 83844,
      "weight_sum": 200000,
      "min": 1,
      "max": 14,
      "mean": 3.17461,
      "median": 3,
      "p90": 5,
      "p99": 8
    },
    "K_point_equal":     {
      "count": 83844,
      "weight_sum": 83844,
      "min": 0,
      "max": 9,
      "mean": 1.24826,
      "median": 1,
      "p90": 3,
      "p99": 4
    },
    "K_point_sample_weighted":     {
      "count": 83844,
      "weight_sum": 200000,
      "min": 0,
      "max": 9,
      "mean": 1.65374,
      "median": 1,
      "p90": 3,
      "p99": 5
    },
    "K_subtree_equal":     {
      "count": 83844,
      "weight_sum": 83844,
      "min": 0,
      "max": 10,
      "mean": 1.13712,
      "median": 1,
      "p90": 3,