{
  "run_id": "input_size_d5_N100000_a10_t200000_F1_rep0",
  "network": "input_size",
  "preset": "TH",
  "family": "F1",
  "dim": 5,
  "N": 100000,
  "alpha_target": 10,
  "alpha_expected_est": 10.1763,
  "pair_intersection_prob_est": 0.000203526,
  "coverage": 0.296816,
  "data_seed": 3590521423049990063,
  "sample_seed": 4729942047510348347,
  "data_rep": 0,
  "materialize_join": false,
  "timing_ms": {
    "T_lift": 2.89605,
    "T_tree": 27.4517,
    "T_build": 30.3478,
    "T_count_query": 2712.96,
    "T_left_dist": 2.23049,
    "T_count": 2715.19,
    "T_search_scan": 3097.61,
    "T_plan_left": 5.64563,
    "T_group": 12.1238,
    "T_decompose": 2634.33,
    "T_local_dist": 34.0268,
    "T_emit": 17.8444,
    "T_sample": 2719.97
  },
  "build": {
    "tree_height": 17,
    "max_depth": 16,
    "avg_node_depth": 14.6895,
    "node_count": 100000
  },
  "count": {
    "exact_join_size": 2034468,
    "alpha_actual": 10.1723,
    "w":     {
      "count": 100000,
      "weight_sum": 100000,
      "min": 0,
      "max": 93,
      "mean": 20.3447,
      "median": 20,
      "p90": 32,
      "p99": 45
    },
    "V_count":     {
      "count": 100000,
      "weight_sum": 100000,
      "min": 106,
      "max": 5065,
      "mean": 1026.28,
      "median": 890.5,
      "p90": 1792,
      "p99": 2941.01
    },
    "P_count":     {
      "count": 100000,
      "weight_sum": 100000,
      "min": 46,
      "max": 2462,
      "mean": 492.74,
      "median": 425,
      "p90": 868,
      "p99": 1432
    },
    "C_count":     {
      "count": 100000,
      "weight_sum": 100000,
      "min": 0,
      "max": 36,
      "mean": 6.92515,
      "median": 7,
      "p90": 12,
      "p99": 17
    },
    "H_count":     {
      "count": 100000,
      "weight_sum": 100000,
      "min": 57,
      "max": 2587,
      "mean": 526.619,
      "median": 458,
      "p90": 916,
      "p99": 1497
    },
    "S_prune":     {
      "count": 100000,
      "weight_sum": 100000,
      "min": 94935,
      "max": 99892,
      "mean": 98972.7,
      "median": 99108,
      "p90": 99557,
      "p99": 99743
    },
    "S_contain":     {
      "count": 100000,
      "weight_sum": 100000,
      "min": 0,
      "max": 14,
      "mean": 0.97842,
      "median": 1,
      "p90": 2,
      "p99": 5
    },
    "D_count_max":     {
      "count": 100000,
      "weight_sum": 100000,
      "min": 15,
      "max": 16,
      "mean": 16,
      "median": 16,
      "p90": 16,
      "p99": 16
    }
  },
  "search_equal": {
    "V_search":     {
      "count": 100000,
      "weight_sum": 100000,
      "min": 103,
      "max": 5049,
      "mean": 1019.36,
      "median": 884,
      "p90": 1783,
      "p99": 2931
    },
    "P_search":     {
      "count": 100000,
      "weight_sum": 100000,
      "min": 46,
      "max": 2462,
      "mean": 492.74,
      "median": 425,
      "p90": 868,
      "p99": 1432
    },
    "B_mid":     {
      "count": 100000,
      "weight_sum": 100000,
      "min": 0,
      "max": 65,
      "mean": 12.4411,
      "median": 12,
      "p90": 20,
      "p99": 29
    },
    "B_leaf":     {
      "count": 100000,
      "weight_sum": 100000,
      "min": 0,
      "max": 0,
      "mean": 0,
      "median": 0,
      "p90": 0,
      "p99": 0
    },
    "B_subtree":     {
      "count": 100000,
      "weight_sum": 100000,
      "min": 0,
      "max": 36,
      "mean": 6.92515,
      "median": 7,
      "p90": 12,
      "p99": 17
    },
    "m":     {
      "count": 100000,
      "weight_sum": 100000,
      "min": 0,
      "max": 88,
      "mean": 19.3663,
      "median": 19,
      "p90": 30,
      "p99": 43
    },
    "M_point":     {
      "count": 100000,
      "weight_sum": 100000,
      "min": 0,
      "max": 65,
      "mean": 12.4411,
      "median": 12,
      "p90": 20,
      "p99": 29
    },
    "M_subtree":     {
      "count": 100000,
      "weight_sum": 100000,
      "min": 0,
      "max": 40,
      "mean": 7.90357,
      "median": 7,
      "p90": 13,
      "p99": 20
    },
    "rho":     {
      "count": 99983,
      "weight_sum": 99983,
      "min": 1,
      "max": 3,
      "mean": 1.0516,
      "median": 1.04167,
      "p90": 1.125,
      "p99": 1.25
    },
    "sigma":     {
      "count": 99983,
      "weight_sum": 99983,
      "min": 0,
      "max": 1,
      "mean": 0.388348,
      "median": 0.384615,
      "p90": 0.555556,
      "p99": 0.75
    },
    "avg_subtree_mass":     {
      "count": 98893,
      "weight_sum": 98893,
      "min": 1,
      "max": 5,
      "mean": 1.146,
      "median": 1.11111,
      "p90": 1.33333,
      "p99": 1.8
    }
  },
  "search_weighted": {
    "V_search":     {
      "count": 99983,
      "weight_sum": 2.03447e+06,
      "min": 103,
      "max": 5049,
      "mean": 1138.61,
      "median": 1001,
      "p90": 1976,
      "p99": 3166
    },
    "P_search":     {
      "count": 99983,
      "weight_sum": 2.03447e+06,
      "min": 46,
      "max": 2462,
      "mean": 549.558,
      "median": 481,
      "p90": 961,
      "p99": 1546
    },
    "B_mid":     {
      "count": 99983,
      "weight_sum": 2.03447e+06,
      "min": 0,
      "max": 65,
      "mean": 14.7869,
      "median": 14,
      "p90": 23,
      "p99": 33
    },
    "B_leaf":     {
      "count": 99983,
      "weight_sum": 2.03447e+06,
      "min": 0,
      "max": 0,
      "mean": 0,
      "median": 0,
      "p90": 0,
      "p99": 0
    },
    "B_subtree":     {
      "count": 99983,
      "weight_sum": 2.03447e+06,
      "min": 0,
      "max": 36,
      "mean": 8.21433,
      "median": 8,
      "p90": 13,
      "p99": 20
    },
    "m":     {
      "count": 99983,
      "weight_sum": 2.03447e+06,
      "min": 1,
      "max": 88,
      "mean": 23.0012,
      "median": 22,
      "p90": 34,
      "p99": 49
    },
    "M_point":     {
      "count": 99983,
      "weight_sum": 2.03447e+06,
      "min": 0,
      "max": 65,
      "mean": 14.7869,
      "median": 14,
      "p90": 23,
      "p99": 33
    },
    "M_subtree":     {
      "count": 99983,
      "weight_sum": 2.03447e+06,
      "min": 0,
      "max": 40,
      "mean": 9.40593,
      "median": 9,
      "p90": 15,
      "p99": 22
    },
    "rho":     {
      "count": 99983,
      "weight_sum": 2.03447e+06,
      "min": 1,
      "max": 3,
      "mean": 1.05329,
      "median": 1.04444,
      "p90": 1.125,
      "p99": 1.2381
    },
    "sigma":     {
      "count": 99983,
      "weight_sum": 2.03447e+06,
      "min": 0,
      "max": 1,
      "mean": 0.388483,
      "median": 0.387097,
      "p90": 0.538462,
      "p99": 0.684211
    },
    "avg_subtree_mass":     {
      "count": 98893,
      "weight_sum": 2.02757e+06,
      "min": 1,
      "max": 5,
      "mean": 1.15057,
      "median": 1.125,
      "p90": 1.33333,
      "p99": 1.66667
    }
  },
  "sample": {
    "t": 200000,
    "chunk_size": 2000000,
    "num_chunks": 1,
    "U_t": 81373,
    "G_t": 81373,
    "avg_repeat_global": 2.45782,
    "avg_group_size_exec": 2.45782,
    "samples_per_sec": 73530.3,
    "ns_per_sample": 13599.8,
    "checksum": 18321151462193580208,
    "group_size_equal":     {
      "count": 81373,
      "weight_sum": 81373,
      "min": 1,
      "max": 16,
      "mean": 2.45782,
      "median": 2,
      "p90": 4,
      "p99": 7
    },
    "group_size_sample_weighted":     {
      "count": 81373,
      "weight_sum": 200000,
      "min": 1,
      "max": 16,
      "mean": 3.38387,
      "median": 3,
      "p90": 6,
      "p99": 9
    },
    "K_point_equal":     {
      "count": 81373,
      "weight_sum": 81373,
      "min": 0,
      "max": 12,
      "mean": 1.50116,
      "median": 1,
      "p90": 3,
      "p99": 5
    },
    "K_point_sample_weighted":     {
      "count": 81373,
      "weight_sum": 200000,
      "min": 0,
      "max": 12,
      "mean": 2.06416,
      "median": 2,
      "p90": 4,
      "p99": 6
    },
    "K_subtree_equal":     {
      "count": 81373,
      "weight_sum": 81373,
      "min": 0,
      "max": 8,
      "mean": 0.956656,