{
  "run_id": "density_d4_N50000_a1_t200000_F1_rep2",
  "network": "density",
  "preset": "TH",
  "family": "F1",
  "dim": 4,
  "N": 50000,
  "alpha_target": 1,
  "alpha_expected_est": 1.00841,
  "pair_intersection_prob_est": 4.03364e-05,
  "coverage": 0.0759916,
  "data_seed": 7121500266527720677,
  "sample_seed": 4391389032690502191,
  "data_rep": 2,
  "materialize_join": false,
  "timing_ms": {
    "T_lift": 1.15205,
    "T_tree": 16.8609,
    "T_build": 18.0133,
    "T_count_query": 159.83,
    "T_left_dist": 0.982731,
    "T_count": 160.813,
    "T_search_scan": 179.188,
    "T_plan_left": 5.01795,
    "T_group": 12.7007,
    "T_decompose": 149.12,
    "T_local_dist": 4.53624,
    "T_emit": 7.08641,
    "T_sample": 185.737
  },
  "build": {
    "tree_height": 16,
    "max_depth": 15,
    "avg_node_depth": 13.6896,
    "node_count": 50000
  },
  "count": {
    "exact_join_size": 100810,
    "alpha_actual": 1.0081,
    "w":     {
      "count": 50000,
      "weight_sum": 50000,
      "min": 0,
      "max": 11,
      "mean": 2.0162,
      "median": 2,
      "p90": 4,
      "p99": 6
    },
    "V_count":     {
      "count": 50000,
      "weight_sum": 50000,
      "min": 27,
      "max": 613,
      "mean": 149.318,
      "median": 134,
      "p90": 246,
      "p99": 384
    },
    "P_count":     {
      "count": 50000,
      "weight_sum": 50000,
      "min": 14,
      "max": 302,
      "mean": 72.8727,
      "median": 65,
      "p90": 121,
      "p99": 189
    },
    "C_count":     {
      "count": 50000,
      "weight_sum": 50000,
      "min": 0,
      "max": 7,
      "mean": 0.69068,
      "median": 0,
      "p90": 2,
      "p99": 3
    },
    "H_count":     {
      "count": 50000,
      "weight_sum": 50000,
      "min": 13,
      "max": 309,
      "mean": 75.7542,
      "median": 68,
      "p90": 125,
      "p99": 194
    },
    "S_prune":     {
      "count": 50000,
      "weight_sum": 50000,
      "min": 49387,
      "max": 49973,
      "mean": 49850.6,
      "median": 49866,
      "p90": 49927,
      "p99": 49954
    },
    "S_contain":     {
      "count": 50000,
      "weight_sum": 50000,
      "min": 0,
      "max": 4,
      "mean": 0.06072,
      "median": 0,
      "p90": 0,
      "p99": 1
    },
    "D_count_max":     {
      "count": 50000,
      "weight_sum": 50000,
      "min": 11,
      "max": 15,
      "mean": 14.9679,
      "median": 15,
      "p90": 15,
      "p99": 15
    }
  },
  "search_equal": {
    "V_search":     {
      "count": 50000,
      "weight_sum": 50000,
      "min": 27,
      "max": 611,
      "mean": 148.627,
      "median": 133,
      "p90": 245,
      "p99": 383
    },
    "P_search":     {
      "count": 50000,
      "weight_sum": 50000,
      "min": 14,
      "max": 302,
      "mean": 72.8727,
      "median": 65,
      "p90": 121,
      "p99": 189
    },
    "B_mid":     {
      "count": 50000,
      "weight_sum": 50000,
      "min": 0,
      "max": 9,
      "mean": 1.2648,
      "median": 1,
      "p90": 3,
      "p99": 5
    },
    "B_leaf":     {
      "count": 50000,
      "weight_sum": 50000,
      "min": 0,
      "max": 0,
      "mean": 0,
      "median": 0,
      "p90": 0,
      "p99": 0
    },
    "B_subtree":     {
      "count": 50000,
      "weight_sum": 50000,
      "min": 0,
      "max": 7,
      "mean": 0.69068,
      "median": 0,
      "p90": 2,
      "p99": 3
    },
    "m":     {
      "count": 50000,
      "weight_sum": 50000,
      "min": 0,
      "max": 11,
      "mean": 1.95548,
      "median": 2,
      "p90": 4,
      "p99": 6
    },
    "M_point":     {
      "count": 50000,
      "weight_sum": 50000,
      "min": 0,
      "max": 9,
      "mean": 1.2648,
      "median": 1,
      "p90": 3,
      "p99": 5
    },
    "M_subtree":     {
      "count": 50000,
      "weight_sum": 50000,
      "min": 0,
      "max": 8,
      "mean": 0.7514,
      "median": 0,
      "p90": 2,
      "p99": 4
    },
    "rho":     {
      "count": 42495,
      "weight_sum": 42495,
      "min": 1,
      "max": 3,
      "mean": 1.03179,
      "median": 1,
      "p90": 1,
      "p99": 2
    },
    "sigma":     {
      "count": 42495,
      "weight_sum": 42495,
      "min": 0,
      "max": 1,
      "mean": 0.363769,
      "median": 0.333333,
      "p90": 1,
      "p99": 1
    },
    "avg_subtree_mass":     {
      "count": 24981,
      "weight_sum": 24981,
      "min": 1,
      "max": 5,
      "mean": 1.08986,
      "median": 1,
      "p90": 1.5,
      "p99": 2
    }
  },
  "search_weighted": {
    "V_search":     {
      "count": 42495,
      "weight_sum": 100810,
      "min": 31,
      "max": 611,
      "mean": 156.933,
      "median": 141,
      "p90": 256,
      "p99": 393
    },
    "P_search":     {
      "count": 42495,
      "weight_sum": 100810,
      "min": 15,
      "max": 302,
      "mean": 76.5257,
      "median": 68,
      "p90": 126,
      "p99": 194
    },
    "B_mid":     {
      "count": 42495,
      "weight_sum": 100810,
      "min": 0,
      "max": 9,
      "mean": 1.94511,
      "median": 2,
      "p90": 4,
      "p99": 6
    },
    "B_leaf":     {
      "count": 42495,
      "weight_sum": 100810,
      "min": 0,
      "max": 0,
      "mean": 0,
      "median": 0,
      "p90": 0,
      "p99": 0
    },
    "B_subtree":     {
      "count": 42495,
      "weight_sum": 100810,
      "min": 0,
      "max": 7,
      "mean": 1.07376,
      "median": 1,
      "p90": 2,
      "p99": 4
    },
    "m":     {
      "count": 42495,
      "weight_sum": 100810,
      "min": 1,
      "max": 11,
      "mean": 3.01888,
      "median": 3,
      "p90": 5,
      "p99": 7
    },
    "M_point":     {
      "count": 42495,
      "weight_sum": 100810,
      "min": 0,
      "max": 9,
      "mean": 1.94511,
      "median": 2,
      "p90": 4,
      "p99": 6
    },
    "M_subtree":     {
      "count": 42495,
      "weight_sum": 100810,
      "min": 0,
      "max": 8,
      "mean": 1.19529,
      "median": 1,
      "p90": 3,
      "p99": 4
    },
    "rho":     {
      "count": 42495,
      "weight_sum": 100810,
      "min": 1,
      "max": 3,
      "mean": 1.04436,
      "median": 1,
      "p90": 1.2,
      "p99": 1.66667
    },
    "sigma":     {
      "count": 42495,
      "weight_sum": 100810,
      "min": 0,
      "max": 1,
      "mean": 0.372681,
      "median": 0.333333,
      "p90": 1,
      "p99": 1
    },
    "avg_subtree_mass":     {
      "count": 24981,
      "weight_sum": 69711,
      "min": 1,
      "max": 5,
      "mean": 1.11945,
      "median": 1,
      "p90": 1.5,
      "p99": 2
    }
  },
  "sample": {
    "t": 200000,
    "chunk_size": 2000000,
    "num_chunks": 1,
    "U_t": 40378,
    "G_t": 40378,
    "avg_repeat_global": 4.95319,
    "avg_group_size_exec": 4.95319,
    "samples_per_sec": 1.07679e+06,
    "ns_per_sample": 928.683,
    "checksum": 6603760154400000009,
    "group_size_equal":     {
      "count": 40378,
      "weight_sum": 40378,
      "min": 1,
      "max": 34,
      "mean": 4.95319,
      "median": 4,
      "p90": 9,
      "p99": 16
    },
    "group_size_sample_weighted":     {
      "count": 40378,
      "weight_sum": 200000,
      "min": 1,
      "max": 34,
      "mean": 7.24106,
      "median": 7,
      "p90": 13,
      "p99": 20
    },
    "K_point_equal":     {
      "count": 40378,
      "weight_sum": 40378,
      "min": 0,
      "max": 24,
      "mean": 3.1107,
      "median": 3,
      "p90": 7,
      "p99": 12
    },
    "K_point_sample_weighted":     {
      "count": 40378,
      "weight_sum": 200000,
      "min": 0,
      "max": 24,
      "mean": 4.50992,
      "median": 4,
      "p90": 9,
      "p99": 15
    },
    "K_subtree_equal":     {
      "count": 40378,
      "weight_sum": 40378,
      "min": 0,
      "max": 21,
      "mean": 1.84249,
      "median": 1,
      "p90": 5,
      "p99": 10
    },
    "K_subtree_sample_weighted":     {
      "count": 40378,
      "weight_sum": 200000,
      "min": 0,
      "max": 21,
      "mean": 2.73115,
      "median": 2,