{
  "run_id": "density_d2_N50000_a100_t200000_F1_rep0",
  "network": "density",
  "preset": "TH",
  "family": "F1",
  "dim": 2,
  "N": 50000,
  "alpha_target": 100,
  "alpha_expected_est": 99.071,
  "pair_intersection_prob_est": 0.00396284,
  "coverage": 41.4412,
  "data_seed": 4185875965862058083,
  "sample_seed": 1399708886613547308,
  "data_rep": 0,
  "materialize_join": false,
  "timing_ms": {
    "T_lift": 0.726273,
    "T_tree": 10.5527,
    "T_build": 11.2792,
    "T_count_query": 238.201,
    "T_left_dist": 1.21397,
    "T_count": 239.416,
    "T_search_scan": 265.295,
    "T_plan_left": 4.80709,
    "T_group": 12.5026,
    "T_decompose": 267.836,
    "T_local_dist": 81.5546,
    "T_emit": 9.20419,
    "T_sample": 384.942
  },
  "build": {
    "tree_height": 16,
    "max_depth": 15,
    "avg_node_depth": 13.6896,
    "node_count": 50000
  },
  "count": {
    "exact_join_size": 9934167,
    "alpha_actual": 99.3417,
    "w":     {
      "count": 50000,
      "weight_sum": 50000,
      "min": 47,
      "max": 561,
      "mean": 198.683,
      "median": 198,
      "p90": 234,
      "p99": 303
    },
    "V_count":     {
      "count": 50000,
      "weight_sum": 50000,
      "min": 75,
      "max": 917,
      "mean": 333.698,
      "median": 331,
      "p90": 444,
      "p99": 555
    },
    "P_count":     {
      "count": 50000,
      "weight_sum": 50000,
      "min": 18,
      "max": 293,
      "mean": 113.058,
      "median": 111,
      "p90": 159,
      "p99": 200
    },
    "C_count":     {
      "count": 50000,
      "weight_sum": 50000,
      "min": 4,
      "max": 131,
      "mean": 41.0099,
      "median": 41,
      "p90": 53,
      "p99": 71
    },
    "H_count":     {
      "count": 50000,
      "weight_sum": 50000,
      "min": 39,
      "max": 494,
      "mean": 179.63,
      "median": 179,
      "p90": 238,
      "p99": 298
    },
    "S_prune":     {
      "count": 50000,
      "weight_sum": 50000,
      "min": 48910,
      "max": 49889,
      "mean": 49561.3,
      "median": 49562,
      "p90": 49678,
      "p99": 49791
    },
    "S_contain":     {
      "count": 50000,
      "weight_sum": 50000,
      "min": 14,
      "max": 314,
      "mean": 105.014,
      "median": 103,
      "p90": 133,
      "p99": 173
    },
    "D_count_max":     {
      "count": 50000,
      "weight_sum": 50000,
      "min": 15,
      "max": 15,
      "mean": 15,
      "median": 15,
      "p90": 15,
      "p99": 15
    }
  },
  "search_equal": {
    "V_search":     {
      "count": 50000,
      "weight_sum": 50000,
      "min": 62,
      "max": 787,
      "mean": 292.688,
      "median": 290,
      "p90": 396,
      "p99": 494
    },
    "P_search":     {
      "count": 50000,
      "weight_sum": 50000,
      "min": 18,
      "max": 293,
      "mean": 113.058,
      "median": 111,
      "p90": 159,
      "p99": 200
    },
    "B_mid":     {
      "count": 50000,
      "weight_sum": 50000,
      "min": 6,
      "max": 167,
      "mean": 52.6595,
      "median": 52,
      "p90": 67,
      "p99": 89
    },
    "B_leaf":     {
      "count": 50000,
      "weight_sum": 50000,
      "min": 0,
      "max": 0,
      "mean": 0,
      "median": 0,
      "p90": 0,
      "p99": 0
    },
    "B_subtree":     {
      "count": 50000,
      "weight_sum": 50000,
      "min": 4,
      "max": 131,
      "mean": 41.0099,
      "median": 41,
      "p90": 53,
      "p99": 71
    },
    "m":     {
      "count": 50000,
      "weight_sum": 50000,
      "min": 12,
      "max": 274,
      "mean": 93.6693,
      "median": 93,
      "p90": 118,
      "p99": 156
    },
    "M_point":     {
      "count": 50000,
      "weight_sum": 50000,
      "min": 6,
      "max": 167,
      "mean": 52.6595,
      "median": 52,
      "p90": 67,
      "p99": 89
    },
    "M_subtree":     {
      "count": 50000,
      "weight_sum": 50000,
      "min": 25,
      "max": 417,
      "mean": 146.024,
      "median": 145,
      "p90": 176,
      "p99": 227
    },
    "rho":     {
      "count": 50000,
      "weight_sum": 50000,
      "min": 1.31818,
      "max": 6.55,
      "mean": 2.1709,
      "median": 2.09783,
      "p90": 2.62921,
      "p99": 3.3889
    },
    "sigma":     {
      "count": 50000,
      "weight_sum": 50000,
      "min": 0.411765,
      "max": 0.931298,
      "mean": 0.734731,
      "median": 0.733333,
      "p90": 0.793658,
      "p99": 0.84507
    },
    "avg_subtree_mass":     {
      "count": 50000,
      "weight_sum": 50000,
      "min": 1.66667,
      "max": 14.75,
      "mean": 3.70007,
      "median": 3.52273,
      "p90": 4.8,
      "p99": 6.75
    }
  },
  "search_weighted": {
    "V_search":     {
      "count": 50000,
      "weight_sum": 9.93417e+06,
      "min": 62,
      "max": 787,
      "mean": 300.374,
      "median": 296,
      "p90": 404,
      "p99": 511
    },
    "P_search":     {
      "count": 50000,
      "weight_sum": 9.93417e+06,
      "min": 18,
      "max": 293,
      "mean": 115.904,
      "median": 114,
      "p90": 161,
      "p99": 205
    },
    "B_mid":     {
      "count": 50000,
      "weight_sum": 9.93417e+06,
      "min": 6,
      "max": 167,
      "mean": 54.2476,
      "median": 53,
      "p90": 69,
      "p99": 94
    },
    "B_leaf":     {
      "count": 50000,
      "weight_sum": 9.93417e+06,
      "min": 0,
      "max": 0,
      "mean": 0,
      "median": 0,
      "p90": 0,
      "p99": 0
    },
    "B_subtree":     {
      "count": 50000,
      "weight_sum": 9.93417e+06,
      "min": 4,
      "max": 131,
      "mean": 42.2515,
      "median": 41,
      "p90": 54,
      "p99": 76
    },
    "m":     {
      "count": 50000,
      "weight_sum": 9.93417e+06,
      "min": 12,
      "max": 274,
      "mean": 96.4991,
      "median": 95,
      "p90": 121,
      "p99": 166
    },
    "M_point":     {
      "count": 50000,
      "weight_sum": 9.93417e+06,
      "min": 6,
      "max": 167,
      "mean": 54.2476,
      "median": 53,
      "p90": 69,
      "p99": 94
    },
    "M_subtree":     {
      "count": 50000,
      "weight_sum": 9.93417e+06,
      "min": 25,
      "max": 417,
      "mean": 150.548,
      "median": 148,
      "p90": 182,
      "p99": 242
    },
    "rho":     {
      "count": 50000,
      "weight_sum": 9.93417e+06,
      "min": 1.31818,
      "max": 6.55,
      "mean": 2.17226,
      "median": 2.0989,
      "p90": 2.63235,
      "p99": 3.3871
    },
    "sigma":     {
      "count": 50000,
      "weight_sum": 9.93417e+06,
      "min": 0.411765,
      "max": 0.931298,
      "mean": 0.734958,
      "median": 0.733645,
      "p90": 0.793578,
      "p99": 0.843902
    },
    "avg_subtree_mass":     {
      "count": 50000,
      "weight_sum": 9.93417e+06,
      "min": 1.66667,
      "max": 14.75,
      "mean": 3.70199,
      "median": 3.525,
      "p90": 4.80556,
      "p99": 6.73077
    }
  },
  "sample": {
    "t": 200000,
    "chunk_size": 2000000,
    "num_chunks": 1,
    "U_t": 48784,
    "G_t": 48784,
    "avg_repeat_global": 4.0997,
    "avg_group_size_exec": 4.0997,
    "samples_per_sec": 519559,
    "ns_per_sample": 1924.71,
    "checksum": 11090096368528311652,
    "group_size_equal":     {
      "count": 48784,
      "weight_sum": 48784,
      "min": 1,
      "max": 17,
      "mean": 4.0997,
      "median": 4,
      "p90": 7,
      "p99": 10
    },
    "group_size_sample_weighted":     {
      "count": 48784,
      "weight_sum": 200000,
      "min": 1,
      "max": 17,
      "mean": 5.1245,
      "median": 5,
      "p90": 8,
      "p99": 11
    },
    "K_point_equal":     {
      "count": 48784,
      "weight_sum": 48784,
      "min": 0,
      "max": 8,
      "mean": 1.0797,
      "median": 1,
      "p90": 2,
      "p99": 4
    },
    "K_point_sample_weighted":     {
      "count": 48784,
      "weight_sum": 200000,
      "min": 0,
      "max": 8,
      "mean": 1.35288,
      "median": 1,
      "p90": 3,
      "p99": 5
    },
    "K_subtree_equal":     {
      "count": 48784,
      "weight_sum": 48784,
      "min": 0,