{
  "run_id": "chunk_d5_N20000_a10_t2000000_F1_rep0",
  "network": "chunk",
  "preset": "TH",
  "family": "F1",
  "dim": 5,
  "N": 20000,
  "alpha_target": 10,
  "alpha_expected_est": 10.0053,
  "pair_intersection_prob_est": 0.00100053,
  "coverage": 0.276583,
  "data_seed": 3424552076045590175,
  "sample_seed": 2168127728451390133,
  "data_rep": 0,
  "materialize_join": false,
  "timing_ms": {
    "T_lift": 1.16925,
    "T_tree": 9.57259,
    "T_build": 10.7421,
    "T_count_query": 347.835,
    "T_left_dist": 0.422121,
    "T_count": 348.257,
    "T_search_scan": 399.356,
    "T_plan_left": 45.6541,
    "T_group": 150.624,
    "T_decompose": 403.012,
    "T_local_dist": 7.6027,
    "T_emit": 62.514,
    "T_sample": 684.454
  },
  "build": {
    "tree_height": 15,
    "max_depth": 14,
    "avg_node_depth": 12.3624,
    "node_count": 20000
  },
  "count": {
    "exact_join_size": 401279,
    "alpha_actual": 10.032,
    "w":     {
      "count": 20000,
      "weight_sum": 20000,
      "min": 0,
      "max": 77,
      "mean": 20.0639,
      "median": 19,
      "p90": 32,
      "p99": 45.01
    },
    "V_count":     {
      "count": 20000,
      "weight_sum": 20000,
      "min": 93,
      "max": 3106,
      "mean": 713.542,
      "median": 640,
      "p90": 1194.1,
      "p99": 1861.02
    },
    "P_count":     {
      "count": 20000,
      "weight_sum": 20000,
      "min": 44,
      "max": 1505,
      "mean": 341.013,
      "median": 305,
      "p90": 575,
      "p99": 900
    },
    "C_count":     {
      "count": 20000,
      "weight_sum": 20000,
      "min": 0,
      "max": 35,
      "mean": 8.13645,
      "median": 8,
      "p90": 14,
      "p99": 20
    },
    "H_count":     {
      "count": 20000,
      "weight_sum": 20000,
      "min": 47,
      "max": 1582,
      "mean": 364.393,
      "median": 327,
      "p90": 609,
      "p99": 946.01
    },
    "S_prune":     {
      "count": 20000,
      "weight_sum": 20000,
      "min": 16892,
      "max": 19907,
      "mean": 19285.8,
      "median": 19360,
      "p90": 19667,
      "p99": 19797
    },
    "S_contain":     {
      "count": 20000,
      "weight_sum": 20000,
      "min": 0,
      "max": 9,
      "mean": 0.6198,
      "median": 0,
      "p90": 2,
      "p99": 4
    },
    "D_count_max":     {
      "count": 20000,
      "weight_sum": 20000,
      "min": 13,
      "max": 14,
      "mean": 13.9992,
      "median": 14,
      "p90": 14,
      "p99": 14
    }
  },
  "search_equal": {
    "V_search":     {
      "count": 20000,
      "weight_sum": 20000,
      "min": 91,
      "max": 3087,
      "mean": 705.406,
      "median": 632,
      "p90": 1184,
      "p99": 1849.01
    },
    "P_search":     {
      "count": 20000,
      "weight_sum": 20000,
      "min": 44,
      "max": 1505,
      "mean": 341.013,
      "median": 305,
      "p90": 575,
      "p99": 900
    },
    "B_mid":     {
      "count": 20000,
      "weight_sum": 20000,
      "min": 0,
      "max": 53,
      "mean": 11.3077,
      "median": 11,
      "p90": 19,
      "p99": 27
    },
    "B_leaf":     {
      "count": 20000,
      "weight_sum": 20000,
      "min": 0,
      "max": 0,
      "mean": 0,
      "median": 0,
      "p90": 0,
      "p99": 0
    },
    "B_subtree":     {
      "count": 20000,
      "weight_sum": 20000,
      "min": 0,
      "max": 35,
      "mean": 8.13645,
      "median": 8,
      "p90": 14,
      "p99": 20
    },
    "m":     {
      "count": 20000,
      "weight_sum": 20000,
      "min": 0,
      "max": 77,
      "mean": 19.4442,
      "median": 19,
      "p90": 31,
      "p99": 44
    },
    "M_point":     {
      "count": 20000,
      "weight_sum": 20000,
      "min": 0,
      "max": 53,
      "mean": 11.3077,
      "median": 11,
      "p90": 19,
      "p99": 27
    },
    "M_subtree":     {
      "count": 20000,
      "weight_sum": 20000,
      "min": 0,
      "max": 39,
      "mean": 8.75625,
      "median": 8,
      "p90": 15,
      "p99": 22
    },
    "rho":     {
      "count": 19990,
      "weight_sum": 19990,
      "min": 1,
      "max": 2.33333,
      "mean": 1.03262,
      "median": 1,
      "p90": 1.1,
      "p99": 1.25
    },
    "sigma":     {
      "count": 19990,
      "weight_sum": 19990,
      "min": 0,
      "max": 1,
      "mean": 0.438324,
      "median": 0.4375,
      "p90": 0.6,
      "p99": 0.8
    },
    "avg_subtree_mass":     {
      "count": 19851,
      "weight_sum": 19851,
      "min": 1,
      "max": 4,
      "mean": 1.07964,
      "median": 1,
      "p90": 1.25,
      "p99": 1.6
    }
  },
  "search_weighted": {
    "V_search":     {
      "count": 19990,
      "weight_sum": 401279,
      "min": 91,
      "max": 3087,
      "mean": 798.015,
      "median": 723,
      "p90": 1317,
      "p99": 1994
    },
    "P_search":     {
      "count": 19990,
      "weight_sum": 401279,
      "min": 44,
      "max": 1505,
      "mean": 385.049,
      "median": 348,
      "p90": 638,
      "p99": 973
    },
    "B_mid":     {
      "count": 19990,
      "weight_sum": 401279,
      "min": 0,
      "max": 53,
      "mean": 13.7558,
      "median": 13,
      "p90": 22,
      "p99": 30
    },
    "B_leaf":     {
      "count": 19990,
      "weight_sum": 401279,
      "min": 0,
      "max": 0,
      "mean": 0,
      "median": 0,
      "p90": 0,
      "p99": 0
    },
    "B_subtree":     {
      "count": 19990,
      "weight_sum": 401279,
      "min": 0,
      "max": 35,
      "mean": 9.84448,
      "median": 9,
      "p90": 16,
      "p99": 23
    },
    "m":     {
      "count": 19990,
      "weight_sum": 401279,
      "min": 1,
      "max": 77,
      "mean": 23.6003,
      "median": 23,
      "p90": 36,
      "p99": 49
    },
    "M_point":     {
      "count": 19990,
      "weight_sum": 401279,
      "min": 0,
      "max": 53,
      "mean": 13.7558,
      "median": 13,
      "p90": 22,
      "p99": 30
    },
    "M_subtree":     {
      "count": 19990,
      "weight_sum": 401279,
      "min": 0,
      "max": 39,
      "mean": 10.6206,
      "median": 10,
      "p90": 17,
      "p99": 24
    },
    "rho":     {
      "count": 19990,
      "weight_sum": 401279,
      "min": 1,
      "max": 2.33333,
      "mean": 1.03417,
      "median": 1,
      "p90": 1.09756,
      "p99": 1.21739
    },
    "sigma":     {
      "count": 19990,
      "weight_sum": 401279,
      "min": 0,
      "max": 1,
      "mean": 0.436417,
      "median": 0.435897,
      "p90": 0.583333,
      "p99": 0.727273
    },
    "avg_subtree_mass":     {
      "count": 19851,
      "weight_sum": 400714,
      "min": 1,
      "max": 4,
      "mean": 1.08314,
      "median": 1,
      "p90": 1.25,
      "p99": 1.5
    }
  },
  "sample": {
    "t": 2000000,
    "chunk_size": 2000000,
    "num_chunks": 1,
    "U_t": 19990,
    "G_t": 19990,
    "avg_repeat_global": 100.05,
    "avg_group_size_exec": 100.05,
    "samples_per_sec": 2.92204e+06,
    "ns_per_sample": 342.227,
    "checksum": 12657137900386877007,
    "group_size_equal":     {
      "count": 19990,
      "weight_sum": 19990,
      "min": 2,
      "max": 372,
      "mean": 100.05,
      "median": 96,
      "p90": 163,
      "p99": 230
    },
    "group_size_sample_weighted":     {
      "count": 19990,
      "weight_sum": 2e+06,
      "min": 2,
      "max": 372,
      "mean": 122.539,
      "median": 118,
      "p90": 186,
      "p99": 263
    },
    "K_point_equal":     {
      "count": 19990,
      "weight_sum": 19990,
      "min": 0,
      "max": 262,
      "mean": 56.3348,
      "median": 53,
      "p90": 95,
      "p99": 140
    },
    "K_point_sample_weighted":     {
      "count": 19990,
      "weight_sum": 2e+06,
      "min": 0,
      "max": 262,
      "mean": 69.0898,
      "median": 66,
      "p90": 110,
      "p99": 157
    },
    "K_subtree_equal":     {
      "count": 19990,
      "weight_sum": 19990,
      "min": 0,
      "max": 196,
      "mean": 43.7152,
      "median": 41,
      "p90": 76,
      "p99": 112
    },