{
  "run_id": "density_d3_N50000_a1_t200000_F0_rep2",
  "network": "density",
  "preset": "TH",
  "family": "F0",
  "dim": 3,
  "N": 50000,
  "alpha_target": 1,
  "alpha_expected_est": 0.99128,
  "pair_intersection_prob_est": 3.96512e-05,
  "coverage": 0.241642,
  "data_seed": 6359061104989572939,
  "sample_seed": 3751985055253570816,
  "data_rep": 2,
  "materialize_join": false,
  "timing_ms": {
    "T_lift": 1.31189,
    "T_tree": 14.7545,
    "T_build": 16.0667,
    "T_count_query": 42.0209,
    "T_left_dist": 1.12348,
    "T_count": 43.1444,
    "T_search_scan": 44.143,
    "T_plan_left": 5.07062,
    "T_group": 12.6054,
    "T_decompose": 37.4487,
    "T_local_dist": 4.02128,
    "T_emit": 6.6364,
    "T_sample": 72.7041
  },
  "build": {
    "tree_height": 16,
    "max_depth": 15,
    "avg_node_depth": 13.6896,
    "node_count": 50000
  },
  "count": {
    "exact_join_size": 98680,
    "alpha_actual": 0.9868,
    "w":     {
      "count": 50000,
      "weight_sum": 50000,
      "min": 0,
      "max": 10,
      "mean": 1.9736,
      "median": 2,
      "p90": 4,
      "p99": 6
    },
    "V_count":     {
      "count": 50000,
      "weight_sum": 50000,
      "min": 23,
      "max": 187,
      "mean": 47.9147,
      "median": 45,
      "p90": 68,
      "p99": 97
    },
    "P_count":     {
      "count": 50000,
      "weight_sum": 50000,
      "min": 12,
      "max": 91,
      "mean": 23.0258,
      "median": 21,
      "p90": 33,
      "p99": 47
    },
    "C_count":     {
      "count": 50000,
      "weight_sum": 50000,
      "min": 0,
      "max": 5,
      "mean": 0.67484,
      "median": 1,
      "p90": 2,
      "p99": 3
    },
    "H_count":     {
      "count": 50000,
      "weight_sum": 50000,
      "min": 11,
      "max": 94,
      "mean": 24.214,
      "median": 23,
      "p90": 34,
      "p99": 49
    },
    "S_prune":     {
      "count": 50000,
      "weight_sum": 50000,
      "min": 49813,
      "max": 49977,
      "mean": 49951.9,
      "median": 49955,
      "p90": 49968,
      "p99": 49971
    },
    "S_contain":     {
      "count": 50000,
      "weight_sum": 50000,
      "min": 0,
      "max": 5,
      "mean": 0.14464,
      "median": 0,
      "p90": 1,
      "p99": 1
    },
    "D_count_max":     {
      "count": 50000,
      "weight_sum": 50000,
      "min": 11,
      "max": 15,
      "mean": 14.8606,
      "median": 15,
      "p90": 15,
      "p99": 15
    }
  },
  "search_equal": {
    "V_search":     {
      "count": 50000,
      "weight_sum": 50000,
      "min": 23,
      "max": 185,
      "mean": 47.2399,
      "median": 44,
      "p90": 67,
      "p99": 97
    },
    "P_search":     {
      "count": 50000,
      "weight_sum": 50000,
      "min": 12,
      "max": 91,
      "mean": 23.0258,
      "median": 21,
      "p90": 33,
      "p99": 47
    },
    "B_mid":     {
      "count": 50000,
      "weight_sum": 50000,
      "min": 0,
      "max": 7,
      "mean": 1.15412,
      "median": 1,
      "p90": 3,
      "p99": 4
    },
    "B_leaf":     {
      "count": 50000,
      "weight_sum": 50000,
      "min": 0,
      "max": 0,
      "mean": 0,
      "median": 0,
      "p90": 0,
      "p99": 0
    },
    "B_subtree":     {
      "count": 50000,
      "weight_sum": 50000,
      "min": 0,
      "max": 5,
      "mean": 0.67484,
      "median": 1,
      "p90": 2,
      "p99": 3
    },
    "m":     {
      "count": 50000,
      "weight_sum": 50000,
      "min": 0,
      "max": 8,
      "mean": 1.82896,
      "median": 2,
      "p90": 4,
      "p99": 5
    },
    "M_point":     {
      "count": 50000,
      "weight_sum": 50000,
      "min": 0,
      "max": 7,
      "mean": 1.15412,
      "median": 1,
      "p90": 3,
      "p99": 4
    },
    "M_subtree":     {
      "count": 50000,
      "weight_sum": 50000,
      "min": 0,
      "max": 7,
      "mean": 0.81948,
      "median": 1,
      "p90": 2,
      "p99": 4
    },
    "rho":     {
      "count": 42861,
      "weight_sum": 42861,
      "min": 1,
      "max": 5,
      "mean": 1.08415,
      "median": 1,
      "p90": 1.33333,
      "p99": 2
    },
    "sigma":     {
      "count": 42861,
      "weight_sum": 42861,
      "min": 0,
      "max": 1,
      "mean": 0.398466,
      "median": 0.333333,
      "p90": 1,
      "p99": 1
    },
    "avg_subtree_mass":     {
      "count": 26040,
      "weight_sum": 26040,
      "min": 1,
      "max": 5,
      "mean": 1.2208,
      "median": 1,
      "p90": 2,
      "p99": 2
    }
  },
  "search_weighted": {
    "V_search":     {
      "count": 42861,
      "weight_sum": 98680,
      "min": 25,
      "max": 185,
      "mean": 48.359,
      "median": 45,
      "p90": 68,
      "p99": 98
    },
    "P_search":     {
      "count": 42861,
      "weight_sum": 98680,
      "min": 12,
      "max": 91,
      "mean": 23.2621,
      "median": 22,
      "p90": 33,
      "p99": 48
    },
    "B_mid":     {
      "count": 42861,
      "weight_sum": 98680,
      "min": 0,
      "max": 7,
      "mean": 1.70605,
      "median": 2,
      "p90": 3,
      "p99": 5
    },
    "B_leaf":     {
      "count": 42861,
      "weight_sum": 98680,
      "min": 0,
      "max": 0,
      "mean": 0,
      "median": 0,
      "p90": 0,
      "p99": 0
    },
    "B_subtree":     {
      "count": 42861,
      "weight_sum": 98680,
      "min": 0,
      "max": 5,
      "mean": 1.00962,
      "median": 1,
      "p90": 2,
      "p99": 3
    },
    "m":     {
      "count": 42861,
      "weight_sum": 98680,
      "min": 1,
      "max": 8,
      "mean": 2.71567,
      "median": 3,
      "p90": 4,
      "p99": 6
    },
    "M_point":     {
      "count": 42861,
      "weight_sum": 98680,
      "min": 0,
      "max": 7,
      "mean": 1.70605,
      "median": 2,
      "p90": 3,
      "p99": 5
    },
    "M_subtree":     {
      "count": 42861,
      "weight_sum": 98680,
      "min": 0,
      "max": 7,
      "mean": 1.28323,
      "median": 1,
      "p90": 3,
      "p99": 4
    },
    "rho":     {
      "count": 42861,
      "weight_sum": 98680,
      "min": 1,
      "max": 5,
      "mean": 1.11507,
      "median": 1,
      "p90": 1.5,
      "p99": 2
    },
    "sigma":     {
      "count": 42861,
      "weight_sum": 98680,
      "min": 0,
      "max": 1,
      "mean": 0.415221,
      "median": 0.5,
      "p90": 1,
      "p99": 1
    },
    "avg_subtree_mass":     {
      "count": 26040,
      "weight_sum": 70022,
      "min": 1,
      "max": 5,
      "mean": 1.28729,
      "median": 1,
      "p90": 2,
      "p99": 2
    }
  },
  "sample": {
    "t": 200000,
    "chunk_size": 2000000,
    "num_chunks": 1,
    "U_t": 40815,
    "G_t": 40815,
    "avg_repeat_global": 4.90016,
    "avg_group_size_exec": 4.90016,
    "samples_per_sec": 2.75088e+06,
    "ns_per_sample": 363.52,
    "checksum": 14926789120925690557,
    "group_size_equal":     {
      "count": 40815,
      "weight_sum": 40815,
      "min": 1,
      "max": 27,
      "mean": 4.90016,
      "median": 4,
      "p90": 9,
      "p99": 15
    },
    "group_size_sample_weighted":     {
      "count": 40815,
      "weight_sum": 200000,
      "min": 1,
      "max": 27,
      "mean": 7.05218,
      "median": 7,
      "p90": 12,
      "p99": 18
    },
    "K_point_equal":     {
      "count": 40815,
      "weight_sum": 40815,
      "min": 0,
      "max": 22,
      "mean": 2.85902,
      "median": 2,
      "p90": 6,
      "p99": 11
    },
    "K_point_sample_weighted":     {
      "count": 40815,
      "weight_sum": 200000,
      "min": 0,
      "max": 22,
      "mean": 4.0246,
      "median": 4,
      "p90": 8,
      "p99": 13
    },
    "K_subtree_equal":     {
      "count": 40815,
      "weight_sum": 40815,
      "min": 0,
      "max": 22,
      "mean": 2.04114,
      "median": 1,
      "p90": 5,
      "p99": 10
    },
    "K_subtree_sample_weighted":     {
      "count": 40815,
      "weight_sum": 200000,
      "min": 0,
      "max": 22,
      "mean": 3.02758,
      "median": 2,
      "p90": 7,
      "p99": 12
    }
  },