{
  "run_id": "input_size_d5_N50000_a10_t200000_F0_rep0",
  "network": "input_size",
  "preset": "TH",
  "family": "F0",
  "dim": 5,
  "N": 50000,
  "alpha_target": 10,
  "alpha_expected_est": 9.89398,
  "pair_intersection_prob_est": 0.000395759,
  "coverage": 0.486544,
  "data_seed": 4567401982941187294,
  "sample_seed": 6352776916334029175,
  "data_rep": 0,
  "materialize_join": false,
  "timing_ms": {
    "T_lift": 2.71828,
    "T_tree": 13.7079,
    "T_build": 16.4266,
    "T_count_query": 311.526,
    "T_left_dist": 1.13441,
    "T_count": 312.661,
    "T_search_scan": 351.693,
    "T_plan_left": 4.90803,
    "T_group": 12.7363,
    "T_decompose": 341.303,
    "T_local_dist": 16.9474,
    "T_emit": 8.66052,
    "T_sample": 393.777
  },
  "build": {
    "tree_height": 16,
    "max_depth": 15,
    "avg_node_depth": 13.6896,
    "node_count": 50000
  },
  "count": {
    "exact_join_size": 986686,
    "alpha_actual": 9.86686,
    "w":     {
      "count": 50000,
      "weight_sum": 50000,
      "min": 0,
      "max": 48,
      "mean": 19.7337,
      "median": 20,
      "p90": 29,
      "p99": 36
    },
    "V_count":     {
      "count": 50000,
      "weight_sum": 50000,
      "min": 33,
      "max": 784,
      "mean": 229.443,
      "median": 205,
      "p90": 389,
      "p99": 571
    },
    "P_count":     {
      "count": 50000,
      "weight_sum": 50000,
      "min": 13,
      "max": 365,
      "mean": 101.721,
      "median": 89,
      "p90": 176,
      "p99": 265
    },
    "C_count":     {
      "count": 50000,
      "weight_sum": 50000,
      "min": 0,
      "max": 20,
      "mean": 6.59686,
      "median": 6,
      "p90": 11,
      "p99": 14
    },
    "H_count":     {
      "count": 50000,
      "weight_sum": 50000,
      "min": 17,
      "max": 406,
      "mean": 121.125,
      "median": 109,
      "p90": 204,
      "p99": 297.01
    },
    "S_prune":     {
      "count": 50000,
      "weight_sum": 50000,
      "min": 49215,
      "max": 49967,
      "mean": 49768.5,
      "median": 49793,
      "p90": 49895,
      "p99": 49939
    },
    "S_contain":     {
      "count": 50000,
      "weight_sum": 50000,
      "min": 0,
      "max": 17,
      "mean": 2.01742,
      "median": 2,
      "p90": 4,
      "p99": 8
    },
    "D_count_max":     {
      "count": 50000,
      "weight_sum": 50000,
      "min": 14,
      "max": 15,
      "mean": 14.9997,
      "median": 15,
      "p90": 15,
      "p99": 15
    }
  },
  "search_equal": {
    "V_search":     {
      "count": 50000,
      "weight_sum": 50000,
      "min": 31,
      "max": 771,
      "mean": 222.846,
      "median": 198,
      "p90": 380,
      "p99": 562
    },
    "P_search":     {
      "count": 50000,
      "weight_sum": 50000,
      "min": 13,
      "max": 365,
      "mean": 101.721,
      "median": 89,
      "p90": 176,
      "p99": 265
    },
    "B_mid":     {
      "count": 50000,
      "weight_sum": 50000,
      "min": 0,
      "max": 32,
      "mean": 11.1194,
      "median": 11,
      "p90": 17,
      "p99": 22
    },
    "B_leaf":     {
      "count": 50000,
      "weight_sum": 50000,
      "min": 0,
      "max": 0,
      "mean": 0,
      "median": 0,
      "p90": 0,
      "p99": 0
    },
    "B_subtree":     {
      "count": 50000,
      "weight_sum": 50000,
      "min": 0,
      "max": 20,
      "mean": 6.59686,
      "median": 6,
      "p90": 11,
      "p99": 14
    },
    "m":     {
      "count": 50000,
      "weight_sum": 50000,
      "min": 0,
      "max": 42,
      "mean": 17.7163,
      "median": 18,
      "p90": 26,
      "p99": 33
    },
    "M_point":     {
      "count": 50000,
      "weight_sum": 50000,
      "min": 0,
      "max": 32,
      "mean": 11.1194,
      "median": 11,
      "p90": 17,
      "p99": 22
    },
    "M_subtree":     {
      "count": 50000,
      "weight_sum": 50000,
      "min": 0,
      "max": 27,
      "mean": 8.61428,
      "median": 8,
      "p90": 14,
      "p99": 19
    },
    "rho":     {
      "count": 49999,
      "weight_sum": 49999,
      "min": 1,
      "max": 5,
      "mean": 1.11913,
      "median": 1.1,
      "p90": 1.25,
      "p99": 1.5
    },
    "sigma":     {
      "count": 49999,
      "weight_sum": 49999,
      "min": 0,
      "max": 1,
      "mean": 0.434031,
      "median": 0.434783,
      "p90": 0.608696,
      "p99": 0.777778
    },
    "avg_subtree_mass":     {
      "count": 49578,
      "weight_sum": 49578,
      "min": 1,
      "max": 6,
      "mean": 1.32636,
      "median": 1.27273,
      "p90": 1.66667,
      "p99": 2.33333
    }
  },
  "search_weighted": {
    "V_search":     {
      "count": 49999,
      "weight_sum": 986686,
      "min": 31,
      "max": 771,
      "mean": 244.81,
      "median": 222,
      "p90": 412,
      "p99": 578
    },
    "P_search":     {
      "count": 49999,
      "weight_sum": 986686,
      "min": 13,
      "max": 365,
      "mean": 111.437,
      "median": 100,
      "p90": 191,
      "p99": 273
    },
    "B_mid":     {
      "count": 49999,
      "weight_sum": 986686,
      "min": 0,
      "max": 32,
      "mean": 12.6102,
      "median": 13,
      "p90": 19,
      "p99": 23
    },
    "B_leaf":     {
      "count": 49999,
      "weight_sum": 986686,
      "min": 0,
      "max": 0,
      "mean": 0,
      "median": 0,
      "p90": 0,
      "p99": 0
    },
    "B_subtree":     {
      "count": 49999,
      "weight_sum": 986686,
      "min": 0,
      "max": 20,
      "mean": 7.50738,
      "median": 7,
      "p90": 12,
      "p99": 15
    },
    "m":     {
      "count": 49999,
      "weight_sum": 986686,
      "min": 1,
      "max": 42,
      "mean": 20.1176,
      "median": 20,
      "p90": 28,
      "p99": 34
    },
    "M_point":     {
      "count": 49999,
      "weight_sum": 986686,
      "min": 0,
      "max": 32,
      "mean": 12.6102,
      "median": 13,
      "p90": 19,
      "p99": 23
    },
    "M_subtree":     {
      "count": 49999,
      "weight_sum": 986686,
      "min": 0,
      "max": 27,
      "mean": 9.85832,
      "median": 10,
      "p90": 15,
      "p99": 20
    },
    "rho":     {
      "count": 49999,
      "weight_sum": 986686,
      "min": 1,
      "max": 5,
      "mean": 1.12208,
      "median": 1.1,
      "p90": 1.25,
      "p99": 1.47368
    },
    "sigma":     {
      "count": 49999,
      "weight_sum": 986686,
      "min": 0,
      "max": 1,
      "mean": 0.436526,
      "median": 0.4375,
      "p90": 0.59375,
      "p99": 0.733333
    },
    "avg_subtree_mass":     {
      "count": 49578,
      "weight_sum": 983677,
      "min": 1,
      "max": 6,
      "mean": 1.33221,
      "median": 1.28571,
      "p90": 1.66667,
      "p99": 2.25
    }
  },
  "sample": {
    "t": 200000,
    "chunk_size": 2000000,
    "num_chunks": 1,
    "U_t": 47554,
    "G_t": 47554,
    "avg_repeat_global": 4.20575,
    "avg_group_size_exec": 4.20575,
    "samples_per_sec": 507901,
    "ns_per_sample": 1968.89,
    "checksum": 1807231297162594373,
    "group_size_equal":     {
      "count": 47554,
      "weight_sum": 47554,
      "min": 1,
      "max": 19,
      "mean": 4.20575,
      "median": 4,
      "p90": 7,
      "p99": 11
    },
    "group_size_sample_weighted":     {
      "count": 47554,
      "weight_sum": 200000,
      "min": 1,
      "max": 19,
      "mean": 5.55635,
      "median": 5,
      "p90": 9,
      "p99": 13
    },
    "K_point_equal":     {
      "count": 47554,
      "weight_sum": 47554,
      "min": 0,
      "max": 12,
      "mean": 2.36958,
      "median": 2,
      "p90": 5,
      "p99": 8
    },
    "K_point_sample_weighted":     {
      "count": 47554,
      "weight_sum": 200000,
      "min": 0,
      "max": 12,
      "mean": 3.11531,
      "median": 3,
      "p90": 6,
      "p99": 9
    },
    "K_subtree_equal":     {
      "count": 47554,
      "weight_sum": 47554,
      "min": 0,
      "max": 16,
      "mean": 1.83617,
      "median": 2,
      "p90": 4,
      "p99": 7
    },
    "K_subtree_sample_weighted":     {
      "count": 47554,