{
  "run_id": "input_size_d4_N10000_a10_t200000_F0_rep2",
  "network": "input_size",
  "preset": "TH",
  "family": "F0",
  "dim": 4,
  "N": 10000,
  "alpha_target": 10,
  "alpha_expected_est": 9.91552,
  "pair_intersection_prob_est": 0.0019831,
  "coverage": 1.02111,
  "data_seed": 798327533681654371,
  "sample_seed": 4365346663390708338,
  "data_rep": 2,
  "materialize_join": false,
  "timing_ms": {
    "T_lift": 0.233567,
    "T_tree": 2.24723,
    "T_build": 2.48102,
    "T_count_query": 30.0944,
    "T_left_dist": 0.207465,
    "T_count": 30.302,
    "T_search_scan": 31.783,
    "T_plan_left": 4.69403,
    "T_group": 13.0476,
    "T_decompose": 32.542,
    "T_local_dist": 3.27909,
    "T_emit": 6.09464,
    "T_sample": 62.6327
  },
  "build": {
    "tree_height": 14,
    "max_depth": 13,
    "avg_node_depth": 11.3631,
    "node_count": 10000
  },
  "count": {
    "exact_join_size": 197515,
    "alpha_actual": 9.87575,
    "w":     {
      "count": 10000,
      "weight_sum": 10000,
      "min": 1,
      "max": 43,
      "mean": 19.7515,
      "median": 20,
      "p90": 28,
      "p99": 35
    },
    "V_count":     {
      "count": 10000,
      "weight_sum": 10000,
      "min": 25,
      "max": 362,
      "mean": 135.678,
      "median": 128,
      "p90": 218,
      "p99": 286
    },
    "P_count":     {
      "count": 10000,
      "weight_sum": 10000,
      "min": 11,
      "max": 168,
      "mean": 58.1814,
      "median": 54,
      "p90": 96,
      "p99": 129
    },
    "C_count":     {
      "count": 10000,
      "weight_sum": 10000,
      "min": 0,
      "max": 19,
      "mean": 7.4497,
      "median": 7,
      "p90": 11,
      "p99": 15
    },
    "H_count":     {
      "count": 10000,
      "weight_sum": 10000,
      "min": 12,
      "max": 186,
      "mean": 70.0467,
      "median": 66,
      "p90": 112.1,
      "p99": 147
    },
    "S_prune":     {
      "count": 10000,
      "weight_sum": 10000,
      "min": 9638,
      "max": 9975,
      "mean": 9861.79,
      "median": 9870,
      "p90": 9928,
      "p99": 9955
    },
    "S_contain":     {
      "count": 10000,
      "weight_sum": 10000,
      "min": 0,
      "max": 18,
      "mean": 2.5295,
      "median": 2,
      "p90": 5,
      "p99": 9
    },
    "D_count_max":     {
      "count": 10000,
      "weight_sum": 10000,
      "min": 12,
      "max": 13,
      "mean": 12.988,
      "median": 13,
      "p90": 13,
      "p99": 13
    }
  },
  "search_equal": {
    "V_search":     {
      "count": 10000,
      "weight_sum": 10000,
      "min": 24,
      "max": 354,
      "mean": 128.228,
      "median": 120,
      "p90": 208,
      "p99": 275.01
    },
    "P_search":     {
      "count": 10000,
      "weight_sum": 10000,
      "min": 11,
      "max": 168,
      "mean": 58.1814,
      "median": 54,
      "p90": 96,
      "p99": 129
    },
    "B_mid":     {
      "count": 10000,
      "weight_sum": 10000,
      "min": 0,
      "max": 25,
      "mean": 9.7723,
      "median": 10,
      "p90": 15,
      "p99": 19
    },
    "B_leaf":     {
      "count": 10000,
      "weight_sum": 10000,
      "min": 0,
      "max": 0,
      "mean": 0,
      "median": 0,
      "p90": 0,
      "p99": 0
    },
    "B_subtree":     {
      "count": 10000,
      "weight_sum": 10000,
      "min": 0,
      "max": 19,
      "mean": 7.4497,
      "median": 7,
      "p90": 11,
      "p99": 15
    },
    "m":     {
      "count": 10000,
      "weight_sum": 10000,
      "min": 1,
      "max": 36,
      "mean": 17.222,
      "median": 17,
      "p90": 25,
      "p99": 30
    },
    "M_point":     {
      "count": 10000,
      "weight_sum": 10000,
      "min": 0,
      "max": 25,
      "mean": 9.7723,
      "median": 10,
      "p90": 15,
      "p99": 19
    },
    "M_subtree":     {
      "count": 10000,
      "weight_sum": 10000,
      "min": 0,
      "max": 27,
      "mean": 9.9792,
      "median": 10,
      "p90": 15,
      "p99": 20
    },
    "rho":     {
      "count": 10000,
      "weight_sum": 10000,
      "min": 1,
      "max": 5,
      "mean": 1.16034,
      "median": 1.125,
      "p90": 1.35294,
      "p99": 1.75
    },
    "sigma":     {
      "count": 10000,
      "weight_sum": 10000,
      "min": 0,
      "max": 1,
      "mean": 0.504024,
      "median": 0.5,
      "p90": 0.658095,
      "p99": 0.8
    },
    "avg_subtree_mass":     {
      "count": 9991,
      "weight_sum": 9991,
      "min": 1,
      "max": 9,
      "mean": 1.37443,
      "median": 1.28571,
      "p90": 1.83333,
      "p99": 2.66667
    }
  },
  "search_weighted": {
    "V_search":     {
      "count": 10000,
      "weight_sum": 197515,
      "min": 24,
      "max": 354,
      "mean": 137.735,
      "median": 132,
      "p90": 218,
      "p99": 282
    },
    "P_search":     {
      "count": 10000,
      "weight_sum": 197515,
      "min": 11,
      "max": 168,
      "mean": 62.2761,
      "median": 59,
      "p90": 101,
      "p99": 132
    },
    "B_mid":     {
      "count": 10000,
      "weight_sum": 197515,
      "min": 0,
      "max": 25,
      "mean": 10.8649,
      "median": 11,
      "p90": 16,
      "p99": 20
    },
    "B_leaf":     {
      "count": 10000,
      "weight_sum": 197515,
      "min": 0,
      "max": 0,
      "mean": 0,
      "median": 0,
      "p90": 0,
      "p99": 0
    },
    "B_subtree":     {
      "count": 10000,
      "weight_sum": 197515,
      "min": 0,
      "max": 19,
      "mean": 8.27408,
      "median": 8,
      "p90": 12,
      "p99": 15
    },
    "m":     {
      "count": 10000,
      "weight_sum": 197515,
      "min": 1,
      "max": 36,
      "mean": 19.139,
      "median": 19,
      "p90": 26,
      "p99": 31
    },
    "M_point":     {
      "count": 10000,
      "weight_sum": 197515,
      "min": 0,
      "max": 25,
      "mean": 10.8649,
      "median": 11,
      "p90": 16,
      "p99": 20
    },
    "M_subtree":     {
      "count": 10000,
      "weight_sum": 197515,
      "min": 0,
      "max": 27,
      "mean": 11.1588,
      "median": 11,
      "p90": 16,
      "p99": 22
    },
    "rho":     {
      "count": 10000,
      "weight_sum": 197515,
      "min": 1,
      "max": 5,
      "mean": 1.16389,
      "median": 1.13333,
      "p90": 1.35,
      "p99": 1.71429
    },
    "sigma":     {
      "count": 10000,
      "weight_sum": 197515,
      "min": 0,
      "max": 1,
      "mean": 0.505238,
      "median": 0.5,
      "p90": 0.647059,
      "p99": 0.777778
    },
    "avg_subtree_mass":     {
      "count": 9991,
      "weight_sum": 197487,
      "min": 1,
      "max": 9,
      "mean": 1.38275,
      "median": 1.30769,
      "p90": 1.8,
      "p99": 2.66667
    }
  },
  "sample": {
    "t": 200000,
    "chunk_size": 2000000,
    "num_chunks": 1,
    "U_t": 9996,
    "G_t": 9996,
    "avg_repeat_global": 20.008,
    "avg_group_size_exec": 20.008,
    "samples_per_sec": 3.19322e+06,
    "ns_per_sample": 313.164,
    "checksum": 10263465599087713727,
    "group_size_equal":     {
      "count": 9996,
      "weight_sum": 9996,
      "min": 1,
      "max": 54,
      "mean": 20.008,
      "median": 20,
      "p90": 31,
      "p99": 41
    },
    "group_size_sample_weighted":     {
      "count": 9996,
      "weight_sum": 200000,
      "min": 1,
      "max": 54,
      "mean": 23.3071,
      "median": 23,
      "p90": 34,
      "p99": 43
    },
    "K_point_equal":     {
      "count": 9996,
      "weight_sum": 9996,
      "min": 0,
      "max": 33,
      "mean": 9.87925,
      "median": 9,
      "p90": 17,
      "p99": 24
    },
    "K_point_sample_weighted":     {
      "count": 9996,
      "weight_sum": 200000,
      "min": 0,
      "max": 33,
      "mean": 11.4797,
      "median": 11,
      "p90": 18,
      "p99": 25
    },
    "K_subtree_equal":     {
      "count": 9996,
      "weight_sum": 9996,
      "min": 0,
      "max": 37,
      "mean": 10.1288,
      "median": 10,
      "p90": 17,
      "p99": 25
    },
    "K_subtree_sample_weighted":     {
      "count": 9996,