{
  "run_id": "sample_size_d4_N50000_a10_t10000_F0_rep1",
  "network": "sample_size",
  "preset": "TH",
  "family": "F0",
  "dim": 4,
  "N": 50000,
  "alpha_target": 10,
  "alpha_expected_est": 10.0219,
  "pair_intersection_prob_est": 0.000400878,
  "coverage": 1.09581,
  "data_seed": 845238440559150835,
  "sample_seed": 1241483122264934044,
  "data_rep": 1,
  "materialize_join": false,
  "timing_ms": {
    "T_lift": 2.5648,
    "T_tree": 13.169,
    "T_build": 15.7341,
    "T_count_query": 177.845,
    "T_left_dist": 1.04056,
    "T_count": 178.886,
    "T_search_scan": 200.494,
    "T_plan_left": 0.41012,
    "T_group": 0.426781,
    "T_decompose": 38.3179,
    "T_local_dist": 3.28858,
    "T_emit": 0.865001,
    "T_sample": 45.0809
  },
  "build": {
    "tree_height": 16,
    "max_depth": 15,
    "avg_node_depth": 13.6896,
    "node_count": 50000
  },
  "count": {
    "exact_join_size": 1003336,
    "alpha_actual": 10.0334,
    "w":     {
      "count": 50000,
      "weight_sum": 50000,
      "min": 0,
      "max": 44,
      "mean": 20.0667,
      "median": 20,
      "p90": 28,
      "p99": 34
    },
    "V_count":     {
      "count": 50000,
      "weight_sum": 50000,
      "min": 25,
      "max": 443,
      "mean": 154.79,
      "median": 149,
      "p90": 230,
      "p99": 315
    },
    "P_count":     {
      "count": 50000,
      "weight_sum": 50000,
      "min": 12,
      "max": 211,
      "mean": 66.1232,
      "median": 63,
      "p90": 101,
      "p99": 144
    },
    "C_count":     {
      "count": 50000,
      "weight_sum": 50000,
      "min": 0,
      "max": 19,
      "mean": 6.56878,
      "median": 6,
      "p90": 10,
      "p99": 13
    },
    "H_count":     {
      "count": 50000,
      "weight_sum": 50000,
      "min": 12,
      "max": 226,
      "mean": 82.0982,
      "median": 80,
      "p90": 121,
      "p99": 164
    },
    "S_prune":     {
      "count": 50000,
      "weight_sum": 50000,
      "min": 49554,
      "max": 49968,
      "mean": 49842.2,
      "median": 49848,
      "p90": 49911,
      "p99": 49944
    },
    "S_contain":     {
      "count": 50000,
      "weight_sum": 50000,
      "min": 0,
      "max": 20,
      "mean": 3.03648,
      "median": 3,
      "p90": 6,
      "p99": 11
    },
    "D_count_max":     {
      "count": 50000,
      "weight_sum": 50000,
      "min": 12,
      "max": 15,
      "mean": 14.9996,
      "median": 15,
      "p90": 15,
      "p99": 15
    }
  },
  "search_equal": {
    "V_search":     {
      "count": 50000,
      "weight_sum": 50000,
      "min": 24,
      "max": 437,
      "mean": 148.221,
      "median": 142,
      "p90": 222,
      "p99": 307
    },
    "P_search":     {
      "count": 50000,
      "weight_sum": 50000,
      "min": 12,
      "max": 211,
      "mean": 66.1232,
      "median": 63,
      "p90": 101,
      "p99": 144
    },
    "B_mid":     {
      "count": 50000,
      "weight_sum": 50000,
      "min": 0,
      "max": 27,
      "mean": 10.4615,
      "median": 10,
      "p90": 16,
      "p99": 20
    },
    "B_leaf":     {
      "count": 50000,
      "weight_sum": 50000,
      "min": 0,
      "max": 0,
      "mean": 0,
      "median": 0,
      "p90": 0,
      "p99": 0
    },
    "B_subtree":     {
      "count": 50000,
      "weight_sum": 50000,
      "min": 0,
      "max": 19,
      "mean": 6.56878,
      "median": 6,
      "p90": 10,
      "p99": 13
    },
    "m":     {
      "count": 50000,
      "weight_sum": 50000,
      "min": 0,
      "max": 38,
      "mean": 17.0302,
      "median": 17,
      "p90": 24,
      "p99": 29
    },
    "M_point":     {
      "count": 50000,
      "weight_sum": 50000,
      "min": 0,
      "max": 27,
      "mean": 10.4615,
      "median": 10,
      "p90": 16,
      "p99": 20
    },
    "M_subtree":     {
      "count": 50000,
      "weight_sum": 50000,
      "min": 0,
      "max": 32,
      "mean": 9.60526,
      "median": 9,
      "p90": 15,
      "p99": 20
    },
    "rho":     {
      "count": 49999,
      "weight_sum": 49999,
      "min": 1,
      "max": 6.5,
      "mean": 1.19347,
      "median": 1.15,
      "p90": 1.38462,
      "p99": 1.9
    },
    "sigma":     {
      "count": 49999,
      "weight_sum": 49999,
      "min": 0,
      "max": 1,
      "mean": 0.476252,
      "median": 0.47619,
      "p90": 0.642857,
      "p99": 0.793103
    },
    "avg_subtree_mass":     {
      "count": 49842,
      "weight_sum": 49842,
      "min": 1,
      "max": 12,
      "mean": 1.50604,
      "median": 1.4,
      "p90": 2,
      "p99": 3.4
    }
  },
  "search_weighted": {
    "V_search":     {
      "count": 49999,
      "weight_sum": 1.00334e+06,
      "min": 24,
      "max": 437,
      "mean": 157.243,
      "median": 152,
      "p90": 229,
      "p99": 312
    },
    "P_search":     {
      "count": 49999,
      "weight_sum": 1.00334e+06,
      "min": 12,
      "max": 211,
      "mean": 69.9136,
      "median": 67,
      "p90": 104,
      "p99": 146
    },
    "B_mid":     {
      "count": 49999,
      "weight_sum": 1.00334e+06,
      "min": 0,
      "max": 27,
      "mean": 11.4737,
      "median": 11,
      "p90": 17,
      "p99": 21
    },
    "B_leaf":     {
      "count": 49999,
      "weight_sum": 1.00334e+06,
      "min": 0,
      "max": 0,
      "mean": 0,
      "median": 0,
      "p90": 0,
      "p99": 0
    },
    "B_subtree":     {
      "count": 49999,
      "weight_sum": 1.00334e+06,
      "min": 0,
      "max": 19,
      "mean": 7.19853,
      "median": 7,
      "p90": 11,
      "p99": 14
    },
    "m":     {
      "count": 49999,
      "weight_sum": 1.00334e+06,
      "min": 1,
      "max": 38,
      "mean": 18.6723,
      "median": 19,
      "p90": 25,
      "p99": 30
    },
    "M_point":     {
      "count": 49999,
      "weight_sum": 1.00334e+06,
      "min": 0,
      "max": 27,
      "mean": 11.4737,
      "median": 11,
      "p90": 17,
      "p99": 21
    },
    "M_subtree":     {
      "count": 49999,
      "weight_sum": 1.00334e+06,
      "min": 0,
      "max": 32,
      "mean": 10.6089,
      "median": 10,
      "p90": 16,
      "p99": 21
    },
    "rho":     {
      "count": 49999,
      "weight_sum": 1.00334e+06,
      "min": 1,
      "max": 6.5,
      "mean": 1.19804,
      "median": 1.15385,
      "p90": 1.38462,
      "p99": 1.85714
    },
    "sigma":     {
      "count": 49999,
      "weight_sum": 1.00334e+06,
      "min": 0,
      "max": 1,
      "mean": 0.478666,
      "median": 0.47619,
      "p90": 0.636364,
      "p99": 0.777778
    },
    "avg_subtree_mass":     {
      "count": 49842,
      "weight_sum": 1.00234e+06,
      "min": 1,
      "max": 12,
      "mean": 1.5174,
      "median": 1.4,
      "p90": 2,
      "p99": 3.25
    }
  },
  "sample": {
    "t": 10000,
    "chunk_size": 2000000,
    "num_chunks": 1,
    "U_t": 8981,
    "G_t": 8981,
    "avg_repeat_global": 1.11346,
    "avg_group_size_exec": 1.11346,
    "samples_per_sec": 221823,
    "ns_per_sample": 4508.09,
    "checksum": 17587210742325506994,
    "group_size_equal":     {
      "count": 8981,
      "weight_sum": 8981,
      "min": 1,
      "max": 4,
      "mean": 1.11346,
      "median": 1,
      "p90": 2,
      "p99": 2
    },
    "group_size_sample_weighted":     {
      "count": 8981,
      "weight_sum": 10000,
      "min": 1,
      "max": 4,
      "mean": 1.2216,
      "median": 1,
      "p90": 2,
      "p99": 3
    },
    "K_point_equal":     {
      "count": 8981,
      "weight_sum": 8981,
      "min": 0,
      "max": 3,
      "mean": 0.585124,
      "median": 1,
      "p90": 1,
      "p99": 2
    },
    "K_point_sample_weighted":     {
      "count": 8981,
      "weight_sum": 10000,
      "min": 0,
      "max": 3,
      "mean": 0.6436,
      "median": 1,
      "p90": 1,
      "p99": 2
    },
    "K_subtree_equal":     {
      "count": 8981,
      "weight_sum": 8981,
      "min": 0,
      "max": 3,
      "mean": 0.528338,
      "median": 0,
      "p90": 1,
      "p99": 2
    },