{
  "run_id": "input_size_d5_N10000_a10_t200000_F1_rep0",
  "network": "input_size",
  "preset": "TH",
  "family": "F1",
  "dim": 5,
  "N": 10000,
  "alpha_target": 10,
  "alpha_expected_est": 9.90962,
  "pair_intersection_prob_est": 0.00198192,
  "coverage": 0.26699,
  "data_seed": 8996073969702094894,
  "sample_seed": 6141422692989698170,
  "data_rep": 0,
  "materialize_join": false,
  "timing_ms": {
    "T_lift": 0.475584,
    "T_tree": 4.95617,
    "T_build": 5.43213,
    "T_count_query": 140.748,
    "T_left_dist": 0.215126,
    "T_count": 140.963,
    "T_search_scan": 162.086,
    "T_plan_left": 4.62299,
    "T_group": 13.0501,
    "T_decompose": 162.681,
    "T_local_dist": 3.67519,
    "T_emit": 6.24285,
    "T_sample": 193.162
  },
  "build": {
    "tree_height": 14,
    "max_depth": 13,
    "avg_node_depth": 11.3631,
    "node_count": 10000
  },
  "count": {
    "exact_join_size": 199911,
    "alpha_actual": 9.99555,
    "w":     {
      "count": 10000,
      "weight_sum": 10000,
      "min": 0,
      "max": 87,
      "mean": 19.9911,
      "median": 19,
      "p90": 33,
      "p99": 47
    },
    "V_count":     {
      "count": 10000,
      "weight_sum": 10000,
      "min": 100,
      "max": 2118,
      "mean": 593.482,
      "median": 538,
      "p90": 959,
      "p99": 1481.04
    },
    "P_count":     {
      "count": 10000,
      "weight_sum": 10000,
      "min": 49,
      "max": 1000,
      "mean": 281.41,
      "median": 254.5,
      "p90": 458,
      "p99": 708.01
    },
    "C_count":     {
      "count": 10000,
      "weight_sum": 10000,
      "min": 0,
      "max": 40,
      "mean": 8.0355,
      "median": 7,
      "p90": 14,
      "p99": 20
    },
    "H_count":     {
      "count": 10000,
      "weight_sum": 10000,
      "min": 50,
      "max": 1096,
      "mean": 304.036,
      "median": 276,
      "p90": 490,
      "p99": 755.01
    },
    "S_prune":     {
      "count": 10000,
      "weight_sum": 10000,
      "min": 7877,
      "max": 9900,
      "mean": 9405.84,
      "median": 9461,
      "p90": 9710,
      "p99": 9822
    },
    "S_contain":     {
      "count": 10000,
      "weight_sum": 10000,
      "min": 0,
      "max": 9,
      "mean": 0.6741,
      "median": 0,
      "p90": 2,
      "p99": 4
    },
    "D_count_max":     {
      "count": 10000,
      "weight_sum": 10000,
      "min": 12,
      "max": 13,
      "mean": 12.999,
      "median": 13,
      "p90": 13,
      "p99": 13
    }
  },
  "search_equal": {
    "V_search":     {
      "count": 10000,
      "weight_sum": 10000,
      "min": 99,
      "max": 2096,
      "mean": 585.446,
      "median": 531,
      "p90": 948.1,
      "p99": 1468
    },
    "P_search":     {
      "count": 10000,
      "weight_sum": 10000,
      "min": 49,
      "max": 1000,
      "mean": 281.41,
      "median": 254.5,
      "p90": 458,
      "p99": 708.01
    },
    "B_mid":     {
      "count": 10000,
      "weight_sum": 10000,
      "min": 0,
      "max": 55,
      "mean": 11.2815,
      "median": 11,
      "p90": 19,
      "p99": 28.01
    },
    "B_leaf":     {
      "count": 10000,
      "weight_sum": 10000,
      "min": 0,
      "max": 0,
      "mean": 0,
      "median": 0,
      "p90": 0,
      "p99": 0
    },
    "B_subtree":     {
      "count": 10000,
      "weight_sum": 10000,
      "min": 0,
      "max": 40,
      "mean": 8.0355,
      "median": 7,
      "p90": 14,
      "p99": 20
    },
    "m":     {
      "count": 10000,
      "weight_sum": 10000,
      "min": 0,
      "max": 84,
      "mean": 19.317,
      "median": 18,
      "p90": 32,
      "p99": 46
    },
    "M_point":     {
      "count": 10000,
      "weight_sum": 10000,
      "min": 0,
      "max": 55,
      "mean": 11.2815,
      "median": 11,
      "p90": 19,
      "p99": 28.01
    },
    "M_subtree":     {
      "count": 10000,
      "weight_sum": 10000,
      "min": 0,
      "max": 45,
      "mean": 8.7096,
      "median": 8,
      "p90": 15,
      "p99": 22
    },
    "rho":     {
      "count": 9996,
      "weight_sum": 9996,
      "min": 1,
      "max": 1.66667,
      "mean": 1.03579,
      "median": 1,
      "p90": 1.10714,
      "p99": 1.27273
    },
    "sigma":     {
      "count": 9996,
      "weight_sum": 9996,
      "min": 0,
      "max": 1,
      "mean": 0.43781,
      "median": 0.434783,
      "p90": 0.606061,
      "p99": 0.8
    },
    "avg_subtree_mass":     {
      "count": 9918,
      "weight_sum": 9918,
      "min": 1,
      "max": 4,
      "mean": 1.08674,
      "median": 1,
      "p90": 1.25,
      "p99": 1.66667
    }
  },
  "search_weighted": {
    "V_search":     {
      "count": 9996,
      "weight_sum": 199911,
      "min": 99,
      "max": 2096,
      "mean": 663.437,
      "median": 604,
      "p90": 1067,
      "p99": 1596
    },
    "P_search":     {
      "count": 9996,
      "weight_sum": 199911,
      "min": 49,
      "max": 1000,
      "mean": 317.969,
      "median": 288,
      "p90": 513,
      "p99": 775
    },
    "B_mid":     {
      "count": 9996,
      "weight_sum": 199911,
      "min": 0,
      "max": 55,
      "mean": 13.9703,
      "median": 13,
      "p90": 22,
      "p99": 32
    },
    "B_leaf":     {
      "count": 9996,
      "weight_sum": 199911,
      "min": 0,
      "max": 0,
      "mean": 0,
      "median": 0,
      "p90": 0,
      "p99": 0
    },
    "B_subtree":     {
      "count": 9996,
      "weight_sum": 199911,
      "min": 0,
      "max": 40,
      "mean": 9.8961,
      "median": 9,
      "p90": 16,
      "p99": 24
    },
    "m":     {
      "count": 9996,
      "weight_sum": 199911,
      "min": 1,
      "max": 84,
      "mean": 23.8664,
      "median": 23,
      "p90": 37,
      "p99": 52
    },
    "M_point":     {
      "count": 9996,
      "weight_sum": 199911,
      "min": 0,
      "max": 55,
      "mean": 13.9703,
      "median": 13,
      "p90": 22,
      "p99": 32
    },
    "M_subtree":     {
      "count": 9996,
      "weight_sum": 199911,
      "min": 0,
      "max": 45,
      "mean": 10.7569,
      "median": 10,
      "p90": 18,
      "p99": 26
    },
    "rho":     {
      "count": 9996,
      "weight_sum": 199911,
      "min": 1,
      "max": 1.66667,
      "mean": 1.03749,
      "median": 1.01639,
      "p90": 1.10345,
      "p99": 1.25
    },
    "sigma":     {
      "count": 9996,
      "weight_sum": 199911,
      "min": 0,
      "max": 1,
      "mean": 0.435674,
      "median": 0.433333,
      "p90": 0.583333,
      "p99": 0.75
    },
    "avg_subtree_mass":     {
      "count": 9918,
      "weight_sum": 199523,
      "min": 1,
      "max": 4,
      "mean": 1.09071,
      "median": 1.03704,
      "p90": 1.25,
      "p99": 1.6
    }
  },
  "sample": {
    "t": 200000,
    "chunk_size": 2000000,
    "num_chunks": 1,
    "U_t": 9978,
    "G_t": 9978,
    "avg_repeat_global": 20.0441,
    "avg_group_size_exec": 20.0441,
    "samples_per_sec": 1.0354e+06,
    "ns_per_sample": 965.811,
    "checksum": 15673041122424112938,
    "group_size_equal":     {
      "count": 9978,
      "weight_sum": 9978,
      "min": 1,
      "max": 82,
      "mean": 20.0441,
      "median": 19,
      "p90": 34,
      "p99": 49
    },
    "group_size_sample_weighted":     {
      "count": 9978,
      "weight_sum": 200000,
      "min": 1,
      "max": 82,
      "mean": 25.6173,
      "median": 24,
      "p90": 40,
      "p99": 59
    },
    "K_point_equal":     {
      "count": 9978,
      "weight_sum": 9978,
      "min": 0,
      "max": 53,
      "mean": 11.3016,
      "median": 10,
      "p90": 20,
      "p99": 31
    },
    "K_point_sample_weighted":     {
      "count": 9978,
      "weight_sum": 200000,
      "min": 0,
      "max": 53,
      "mean": 14.4677,
      "median": 14,
      "p90": 24,
      "p99": 36
    },
    "K_subtree_equal":     {
      "count": 9978,
      "weight_sum": 9978,
      "min": 0,
      "max": 50,
      "mean": 8.74253,
      "median": 8,
      "p90": 16,
      "p99": 25
    },