{
  "run_id": "correctness_d4_N2000_a10_t200000_F0_rep0",
  "network": "correctness",
  "preset": "TH",
  "family": "F0",
  "dim": 4,
  "N": 2000,
  "alpha_target": 10,
  "alpha_expected_est": 10.0387,
  "pair_intersection_prob_est": 0.0100387,
  "coverage": 0.951507,
  "data_seed": 2982521494263097565,
  "sample_seed": 881729308498111659,
  "data_rep": 0,
  "materialize_join": true,
  "timing_ms": {
    "T_lift": 0.034013,
    "T_tree": 0.42368,
    "T_build": 0.457903,
    "T_count_query": 4.91067,
    "T_left_dist": 0.070965,
    "T_count": 4.9817,
    "T_search_scan": 7.2804,
    "T_plan_left": 4.82813,
    "T_group": 13.1745,
    "T_decompose": 5.2132,
    "T_local_dist": 0.661386,
    "T_emit": 5.7136,
    "T_sample": 31.2728
  },
  "build": {
    "tree_height": 11,
    "max_depth": 10,
    "avg_node_depth": 8.982,
    "node_count": 2000
  },
  "count": {
    "exact_join_size": 40105,
    "alpha_actual": 10.0262,
    "w":     {
      "count": 2000,
      "weight_sum": 2000,
      "min": 1,
      "max": 45,
      "mean": 20.0525,
      "median": 20,
      "p90": 30,
      "p99": 37
    },
    "V_count":     {
      "count": 2000,
      "weight_sum": 2000,
      "min": 21,
      "max": 385,
      "mean": 110.213,
      "median": 101,
      "p90": 180,
      "p99": 268.02
    },
    "P_count":     {
      "count": 2000,
      "weight_sum": 2000,
      "min": 10,
      "max": 178,
      "mean": 46.9765,
      "median": 43,
      "p90": 78,
      "p99": 120
    },
    "C_count":     {
      "count": 2000,
      "weight_sum": 2000,
      "min": 0,
      "max": 22,
      "mean": 8.342,
      "median": 8,
      "p90": 14,
      "p99": 18
    },
    "H_count":     {
      "count": 2000,
      "weight_sum": 2000,
      "min": 10,
      "max": 192,
      "mean": 54.894,
      "median": 51,
      "p90": 90,
      "p99": 134.01
    },
    "S_prune":     {
      "count": 2000,
      "weight_sum": 2000,
      "min": 1609,
      "max": 1977,
      "mean": 1887.02,
      "median": 1896,
      "p90": 1944,
      "p99": 1967
    },
    "S_contain":     {
      "count": 2000,
      "weight_sum": 2000,
      "min": 0,
      "max": 16,
      "mean": 2.7675,
      "median": 2,
      "p90": 6,
      "p99": 9
    },
    "D_count_max":     {
      "count": 2000,
      "weight_sum": 2000,
      "min": 8,
      "max": 10,
      "mean": 9.9985,
      "median": 10,
      "p90": 10,
      "p99": 10
    }
  },
  "search_equal": {
    "V_search":     {
      "count": 2000,
      "weight_sum": 2000,
      "min": 20,
      "max": 370,
      "mean": 101.871,
      "median": 93,
      "p90": 168,
      "p99": 253.04
    },
    "P_search":     {
      "count": 2000,
      "weight_sum": 2000,
      "min": 10,
      "max": 178,
      "mean": 46.9765,
      "median": 43,
      "p90": 78,
      "p99": 120
    },
    "B_mid":     {
      "count": 2000,
      "weight_sum": 2000,
      "min": 0,
      "max": 25,
      "mean": 8.943,
      "median": 9,
      "p90": 15,
      "p99": 20
    },
    "B_leaf":     {
      "count": 2000,
      "weight_sum": 2000,
      "min": 0,
      "max": 0,
      "mean": 0,
      "median": 0,
      "p90": 0,
      "p99": 0
    },
    "B_subtree":     {
      "count": 2000,
      "weight_sum": 2000,
      "min": 0,
      "max": 22,
      "mean": 8.342,
      "median": 8,
      "p90": 14,
      "p99": 18
    },
    "m":     {
      "count": 2000,
      "weight_sum": 2000,
      "min": 1,
      "max": 38,
      "mean": 17.285,
      "median": 17,
      "p90": 27,
      "p99": 34
    },
    "M_point":     {
      "count": 2000,
      "weight_sum": 2000,
      "min": 0,
      "max": 25,
      "mean": 8.943,
      "median": 9,
      "p90": 15,
      "p99": 20
    },
    "M_subtree":     {
      "count": 2000,
      "weight_sum": 2000,
      "min": 0,
      "max": 27,
      "mean": 11.1095,
      "median": 11,
      "p90": 17.1,
      "p99": 23
    },
    "rho":     {
      "count": 2000,
      "weight_sum": 2000,
      "min": 1,
      "max": 4,
      "mean": 1.1868,
      "median": 1.13636,
      "p90": 1.42857,
      "p99": 1.88923
    },
    "sigma":     {
      "count": 2000,
      "weight_sum": 2000,
      "min": 0,
      "max": 1,
      "mean": 0.555476,
      "median": 0.555556,
      "p90": 0.710138,
      "p99": 0.857143
    },
    "avg_subtree_mass":     {
      "count": 1999,
      "weight_sum": 1999,
      "min": 1,
      "max": 7,
      "mean": 1.3902,
      "median": 1.28571,
      "p90": 1.875,
      "p99": 3
    }
  },
  "search_weighted": {
    "V_search":     {
      "count": 2000,
      "weight_sum": 40105,
      "min": 20,
      "max": 370,
      "mean": 114.39,
      "median": 106,
      "p90": 182,
      "p99": 268
    },
    "P_search":     {
      "count": 2000,
      "weight_sum": 40105,
      "min": 10,
      "max": 178,
      "mean": 52.5915,
      "median": 48,
      "p90": 84,
      "p99": 128
    },
    "B_mid":     {
      "count": 2000,
      "weight_sum": 40105,
      "min": 0,
      "max": 25,
      "mean": 10.277,
      "median": 10,
      "p90": 16,
      "p99": 21
    },
    "B_leaf":     {
      "count": 2000,
      "weight_sum": 40105,
      "min": 0,
      "max": 0,
      "mean": 0,
      "median": 0,
      "p90": 0,
      "p99": 0
    },
    "B_subtree":     {
      "count": 2000,
      "weight_sum": 40105,
      "min": 0,
      "max": 22,
      "mean": 9.55799,
      "median": 9,
      "p90": 15,
      "p99": 19
    },
    "m":     {
      "count": 2000,
      "weight_sum": 40105,
      "min": 1,
      "max": 38,
      "mean": 19.835,
      "median": 20,
      "p90": 29,
      "p99": 35
    },
    "M_point":     {
      "count": 2000,
      "weight_sum": 40105,
      "min": 0,
      "max": 25,
      "mean": 10.277,
      "median": 10,
      "p90": 16,
      "p99": 21
    },
    "M_subtree":     {
      "count": 2000,
      "weight_sum": 40105,
      "min": 0,
      "max": 27,
      "mean": 12.7041,
      "median": 13,
      "p90": 19,
      "p99": 24
    },
    "rho":     {
      "count": 2000,
      "weight_sum": 40105,
      "min": 1,
      "max": 4,
      "mean": 1.18308,
      "median": 1.14286,
      "p90": 1.4,
      "p99": 1.85714
    },
    "sigma":     {
      "count": 2000,
      "weight_sum": 40105,
      "min": 0,
      "max": 1,
      "mean": 0.554021,
      "median": 0.551724,
      "p90": 0.7,
      "p99": 0.818182
    },
    "avg_subtree_mass":     {
      "count": 1999,
      "weight_sum": 40098,
      "min": 1,
      "max": 7,
      "mean": 1.38518,
      "median": 1.28571,
      "p90": 1.85714,
      "p99": 3
    }
  },
  "sample": {
    "t": 200000,
    "chunk_size": 2000000,
    "num_chunks": 1,
    "U_t": 2000,
    "G_t": 2000,
    "avg_repeat_global": 100,
    "avg_group_size_exec": 100,
    "samples_per_sec": 6.39533e+06,
    "ns_per_sample": 156.364,
    "checksum": 13667294981155385962,
    "group_size_equal":     {
      "count": 2000,
      "weight_sum": 2000,
      "min": 3,
      "max": 222,
      "mean": 100,
      "median": 98,
      "p90": 153,
      "p99": 195.01
    },
    "group_size_sample_weighted":     {
      "count": 2000,
      "weight_sum": 200000,
      "min": 3,
      "max": 222,
      "mean": 115.853,
      "median": 115,
      "p90": 165,
      "p99": 209
    },
    "K_point_equal":     {
      "count": 2000,
      "weight_sum": 2000,
      "min": 0,
      "max": 129,
      "mean": 44.432,
      "median": 42,
      "p90": 74,
      "p99": 102
    },
    "K_point_sample_weighted":     {
      "count": 2000,
      "weight_sum": 200000,
      "min": 0,
      "max": 129,
      "mean": 51.6379,
      "median": 49,
      "p90": 82,
      "p99": 109
    },
    "K_subtree_equal":     {
      "count": 2000,
      "weight_sum": 2000,
      "min": 0,
      "max": 133,
      "mean": 55.568,
      "median": 53,
      "p90": 90,
      "p99": 120
    },
    "K_subtree_sample_weighted":     {
      "count": 2000,
      "weight_sum": 200000,
      "min": 0,
      "max": 133,