{
  "run_id": "density_d5_N50000_a1_t200000_F1_rep1",
  "network": "density",
  "preset": "TH",
  "family": "F1",
  "dim": 5,
  "N": 50000,
  "alpha_target": 1,
  "alpha_expected_est": 1.01761,
  "pair_intersection_prob_est": 4.07043e-05,
  "coverage": 0.0311311,
  "data_seed": 3179949091532828379,
  "sample_seed": 1662755917788499885,
  "data_rep": 1,
  "materialize_join": false,
  "timing_ms": {
    "T_lift": 1.24416,
    "T_tree": 13.9797,
    "T_build": 15.2241,
    "T_count_query": 384.733,
    "T_left_dist": 1.44954,
    "T_count": 386.183,
    "T_search_scan": 426.158,
    "T_plan_left": 4.99954,
    "T_group": 12.7562,
    "T_decompose": 354.574,
    "T_local_dist": 4.88556,
    "T_emit": 7.69638,
    "T_sample": 392.814
  },
  "build": {
    "tree_height": 16,
    "max_depth": 15,
    "avg_node_depth": 13.6896,
    "node_count": 50000
  },
  "count": {
    "exact_join_size": 101819,
    "alpha_actual": 1.01819,
    "w":     {
      "count": 50000,
      "weight_sum": 50000,
      "min": 0,
      "max": 12,
      "mean": 2.03638,
      "median": 2,
      "p90": 4,
      "p99": 7
    },
    "V_count":     {
      "count": 50000,
      "weight_sum": 50000,
      "min": 39,
      "max": 1533,
      "mean": 310.098,
      "median": 265,
      "p90": 551,
      "p99": 940
    },
    "P_count":     {
      "count": 50000,
      "weight_sum": 50000,
      "min": 19,
      "max": 756,
      "mean": 152.529,
      "median": 130,
      "p90": 272,
      "p99": 466
    },
    "C_count":     {
      "count": 50000,
      "weight_sum": 50000,
      "min": 0,
      "max": 7,
      "mean": 0.70168,
      "median": 0,
      "p90": 2,
      "p99": 3
    },
    "H_count":     {
      "count": 50000,
      "weight_sum": 50000,
      "min": 19,
      "max": 775,
      "mean": 156.868,
      "median": 134,
      "p90": 278,
      "p99": 473
    },
    "S_prune":     {
      "count": 50000,
      "weight_sum": 50000,
      "min": 48467,
      "max": 49961,
      "mean": 49689.9,
      "median": 49735,
      "p90": 49870,
      "p99": 49925
    },
    "S_contain":     {
      "count": 50000,
      "weight_sum": 50000,
      "min": 0,
      "max": 2,
      "mean": 0.03834,
      "median": 0,
      "p90": 0,
      "p99": 1
    },
    "D_count_max":     {
      "count": 50000,
      "weight_sum": 50000,
      "min": 12,
      "max": 15,
      "mean": 14.9832,
      "median": 15,
      "p90": 15,
      "p99": 15
    }
  },
  "search_equal": {
    "V_search":     {
      "count": 50000,
      "weight_sum": 50000,
      "min": 38,
      "max": 1531,
      "mean": 309.397,
      "median": 264,
      "p90": 550,
      "p99": 939
    },
    "P_search":     {
      "count": 50000,
      "weight_sum": 50000,
      "min": 19,
      "max": 756,
      "mean": 152.529,
      "median": 130,
      "p90": 272,
      "p99": 466
    },
    "B_mid":     {
      "count": 50000,
      "weight_sum": 50000,
      "min": 0,
      "max": 10,
      "mean": 1.29636,
      "median": 1,
      "p90": 3,
      "p99": 5
    },
    "B_leaf":     {
      "count": 50000,
      "weight_sum": 50000,
      "min": 0,
      "max": 0,
      "mean": 0,
      "median": 0,
      "p90": 0,
      "p99": 0
    },
    "B_subtree":     {
      "count": 50000,
      "weight_sum": 50000,
      "min": 0,
      "max": 7,
      "mean": 0.70168,
      "median": 0,
      "p90": 2,
      "p99": 3
    },
    "m":     {
      "count": 50000,
      "weight_sum": 50000,
      "min": 0,
      "max": 12,
      "mean": 1.99804,
      "median": 2,
      "p90": 4,
      "p99": 6
    },
    "M_point":     {
      "count": 50000,
      "weight_sum": 50000,
      "min": 0,
      "max": 10,
      "mean": 1.29636,
      "median": 1,
      "p90": 3,
      "p99": 5
    },
    "M_subtree":     {
      "count": 50000,
      "weight_sum": 50000,
      "min": 0,
      "max": 7,
      "mean": 0.74002,
      "median": 0,
      "p90": 2,
      "p99": 4
    },
    "rho":     {
      "count": 41906,
      "weight_sum": 41906,
      "min": 1,
      "max": 3,
      "mean": 1.01951,
      "median": 1,
      "p90": 1,
      "p99": 1.5
    },
    "sigma":     {
      "count": 41906,
      "weight_sum": 41906,
      "min": 0,
      "max": 1,
      "mean": 0.357478,
      "median": 0.333333,
      "p90": 1,
      "p99": 1
    },
    "avg_subtree_mass":     {
      "count": 24568,
      "weight_sum": 24568,
      "min": 1,
      "max": 3,
      "mean": 1.05585,
      "median": 1,
      "p90": 1,
      "p99": 2
    }
  },
  "search_weighted": {
    "V_search":     {
      "count": 41906,
      "weight_sum": 101819,
      "min": 38,
      "max": 1531,
      "mean": 337.647,
      "median": 291,
      "p90": 595,
      "p99": 979
    },
    "P_search":     {
      "count": 41906,
      "weight_sum": 101819,
      "min": 19,
      "max": 756,
      "mean": 165.951,
      "median": 143,
      "p90": 294,
      "p99": 485
    },
    "B_mid":     {
      "count": 41906,
      "weight_sum": 101819,
      "min": 0,
      "max": 10,
      "mean": 2.06691,
      "median": 2,
      "p90": 4,
      "p99": 6
    },
    "B_leaf":     {
      "count": 41906,
      "weight_sum": 101819,
      "min": 0,
      "max": 0,
      "mean": 0,
      "median": 0,
      "p90": 0,
      "p99": 0
    },
    "B_subtree":     {
      "count": 41906,
      "weight_sum": 101819,
      "min": 0,
      "max": 7,
      "mean": 1.12476,
      "median": 1,
      "p90": 2,
      "p99": 4
    },
    "m":     {
      "count": 41906,
      "weight_sum": 101819,
      "min": 1,
      "max": 12,
      "mean": 3.19167,
      "median": 3,
      "p90": 5,
      "p99": 8
    },
    "M_point":     {
      "count": 41906,
      "weight_sum": 101819,
      "min": 0,
      "max": 10,
      "mean": 2.06691,
      "median": 2,
      "p90": 4,
      "p99": 6
    },
    "M_subtree":     {
      "count": 41906,
      "weight_sum": 101819,
      "min": 0,
      "max": 7,
      "mean": 1.20294,
      "median": 1,
      "p90": 3,
      "p99": 5
    },
    "rho":     {
      "count": 41906,
      "weight_sum": 101819,
      "min": 1,
      "max": 3,
      "mean": 1.02714,
      "median": 1,
      "p90": 1,
      "p99": 1.5
    },
    "sigma":     {
      "count": 41906,
      "weight_sum": 101819,
      "min": 0,
      "max": 1,
      "mean": 0.3634,
      "median": 0.333333,
      "p90": 0.833333,
      "p99": 1
    },
    "avg_subtree_mass":     {
      "count": 24568,
      "weight_sum": 70479,
      "min": 1,
      "max": 3,
      "mean": 1.07386,
      "median": 1,
      "p90": 1.33333,
      "p99": 2
    }
  },
  "sample": {
    "t": 200000,
    "chunk_size": 2000000,
    "num_chunks": 1,
    "U_t": 39840,
    "G_t": 39840,
    "avg_repeat_global": 5.02008,
    "avg_group_size_exec": 5.02008,
    "samples_per_sec": 509147,
    "ns_per_sample": 1964.07,
    "checksum": 16850879313939141714,
    "group_size_equal":     {
      "count": 39840,
      "weight_sum": 39840,
      "min": 1,
      "max": 33,
      "mean": 5.02008,
      "median": 4,
      "p90": 10,
      "p99": 16
    },
    "group_size_sample_weighted":     {
      "count": 39840,
      "weight_sum": 200000,
      "min": 1,
      "max": 33,
      "mean": 7.44872,
      "median": 7,
      "p90": 13,
      "p99": 20
    },
    "K_point_equal":     {
      "count": 39840,
      "weight_sum": 39840,
      "min": 0,
      "max": 30,
      "mean": 3.19837,
      "median": 3,
      "p90": 7,
      "p99": 12
    },
    "K_point_sample_weighted":     {
      "count": 39840,
      "weight_sum": 200000,
      "min": 0,
      "max": 30,
      "mean": 4.71939,
      "median": 4,
      "p90": 9,
      "p99": 16
    },
    "K_subtree_equal":     {
      "count": 39840,
      "weight_sum": 39840,
      "min": 0,
      "max": 19,
      "mean": 1.82171,
      "median": 1,
      "p90": 5,
      "p99": 10
    },
    "K_subtree_sample_weighted":     {
      "count": 39840,
      "weight_sum": 200000,
      "min": 0,
      "max": 19,
      "mean": 2.72932,