{
  "run_id": "correctness_d5_N2000_a10_t200000_F1_rep0",
  "network": "correctness",
  "preset": "TH",
  "family": "F1",
  "dim": 5,
  "N": 2000,
  "alpha_target": 10,
  "alpha_expected_est": 9.94423,
  "pair_intersection_prob_est": 0.00994423,
  "coverage": 0.257729,
  "data_seed": 5109491529791594668,
  "sample_seed": 4996691798028951703,
  "data_rep": 0,
  "materialize_join": true,
  "timing_ms": {
    "T_lift": 0.074035,
    "T_tree": 1.05224,
    "T_build": 1.12666,
    "T_count_query": 19.2941,
    "T_left_dist": 0.048674,
    "T_count": 19.343,
    "T_search_scan": 19.4789,
    "T_plan_left": 4.67238,
    "T_group": 13.2705,
    "T_decompose": 19.689,
    "T_local_dist": 0.651164,
    "T_emit": 5.56713,
    "T_sample": 45.576
  },
  "build": {
    "tree_height": 11,
    "max_depth": 10,
    "avg_node_depth": 8.982,
    "node_count": 2000
  },
  "count": {
    "exact_join_size": 39277,
    "alpha_actual": 9.81925,
    "w":     {
      "count": 2000,
      "weight_sum": 2000,
      "min": 0,
      "max": 52,
      "mean": 19.6385,
      "median": 19,
      "p90": 32,
      "p99": 44
    },
    "V_count":     {
      "count": 2000,
      "weight_sum": 2000,
      "min": 73,
      "max": 907,
      "mean": 361.781,
      "median": 332,
      "p90": 602.2,
      "p99": 768.02
    },
    "P_count":     {
      "count": 2000,
      "weight_sum": 2000,
      "min": 37,
      "max": 441,
      "mean": 171.234,
      "median": 157,
      "p90": 288,
      "p99": 369
    },
    "C_count":     {
      "count": 2000,
      "weight_sum": 2000,
      "min": 0,
      "max": 32,
      "mean": 9.244,
      "median": 9,
      "p90": 16,
      "p99": 22
    },
    "H_count":     {
      "count": 2000,
      "weight_sum": 2000,
      "min": 36,
      "max": 454,
      "mean": 181.302,
      "median": 166,
      "p90": 302.1,
      "p99": 385.01
    },
    "S_prune":     {
      "count": 2000,
      "weight_sum": 2000,
      "min": 1093,
      "max": 1927,
      "mean": 1637.77,
      "median": 1668,
      "p90": 1821,
      "p99": 1899.01
    },
    "S_contain":     {
      "count": 2000,
      "weight_sum": 2000,
      "min": 0,
      "max": 7,
      "mean": 0.45,
      "median": 0,
      "p90": 2,
      "p99": 4
    },
    "D_count_max":     {
      "count": 2000,
      "weight_sum": 2000,
      "min": 10,
      "max": 10,
      "mean": 10,
      "median": 10,
      "p90": 10,
      "p99": 10
    }
  },
  "search_equal": {
    "V_search":     {
      "count": 2000,
      "weight_sum": 2000,
      "min": 73,
      "max": 895,
      "mean": 352.536,
      "median": 323.5,
      "p90": 590.1,
      "p99": 753.01
    },
    "P_search":     {
      "count": 2000,
      "weight_sum": 2000,
      "min": 37,
      "max": 441,
      "mean": 171.234,
      "median": 157,
      "p90": 288,
      "p99": 369
    },
    "B_mid":     {
      "count": 2000,
      "weight_sum": 2000,
      "min": 0,
      "max": 32,
      "mean": 9.9445,
      "median": 9,
      "p90": 17,
      "p99": 24
    },
    "B_leaf":     {
      "count": 2000,
      "weight_sum": 2000,
      "min": 0,
      "max": 0,
      "mean": 0,
      "median": 0,
      "p90": 0,
      "p99": 0
    },
    "B_subtree":     {
      "count": 2000,
      "weight_sum": 2000,
      "min": 0,
      "max": 32,
      "mean": 9.244,
      "median": 9,
      "p90": 16,
      "p99": 22
    },
    "m":     {
      "count": 2000,
      "weight_sum": 2000,
      "min": 0,
      "max": 51,
      "mean": 19.1885,
      "median": 19,
      "p90": 31,
      "p99": 42.01
    },
    "M_point":     {
      "count": 2000,
      "weight_sum": 2000,
      "min": 0,
      "max": 32,
      "mean": 9.9445,
      "median": 9,
      "p90": 17,
      "p99": 24
    },
    "M_subtree":     {
      "count": 2000,
      "weight_sum": 2000,
      "min": 0,
      "max": 32,
      "mean": 9.694,
      "median": 9,
      "p90": 17,
      "p99": 23
    },
    "rho":     {
      "count": 1998,
      "weight_sum": 1998,
      "min": 1,
      "max": 1.5,
      "mean": 1.02337,
      "median": 1,
      "p90": 1.09524,
      "p99": 1.22751
    },
    "sigma":     {
      "count": 1998,
      "weight_sum": 1998,
      "min": 0,
      "max": 1,
      "mean": 0.498073,
      "median": 0.5,
      "p90": 0.666667,
      "p99": 0.834048
    },
    "avg_subtree_mass":     {
      "count": 1991,
      "weight_sum": 1991,
      "min": 1,
      "max": 2.33333,
      "mean": 1.04902,
      "median": 1,
      "p90": 1.2,
      "p99": 1.5
    }
  },
  "search_weighted": {
    "V_search":     {
      "count": 1998,
      "weight_sum": 39277,
      "min": 73,
      "max": 895,
      "mean": 397.041,
      "median": 374,
      "p90": 644,
      "p99": 796
    },
    "P_search":     {
      "count": 1998,
      "weight_sum": 39277,
      "min": 37,
      "max": 441,
      "mean": 192.368,
      "median": 182,
      "p90": 313,
      "p99": 390
    },
    "B_mid":     {
      "count": 1998,
      "weight_sum": 39277,
      "min": 0,
      "max": 32,
      "mean": 12.2207,
      "median": 12,
      "p90": 19,
      "p99": 27
    },
    "B_leaf":     {
      "count": 1998,
      "weight_sum": 39277,
      "min": 0,
      "max": 0,
      "mean": 0,
      "median": 0,
      "p90": 0,
      "p99": 0
    },
    "B_subtree":     {
      "count": 1998,
      "weight_sum": 39277,
      "min": 0,
      "max": 32,
      "mean": 11.2348,
      "median": 11,
      "p90": 18,
      "p99": 24
    },
    "m":     {
      "count": 1998,
      "weight_sum": 39277,
      "min": 1,
      "max": 51,
      "mean": 23.4556,
      "median": 23,
      "p90": 35,
      "p99": 48
    },
    "M_point":     {
      "count": 1998,
      "weight_sum": 39277,
      "min": 0,
      "max": 32,
      "mean": 12.2207,
      "median": 12,
      "p90": 19,
      "p99": 27
    },
    "M_subtree":     {
      "count": 1998,
      "weight_sum": 39277,
      "min": 0,
      "max": 32,
      "mean": 11.8145,
      "median": 11,
      "p90": 19,
      "p99": 25
    },
    "rho":     {
      "count": 1998,
      "weight_sum": 39277,
      "min": 1,
      "max": 1.5,
      "mean": 1.02576,
      "median": 1,
      "p90": 1.09524,
      "p99": 1.22222
    },
    "sigma":     {
      "count": 1998,
      "weight_sum": 39277,
      "min": 0,
      "max": 1,
      "mean": 0.493622,
      "median": 0.5,
      "p90": 0.64,
      "p99": 0.772727
    },
    "avg_subtree_mass":     {
      "count": 1991,
      "weight_sum": 39258,
      "min": 1,
      "max": 2.33333,
      "mean": 1.05417,
      "median": 1,
      "p90": 1.2,
      "p99": 1.5
    }
  },
  "sample": {
    "t": 200000,
    "chunk_size": 2000000,
    "num_chunks": 1,
    "U_t": 1998,
    "G_t": 1998,
    "avg_repeat_global": 100.1,
    "avg_group_size_exec": 100.1,
    "samples_per_sec": 4.38828e+06,
    "ns_per_sample": 227.88,
    "checksum": 13407997217242343211,
    "group_size_equal":     {
      "count": 1998,
      "weight_sum": 1998,
      "min": 2,
      "max": 286,
      "mean": 100.1,
      "median": 98,
      "p90": 164,
      "p99": 233.03
    },
    "group_size_sample_weighted":     {
      "count": 1998,
      "weight_sum": 200000,
      "min": 2,
      "max": 286,
      "mean": 123.643,
      "median": 121,
      "p90": 188,
      "p99": 251
    },
    "K_point_equal":     {
      "count": 1998,
      "weight_sum": 1998,
      "min": 0,
      "max": 175,
      "mean": 50.7528,
      "median": 48,
      "p90": 89,
      "p99": 127.06
    },
    "K_point_sample_weighted":     {
      "count": 1998,
      "weight_sum": 200000,
      "min": 0,
      "max": 175,
      "mean": 63.0025,
      "median": 61,
      "p90": 100,
      "p99": 145
    },
    "K_subtree_equal":     {
      "count": 1998,
      "weight_sum": 1998,
      "min": 0,
      "max": 153,
      "mean": 49.3473,
      "median": 46,
      "p90": 84,
      "p99": 127
    },
    "K_subtree_sample_weighted":     {
      "count": 1998,
      "weight_sum": 200000,
      "min": 0,