{
  "run_id": "density_d2_N50000_a0p1_t200000_F1_rep2",
  "network": "density",
  "preset": "TH",
  "family": "F1",
  "dim": 2,
  "N": 50000,
  "alpha_target": 0.1,
  "alpha_expected_est": 0.0998014,
  "pair_intersection_prob_est": 3.99205e-06,
  "coverage": 0.0428628,
  "data_seed": 3388805924232204818,
  "sample_seed": 5413011361984883809,
  "data_rep": 2,
  "materialize_join": false,
  "timing_ms": {
    "T_lift": 0.787077,
    "T_tree": 10.1509,
    "T_build": 10.9382,
    "T_count_query": 17.681,
    "T_left_dist": 0.948389,
    "T_count": 18.6294,
    "T_search_scan": 19.1492,
    "T_plan_left": 4.45357,
    "T_group": 12.957,
    "T_decompose": 4.25149,
    "T_local_dist": 0.719143,
    "T_emit": 4.86985,
    "T_sample": 29.5999
  },
  "build": {
    "tree_height": 16,
    "max_depth": 15,
    "avg_node_depth": 13.6896,
    "node_count": 50000
  },
  "count": {
    "exact_join_size": 9995,
    "alpha_actual": 0.09995,
    "w":     {
      "count": 50000,
      "weight_sum": 50000,
      "min": 0,
      "max": 5,
      "mean": 0.1999,
      "median": 0,
      "p90": 1,
      "p99": 2
    },
    "V_count":     {
      "count": 50000,
      "weight_sum": 50000,
      "min": 15,
      "max": 70,
      "mean": 29.7707,
      "median": 29,
      "p90": 33,
      "p99": 45
    },
    "P_count":     {
      "count": 50000,
      "weight_sum": 50000,
      "min": 8,
      "max": 34,
      "mean": 15.1451,
      "median": 15,
      "p90": 17,
      "p99": 23
    },
    "C_count":     {
      "count": 50000,
      "weight_sum": 50000,
      "min": 0,
      "max": 3,
      "mean": 0.06792,
      "median": 0,
      "p90": 0,
      "p99": 1
    },
    "H_count":     {
      "count": 50000,
      "weight_sum": 50000,
      "min": 7,
      "max": 35,
      "mean": 14.5576,
      "median": 14,
      "p90": 16,
      "p99": 23
    },
    "S_prune":     {
      "count": 50000,
      "weight_sum": 50000,
      "min": 49930,
      "max": 49985,
      "mean": 49970.2,
      "median": 49971,
      "p90": 49973,
      "p99": 49977
    },
    "S_contain":     {
      "count": 50000,
      "weight_sum": 50000,
      "min": 0,
      "max": 2,
      "mean": 0.0042,
      "median": 0,
      "p90": 0,
      "p99": 0
    },
    "D_count_max":     {
      "count": 50000,
      "weight_sum": 50000,
      "min": 7,
      "max": 15,
      "mean": 13.9408,
      "median": 14,
      "p90": 15,
      "p99": 15
    }
  },
  "search_equal": {
    "V_search":     {
      "count": 50000,
      "weight_sum": 50000,
      "min": 15,
      "max": 69,
      "mean": 29.7028,
      "median": 29,
      "p90": 33,
      "p99": 45
    },
    "P_search":     {
      "count": 50000,
      "weight_sum": 50000,
      "min": 8,
      "max": 34,
      "mean": 15.1451,
      "median": 15,
      "p90": 17,
      "p99": 23
    },
    "B_mid":     {
      "count": 50000,
      "weight_sum": 50000,
      "min": 0,
      "max": 4,
      "mean": 0.12778,
      "median": 0,
      "p90": 1,
      "p99": 1
    },
    "B_leaf":     {
      "count": 50000,
      "weight_sum": 50000,
      "min": 0,
      "max": 0,
      "mean": 0,
      "median": 0,
      "p90": 0,
      "p99": 0
    },
    "B_subtree":     {
      "count": 50000,
      "weight_sum": 50000,
      "min": 0,
      "max": 3,
      "mean": 0.06792,
      "median": 0,
      "p90": 0,
      "p99": 1
    },
    "m":     {
      "count": 50000,
      "weight_sum": 50000,
      "min": 0,
      "max": 4,
      "mean": 0.1957,
      "median": 0,
      "p90": 1,
      "p99": 2
    },
    "M_point":     {
      "count": 50000,
      "weight_sum": 50000,
      "min": 0,
      "max": 4,
      "mean": 0.12778,
      "median": 0,
      "p90": 1,
      "p99": 1
    },
    "M_subtree":     {
      "count": 50000,
      "weight_sum": 50000,
      "min": 0,
      "max": 3,
      "mean": 0.07212,
      "median": 0,
      "p90": 0,
      "p99": 1
    },
    "rho":     {
      "count": 9050,
      "weight_sum": 9050,
      "min": 1,
      "max": 3,
      "mean": 1.02113,
      "median": 1,
      "p90": 1,
      "p99": 2
    },
    "sigma":     {
      "count": 9050,
      "weight_sum": 9050,
      "min": 0,
      "max": 1,
      "mean": 0.350665,
      "median": 0,
      "p90": 1,
      "p99": 1
    },
    "avg_subtree_mass":     {
      "count": 3357,
      "weight_sum": 3357,
      "min": 1,
      "max": 3,
      "mean": 1.06166,
      "median": 1,
      "p90": 1,
      "p99": 2
    }
  },
  "search_weighted": {
    "V_search":     {
      "count": 9050,
      "weight_sum": 9995,
      "min": 19,
      "max": 69,
      "mean": 31.0158,
      "median": 30,
      "p90": 36,
      "p99": 48
    },
    "P_search":     {
      "count": 9050,
      "weight_sum": 9995,
      "min": 10,
      "max": 34,
      "mean": 15.4261,
      "median": 15,
      "p90": 18,
      "p99": 24
    },
    "B_mid":     {
      "count": 9050,
      "weight_sum": 9995,
      "min": 0,
      "max": 4,
      "mean": 0.750075,
      "median": 1,
      "p90": 1,
      "p99": 2
    },
    "B_leaf":     {
      "count": 9050,
      "weight_sum": 9995,
      "min": 0,
      "max": 0,
      "mean": 0,
      "median": 0,
      "p90": 0,
      "p99": 0
    },
    "B_subtree":     {
      "count": 9050,
      "weight_sum": 9995,
      "min": 0,
      "max": 3,
      "mean": 0.409505,
      "median": 0,
      "p90": 1,
      "p99": 1
    },
    "m":     {
      "count": 9050,
      "weight_sum": 9995,
      "min": 1,
      "max": 4,
      "mean": 1.15958,
      "median": 1,
      "p90": 2,
      "p99": 3
    },
    "M_point":     {
      "count": 9050,
      "weight_sum": 9995,
      "min": 0,
      "max": 4,
      "mean": 0.750075,
      "median": 1,
      "p90": 1,
      "p99": 2
    },
    "M_subtree":     {
      "count": 9050,
      "weight_sum": 9995,
      "min": 0,
      "max": 3,
      "mean": 0.456028,
      "median": 0,
      "p90": 1,
      "p99": 2
    },
    "rho":     {
      "count": 9050,
      "weight_sum": 9995,
      "min": 1,
      "max": 3,
      "mean": 1.04045,
      "median": 1,
      "p90": 1,
      "p99": 2
    },
    "sigma":     {
      "count": 9050,
      "weight_sum": 9995,
      "min": 0,
      "max": 1,
      "mean": 0.36078,
      "median": 0,
      "p90": 1,
      "p99": 1
    },
    "avg_subtree_mass":     {
      "count": 3357,
      "weight_sum": 4000,
      "min": 1,
      "max": 3,
      "mean": 1.1135,
      "median": 1,
      "p90": 2,
      "p99": 2
    }
  },
  "sample": {
    "t": 200000,
    "chunk_size": 2000000,
    "num_chunks": 1,
    "U_t": 9050,
    "G_t": 9050,
    "avg_repeat_global": 22.0994,
    "avg_group_size_exec": 22.0994,
    "samples_per_sec": 6.75679e+06,
    "ns_per_sample": 147.999,
    "checksum": 4353092541378158758,
    "group_size_equal":     {
      "count": 9050,
      "weight_sum": 9050,
      "min": 5,
      "max": 93,
      "mean": 22.0994,
      "median": 20,
      "p90": 31,
      "p99": 52
    },
    "group_size_sample_weighted":     {
      "count": 9050,
      "weight_sum": 200000,
      "min": 5,
      "max": 93,
      "mean": 25.0699,
      "median": 22,
      "p90": 41,
      "p99": 61
    },
    "K_point_equal":     {
      "count": 9050,
      "weight_sum": 9050,
      "min": 0,
      "max": 93,
      "mean": 14.1322,
      "median": 17,
      "p90": 26,
      "p99": 44
    },
    "K_point_sample_weighted":     {
      "count": 9050,
      "weight_sum": 200000,
      "min": 0,
      "max": 93,
      "mean": 15.61,
      "median": 18,
      "p90": 28,
      "p99": 48
    },
    "K_subtree_equal":     {
      "count": 9050,
      "weight_sum": 9050,
      "min": 0,
      "max": 70,
      "mean": 7.96729,
      "median": 0,
      "p90": 23,
      "p99": 42
    },
    "K_subtree_sample_weighted":     {
      "count": 9050,
      "weight_sum": 200000,
      "min": 0,
      "max": 70,
      "mean": 9.4599,
      "median": 0,
      "p90": 26,
      "p99": 48
    }
  },
  "checks": {
    "count_sum_matches": true,