{
  "run_id": "sample_size_d2_N50000_a10_t200000_F1_rep1",
  "network": "sample_size",
  "preset": "TH",
  "family": "F1",
  "dim": 2,
  "N": 50000,
  "alpha_target": 10,
  "alpha_expected_est": 10.1795,
  "pair_intersection_prob_est": 0.00040718,
  "coverage": 4.34156,
  "data_seed": 63624610085773717,
  "sample_seed": 209180556960493742,
  "data_rep": 1,
  "materialize_join": false,
  "timing_ms": {
    "T_lift": 1.62091,
    "T_tree": 15.2106,
    "T_build": 16.8318,
    "T_count_query": 62.5814,
    "T_left_dist": 1.20128,
    "T_count": 63.7827,
    "T_search_scan": 69.4448,
    "T_plan_left": 4.98687,
    "T_group": 12.7157,
    "T_decompose": 69.3505,
    "T_local_dist": 15.3928,
    "T_emit": 8.19517,
    "T_sample": 118.564
  },
  "build": {
    "tree_height": 16,
    "max_depth": 15,
    "avg_node_depth": 13.6896,
    "node_count": 50000
  },
  "count": {
    "exact_join_size": 1017968,
    "alpha_actual": 10.1797,
    "w":     {
      "count": 50000,
      "weight_sum": 50000,
      "min": 3,
      "max": 63,
      "mean": 20.3594,
      "median": 20,
      "p90": 27,
      "p99": 34
    },
    "V_count":     {
      "count": 50000,
      "weight_sum": 50000,
      "min": 29,
      "max": 210,
      "mean": 87.9941,
      "median": 87,
      "p90": 116,
      "p99": 139
    },
    "P_count":     {
      "count": 50000,
      "weight_sum": 50000,
      "min": 11,
      "max": 80,
      "mean": 35.5846,
      "median": 35,
      "p90": 48,
      "p99": 59
    },
    "C_count":     {
      "count": 50000,
      "weight_sum": 50000,
      "min": 0,
      "max": 21,
      "mean": 6.1082,
      "median": 6,
      "p90": 9,
      "p99": 12
    },
    "H_count":     {
      "count": 50000,
      "weight_sum": 50000,
      "min": 14,
      "max": 113,
      "mean": 46.3013,
      "median": 46,
      "p90": 61,
      "p99": 74
    },
    "S_prune":     {
      "count": 50000,
      "weight_sum": 50000,
      "min": 49773,
      "max": 49967,
      "mean": 49906.2,
      "median": 49907,
      "p90": 49932,
      "p99": 49948
    },
    "S_contain":     {
      "count": 50000,
      "weight_sum": 50000,
      "min": 0,
      "max": 26,
      "mean": 5.81948,
      "median": 5,
      "p90": 10,
      "p99": 15
    },
    "D_count_max":     {
      "count": 50000,
      "weight_sum": 50000,
      "min": 12,
      "max": 15,
      "mean": 14.9983,
      "median": 15,
      "p90": 15,
      "p99": 15
    }
  },
  "search_equal": {
    "V_search":     {
      "count": 50000,
      "weight_sum": 50000,
      "min": 26,
      "max": 190,
      "mean": 81.8859,
      "median": 81,
      "p90": 109,
      "p99": 132
    },
    "P_search":     {
      "count": 50000,
      "weight_sum": 50000,
      "min": 11,
      "max": 80,
      "mean": 35.5846,
      "median": 35,
      "p90": 48,
      "p99": 59
    },
    "B_mid":     {
      "count": 50000,
      "weight_sum": 50000,
      "min": 0,
      "max": 29,
      "mean": 8.43168,
      "median": 8,
      "p90": 12,
      "p99": 16
    },
    "B_leaf":     {
      "count": 50000,
      "weight_sum": 50000,
      "min": 0,
      "max": 0,
      "mean": 0,
      "median": 0,
      "p90": 0,
      "p99": 0
    },
    "B_subtree":     {
      "count": 50000,
      "weight_sum": 50000,
      "min": 0,
      "max": 21,
      "mean": 6.1082,
      "median": 6,
      "p90": 9,
      "p99": 12
    },
    "m":     {
      "count": 50000,
      "weight_sum": 50000,
      "min": 2,
      "max": 46,
      "mean": 14.5399,
      "median": 14,
      "p90": 20,
      "p99": 25
    },
    "M_point":     {
      "count": 50000,
      "weight_sum": 50000,
      "min": 0,
      "max": 29,
      "mean": 8.43168,
      "median": 8,
      "p90": 12,
      "p99": 16
    },
    "M_subtree":     {
      "count": 50000,
      "weight_sum": 50000,
      "min": 0,
      "max": 38,
      "mean": 11.9277,
      "median": 12,
      "p90": 17,
      "p99": 23
    },
    "rho":     {
      "count": 50000,
      "weight_sum": 50000,
      "min": 1,
      "max": 8,
      "mean": 1.43394,
      "median": 1.36842,
      "p90": 1.78571,
      "p99": 2.57143
    },
    "sigma":     {
      "count": 50000,
      "weight_sum": 50000,
      "min": 0,
      "max": 1,
      "mean": 0.58054,
      "median": 0.583333,
      "p90": 0.730769,
      "p99": 0.846154
    },
    "avg_subtree_mass":     {
      "count": 49989,
      "weight_sum": 49989,
      "min": 1,
      "max": 23,
      "mean": 2.04999,
      "median": 1.85714,
      "p90": 2.85714,
      "p99": 4.8
    }
  },
  "search_weighted": {
    "V_search":     {
      "count": 50000,
      "weight_sum": 1.01797e+06,
      "min": 26,
      "max": 190,
      "mean": 83.2722,
      "median": 82,
      "p90": 110,
      "p99": 134
    },
    "P_search":     {
      "count": 50000,
      "weight_sum": 1.01797e+06,
      "min": 11,
      "max": 80,
      "mean": 36.0102,
      "median": 35,
      "p90": 48,
      "p99": 59
    },
    "B_mid":     {
      "count": 50000,
      "weight_sum": 1.01797e+06,
      "min": 0,
      "max": 29,
      "mean": 8.88307,
      "median": 9,
      "p90": 13,
      "p99": 17
    },
    "B_leaf":     {
      "count": 50000,
      "weight_sum": 1.01797e+06,
      "min": 0,
      "max": 0,
      "mean": 0,
      "median": 0,
      "p90": 0,
      "p99": 0
    },
    "B_subtree":     {
      "count": 50000,
      "weight_sum": 1.01797e+06,
      "min": 0,
      "max": 21,
      "mean": 6.45655,
      "median": 6,
      "p90": 9,
      "p99": 12
    },
    "m":     {
      "count": 50000,
      "weight_sum": 1.01797e+06,
      "min": 2,
      "max": 46,
      "mean": 15.3396,
      "median": 15,
      "p90": 20,
      "p99": 27
    },
    "M_point":     {
      "count": 50000,
      "weight_sum": 1.01797e+06,
      "min": 0,
      "max": 29,
      "mean": 8.88307,
      "median": 9,
      "p90": 13,
      "p99": 17
    },
    "M_subtree":     {
      "count": 50000,
      "weight_sum": 1.01797e+06,
      "min": 0,
      "max": 38,
      "mean": 12.8137,
      "median": 12,
      "p90": 18,
      "p99": 24
    },
    "rho":     {
      "count": 50000,
      "weight_sum": 1.01797e+06,
      "min": 1,
      "max": 8,
      "mean": 1.44954,
      "median": 1.38462,
      "p90": 1.8125,
      "p99": 2.5625
    },
    "sigma":     {
      "count": 50000,
      "weight_sum": 1.01797e+06,
      "min": 0,
      "max": 1,
      "mean": 0.585857,
      "median": 0.588235,
      "p90": 0.730769,
      "p99": 0.842105
    },
    "avg_subtree_mass":     {
      "count": 49989,
      "weight_sum": 1.01789e+06,
      "min": 1,
      "max": 23,
      "mean": 2.08526,
      "median": 1.90909,
      "p90": 3,
      "p99": 4.75
    }
  },
  "sample": {
    "t": 200000,
    "chunk_size": 2000000,
    "num_chunks": 1,
    "U_t": 48587,
    "G_t": 48587,
    "avg_repeat_global": 4.11633,
    "avg_group_size_exec": 4.11633,
    "samples_per_sec": 1.68686e+06,
    "ns_per_sample": 592.819,
    "checksum": 9202416209654823448,
    "group_size_equal":     {
      "count": 48587,
      "weight_sum": 48587,
      "min": 1,
      "max": 17,
      "mean": 4.11633,
      "median": 4,
      "p90": 7,
      "p99": 10
    },
    "group_size_sample_weighted":     {
      "count": 48587,
      "weight_sum": 200000,
      "min": 1,
      "max": 17,
      "mean": 5.255,
      "median": 5,
      "p90": 8,
      "p99": 11
    },
    "K_point_equal":     {
      "count": 48587,
      "weight_sum": 48587,
      "min": 0,
      "max": 10,
      "mean": 1.71375,
      "median": 1,
      "p90": 4,
      "p99": 6
    },
    "K_point_sample_weighted":     {
      "count": 48587,
      "weight_sum": 200000,
      "min": 0,
      "max": 10,
      "mean": 2.16719,
      "median": 2,
      "p90": 4,
      "p99": 7
    },
    "K_subtree_equal":     {
      "count": 48587,
      "weight_sum": 48587,
      "min": 0,
      "max": 14,
      "mean": 2.40258,
      "median": 2,
      "p90": 5,
      "p99": 7
    },