{
  "run_id": "input_size_d4_N10000_a10_t200000_F0_rep0",
  "network": "input_size",
  "preset": "TH",
  "family": "F0",
  "dim": 4,
  "N": 10000,
  "alpha_target": 10,
  "alpha_expected_est": 9.91552,
  "pair_intersection_prob_est": 0.0019831,
  "coverage": 1.02111,
  "data_seed": 9206692519260740095,
  "sample_seed": 8330394876896064184,
  "data_rep": 0,
  "materialize_join": false,
  "timing_ms": {
    "T_lift": 0.260179,
    "T_tree": 2.24935,
    "T_build": 2.50975,
    "T_count_query": 28.3732,
    "T_left_dist": 0.209166,
    "T_count": 28.5825,
    "T_search_scan": 31.8875,
    "T_plan_left": 4.71121,
    "T_group": 12.8766,
    "T_decompose": 32.4539,
    "T_local_dist": 3.38239,
    "T_emit": 6.12286,
    "T_sample": 62.7671
  },
  "build": {
    "tree_height": 14,
    "max_depth": 13,
    "avg_node_depth": 11.3631,
    "node_count": 10000
  },
  "count": {
    "exact_join_size": 199355,
    "alpha_actual": 9.96775,
    "w":     {
      "count": 10000,
      "weight_sum": 10000,
      "min": 1,
      "max": 46,
      "mean": 19.9355,
      "median": 20,
      "p90": 29,
      "p99": 36
    },
    "V_count":     {
      "count": 10000,
      "weight_sum": 10000,
      "min": 25,
      "max": 377,
      "mean": 135.77,
      "median": 127,
      "p90": 219,
      "p99": 288
    },
    "P_count":     {
      "count": 10000,
      "weight_sum": 10000,
      "min": 9,
      "max": 171,
      "mean": 58.0368,
      "median": 54,
      "p90": 96,
      "p99": 129
    },
    "C_count":     {
      "count": 10000,
      "weight_sum": 10000,
      "min": 0,
      "max": 21,
      "mean": 7.5789,
      "median": 7,
      "p90": 12,
      "p99": 16
    },
    "H_count":     {
      "count": 10000,
      "weight_sum": 10000,
      "min": 12,
      "max": 193,
      "mean": 70.1541,
      "median": 66,
      "p90": 113,
      "p99": 148.01
    },
    "S_prune":     {
      "count": 10000,
      "weight_sum": 10000,
      "min": 9620,
      "max": 9974,
      "mean": 9861.65,
      "median": 9870,
      "p90": 9929,
      "p99": 9956
    },
    "S_contain":     {
      "count": 10000,
      "weight_sum": 10000,
      "min": 0,
      "max": 18,
      "mean": 2.5772,
      "median": 2,
      "p90": 6,
      "p99": 10
    },
    "D_count_max":     {
      "count": 10000,
      "weight_sum": 10000,
      "min": 11,
      "max": 13,
      "mean": 12.9875,
      "median": 13,
      "p90": 13,
      "p99": 13
    }
  },
  "search_equal": {
    "V_search":     {
      "count": 10000,
      "weight_sum": 10000,
      "min": 23,
      "max": 364,
      "mean": 128.191,
      "median": 120,
      "p90": 209,
      "p99": 276.01
    },
    "P_search":     {
      "count": 10000,
      "weight_sum": 10000,
      "min": 9,
      "max": 171,
      "mean": 58.0368,
      "median": 54,
      "p90": 96,
      "p99": 129
    },
    "B_mid":     {
      "count": 10000,
      "weight_sum": 10000,
      "min": 0,
      "max": 27,
      "mean": 9.7794,
      "median": 10,
      "p90": 15,
      "p99": 19
    },
    "B_leaf":     {
      "count": 10000,
      "weight_sum": 10000,
      "min": 0,
      "max": 0,
      "mean": 0,
      "median": 0,
      "p90": 0,
      "p99": 0
    },
    "B_subtree":     {
      "count": 10000,
      "weight_sum": 10000,
      "min": 0,
      "max": 21,
      "mean": 7.5789,
      "median": 7,
      "p90": 12,
      "p99": 16
    },
    "m":     {
      "count": 10000,
      "weight_sum": 10000,
      "min": 1,
      "max": 42,
      "mean": 17.3583,
      "median": 17,
      "p90": 25,
      "p99": 31
    },
    "M_point":     {
      "count": 10000,
      "weight_sum": 10000,
      "min": 0,
      "max": 27,
      "mean": 9.7794,
      "median": 10,
      "p90": 15,
      "p99": 19
    },
    "M_subtree":     {
      "count": 10000,
      "weight_sum": 10000,
      "min": 0,
      "max": 32,
      "mean": 10.1561,
      "median": 10,
      "p90": 16,
      "p99": 21
    },
    "rho":     {
      "count": 10000,
      "weight_sum": 10000,
      "min": 1,
      "max": 9,
      "mean": 1.16168,
      "median": 1.125,
      "p90": 1.35294,
      "p99": 1.70597
    },
    "sigma":     {
      "count": 10000,
      "weight_sum": 10000,
      "min": 0,
      "max": 1,
      "mean": 0.506326,
      "median": 0.5,
      "p90": 0.666667,
      "p99": 0.8
    },
    "avg_subtree_mass":     {
      "count": 9985,
      "weight_sum": 9985,
      "min": 1,
      "max": 9,
      "mean": 1.37416,
      "median": 1.3,
      "p90": 1.8,
      "p99": 2.6
    }
  },
  "search_weighted": {
    "V_search":     {
      "count": 10000,
      "weight_sum": 199355,
      "min": 23,
      "max": 364,
      "mean": 138.169,
      "median": 131,
      "p90": 218,
      "p99": 282
    },
    "P_search":     {
      "count": 10000,
      "weight_sum": 199355,
      "min": 9,
      "max": 171,
      "mean": 62.2843,
      "median": 59,
      "p90": 100,
      "p99": 132
    },
    "B_mid":     {
      "count": 10000,
      "weight_sum": 199355,
      "min": 0,
      "max": 27,
      "mean": 10.898,
      "median": 11,
      "p90": 16,
      "p99": 20
    },
    "B_leaf":     {
      "count": 10000,
      "weight_sum": 199355,
      "min": 0,
      "max": 0,
      "mean": 0,
      "median": 0,
      "p90": 0,
      "p99": 0
    },
    "B_subtree":     {
      "count": 10000,
      "weight_sum": 199355,
      "min": 0,
      "max": 21,
      "mean": 8.49917,
      "median": 8,
      "p90": 13,
      "p99": 16
    },
    "m":     {
      "count": 10000,
      "weight_sum": 199355,
      "min": 1,
      "max": 42,
      "mean": 19.3971,
      "median": 20,
      "p90": 27,
      "p99": 32
    },
    "M_point":     {
      "count": 10000,
      "weight_sum": 199355,
      "min": 0,
      "max": 27,
      "mean": 10.898,
      "median": 11,
      "p90": 16,
      "p99": 20
    },
    "M_subtree":     {
      "count": 10000,
      "weight_sum": 199355,
      "min": 0,
      "max": 32,
      "mean": 11.4621,
      "median": 11,
      "p90": 17,
      "p99": 22
    },
    "rho":     {
      "count": 10000,
      "weight_sum": 199355,
      "min": 1,
      "max": 9,
      "mean": 1.16539,
      "median": 1.13636,
      "p90": 1.35,
      "p99": 1.66667
    },
    "sigma":     {
      "count": 10000,
      "weight_sum": 199355,
      "min": 0,
      "max": 1,
      "mean": 0.509448,
      "median": 0.5,
      "p90": 0.65,
      "p99": 0.777778
    },
    "avg_subtree_mass":     {
      "count": 9985,
      "weight_sum": 199280,
      "min": 1,
      "max": 9,
      "mean": 1.38198,
      "median": 1.30769,
      "p90": 1.8,
      "p99": 2.5
    }
  },
  "sample": {
    "t": 200000,
    "chunk_size": 2000000,
    "num_chunks": 1,
    "U_t": 9995,
    "G_t": 9995,
    "avg_repeat_global": 20.01,
    "avg_group_size_exec": 20.01,
    "samples_per_sec": 3.18638e+06,
    "ns_per_sample": 313.836,
    "checksum": 6369137383816212578,
    "group_size_equal":     {
      "count": 9995,
      "weight_sum": 9995,
      "min": 1,
      "max": 56,
      "mean": 20.01,
      "median": 20,
      "p90": 31,
      "p99": 40
    },
    "group_size_sample_weighted":     {
      "count": 9995,
      "weight_sum": 200000,
      "min": 1,
      "max": 56,
      "mean": 23.4357,
      "median": 23,
      "p90": 34,
      "p99": 44
    },
    "K_point_equal":     {
      "count": 9995,
      "weight_sum": 9995,
      "min": 0,
      "max": 35,
      "mean": 9.78209,
      "median": 9,
      "p90": 16,
      "p99": 23
    },
    "K_point_sample_weighted":     {
      "count": 9995,
      "weight_sum": 200000,
      "min": 0,
      "max": 35,
      "mean": 11.3757,
      "median": 11,
      "p90": 18,
      "p99": 24
    },
    "K_subtree_equal":     {
      "count": 9995,
      "weight_sum": 9995,
      "min": 0,
      "max": 38,
      "mean": 10.2279,
      "median": 10,
      "p90": 17,
      "p99": 25
    },
    "K_subtree_sample_weighted":     {
      "count": 9995,
      "weight_sum": 200000,