{
  "run_id": "correctness_d3_N2000_a100_t200000_F1_rep0",
  "network": "correctness",
  "preset": "TH",
  "family": "F1",
  "dim": 3,
  "N": 2000,
  "alpha_target": 100,
  "alpha_expected_est": 98.7477,
  "pair_intersection_prob_est": 0.0987477,
  "coverage": 15.0358,
  "data_seed": 366577625734713464,
  "sample_seed": 8122919493488014592,
  "data_rep": 0,
  "materialize_join": true,
  "timing_ms": {
    "T_lift": 0.056394,
    "T_tree": 0.888495,
    "T_build": 0.945239,
    "T_count_query": 18.4206,
    "T_left_dist": 0.044823,
    "T_count": 18.4655,
    "T_search_scan": 18.8073,
    "T_plan_left": 4.59696,
    "T_group": 12.9526,
    "T_decompose": 19.2343,
    "T_local_dist": 4.7153,
    "T_emit": 6.01323,
    "T_sample": 49.2818
  },
  "build": {
    "tree_height": 11,
    "max_depth": 10,
    "avg_node_depth": 8.982,
    "node_count": 2000
  },
  "count": {
    "exact_join_size": 393214,
    "alpha_actual": 98.3035,
    "w":     {
      "count": 2000,
      "weight_sum": 2000,
      "min": 38,
      "max": 447,
      "mean": 196.607,
      "median": 199.5,
      "p90": 278.1,
      "p99": 334
    },
    "V_count":     {
      "count": 2000,
      "weight_sum": 2000,
      "min": 132,
      "max": 957,
      "mean": 500.491,
      "median": 481,
      "p90": 730.1,
      "p99": 858
    },
    "P_count":     {
      "count": 2000,
      "weight_sum": 2000,
      "min": 39,
      "max": 350,
      "mean": 178.423,
      "median": 169,
      "p90": 265,
      "p99": 309
    },
    "C_count":     {
      "count": 2000,
      "weight_sum": 2000,
      "min": 14,
      "max": 174,
      "mean": 70.271,
      "median": 70,
      "p90": 100,
      "p99": 126.02
    },
    "H_count":     {
      "count": 2000,
      "weight_sum": 2000,
      "min": 66,
      "max": 482,
      "mean": 251.797,
      "median": 242,
      "p90": 368,
      "p99": 433
    },
    "S_prune":     {
      "count": 2000,
      "weight_sum": 2000,
      "min": 966,
      "max": 1853,
      "mean": 1445.23,
      "median": 1463,
      "p90": 1679,
      "p99": 1781.01
    },
    "S_contain":     {
      "count": 2000,
      "weight_sum": 2000,
      "min": 3,
      "max": 155,
      "mean": 54.283,
      "median": 53,
      "p90": 82,
      "p99": 120.01
    },
    "D_count_max":     {
      "count": 2000,
      "weight_sum": 2000,
      "min": 10,
      "max": 10,
      "mean": 10,
      "median": 10,
      "p90": 10,
      "p99": 10
    }
  },
  "search_equal": {
    "V_search":     {
      "count": 2000,
      "weight_sum": 2000,
      "min": 110,
      "max": 811,
      "mean": 430.22,
      "median": 412,
      "p90": 633,
      "p99": 743.02
    },
    "P_search":     {
      "count": 2000,
      "weight_sum": 2000,
      "min": 39,
      "max": 350,
      "mean": 178.423,
      "median": 169,
      "p90": 265,
      "p99": 309
    },
    "B_mid":     {
      "count": 2000,
      "weight_sum": 2000,
      "min": 14,
      "max": 179,
      "mean": 72.053,
      "median": 71,
      "p90": 106,
      "p99": 134
    },
    "B_leaf":     {
      "count": 2000,
      "weight_sum": 2000,
      "min": 0,
      "max": 0,
      "mean": 0,
      "median": 0,
      "p90": 0,
      "p99": 0
    },
    "B_subtree":     {
      "count": 2000,
      "weight_sum": 2000,
      "min": 14,
      "max": 174,
      "mean": 70.271,
      "median": 70,
      "p90": 100,
      "p99": 126.02
    },
    "m":     {
      "count": 2000,
      "weight_sum": 2000,
      "min": 30,
      "max": 353,
      "mean": 142.324,
      "median": 141,
      "p90": 206,
      "p99": 258
    },
    "M_point":     {
      "count": 2000,
      "weight_sum": 2000,
      "min": 14,
      "max": 179,
      "mean": 72.053,
      "median": 71,
      "p90": 106,
      "p99": 134
    },
    "M_subtree":     {
      "count": 2000,
      "weight_sum": 2000,
      "min": 22,
      "max": 268,
      "mean": 124.554,
      "median": 126,
      "p90": 177,
      "p99": 221
    },
    "rho":     {
      "count": 2000,
      "weight_sum": 2000,
      "min": 1.0566,
      "max": 2.45455,
      "mean": 1.39583,
      "median": 1.36195,
      "p90": 1.6,
      "p99": 1.91668
    },
    "sigma":     {
      "count": 2000,
      "weight_sum": 2000,
      "min": 0.461538,
      "max": 0.826316,
      "mean": 0.633997,
      "median": 0.631579,
      "p90": 0.7,
      "p99": 0.754605
    },
    "avg_subtree_mass":     {
      "count": 2000,
      "weight_sum": 2000,
      "min": 1.10526,
      "max": 3.71698,
      "mean": 1.79764,
      "median": 1.73438,
      "p90": 2.18966,
      "p99": 2.80004
    }
  },
  "search_weighted": {
    "V_search":     {
      "count": 2000,
      "weight_sum": 393214,
      "min": 110,
      "max": 811,
      "mean": 467.274,
      "median": 472,
      "p90": 653,
      "p99": 765
    },
    "P_search":     {
      "count": 2000,
      "weight_sum": 393214,
      "min": 39,
      "max": 350,
      "mean": 192.966,
      "median": 196,
      "p90": 273,
      "p99": 317
    },
    "B_mid":     {
      "count": 2000,
      "weight_sum": 393214,
      "min": 14,
      "max": 179,
      "mean": 80.0284,
      "median": 80,
      "p90": 113,
      "p99": 142
    },
    "B_leaf":     {
      "count": 2000,
      "weight_sum": 393214,
      "min": 0,
      "max": 0,
      "mean": 0,
      "median": 0,
      "p90": 0,
      "p99": 0
    },
    "B_subtree":     {
      "count": 2000,
      "weight_sum": 393214,
      "min": 14,
      "max": 174,
      "mean": 77.8131,
      "median": 78,
      "p90": 107,
      "p99": 134
    },
    "m":     {
      "count": 2000,
      "weight_sum": 393214,
      "min": 30,
      "max": 353,
      "mean": 157.841,
      "median": 159,
      "p90": 218,
      "p99": 269
    },
    "M_point":     {
      "count": 2000,
      "weight_sum": 393214,
      "min": 14,
      "max": 179,
      "mean": 80.0284,
      "median": 80,
      "p90": 113,
      "p99": 142
    },
    "M_subtree":     {
      "count": 2000,
      "weight_sum": 393214,
      "min": 22,
      "max": 268,
      "mean": 137.745,
      "median": 139,
      "p90": 189,
      "p99": 229
    },
    "rho":     {
      "count": 2000,
      "weight_sum": 393214,
      "min": 1.0566,
      "max": 2.45455,
      "mean": 1.39647,
      "median": 1.35948,
      "p90": 1.6,
      "p99": 1.91667
    },
    "sigma":     {
      "count": 2000,
      "weight_sum": 393214,
      "min": 0.461538,
      "max": 0.826316,
      "mean": 0.633518,
      "median": 0.630081,
      "p90": 0.699324,
      "p99": 0.754967
    },
    "avg_subtree_mass":     {
      "count": 2000,
      "weight_sum": 393214,
      "min": 1.10526,
      "max": 3.71698,
      "mean": 1.79923,
      "median": 1.73171,
      "p90": 2.18841,
      "p99": 2.77586
    }
  },
  "sample": {
    "t": 200000,
    "chunk_size": 2000000,
    "num_chunks": 1,
    "U_t": 2000,
    "G_t": 2000,
    "avg_repeat_global": 100,
    "avg_group_size_exec": 100,
    "samples_per_sec": 4.05829e+06,
    "ns_per_sample": 246.409,
    "checksum": 11884591720656925798,
    "group_size_equal":     {
      "count": 2000,
      "weight_sum": 2000,
      "min": 11,
      "max": 257,
      "mean": 100,
      "median": 100,
      "p90": 143,
      "p99": 180.01
    },
    "group_size_sample_weighted":     {
      "count": 2000,
      "weight_sum": 200000,
      "min": 11,
      "max": 257,
      "mean": 111.744,
      "median": 112,
      "p90": 154,
      "p99": 194
    },
    "K_point_equal":     {
      "count": 2000,
      "weight_sum": 2000,
      "min": 3,
      "max": 118,
      "mean": 36.7695,
      "median": 36,
      "p90": 56,
      "p99": 73.01
    },
    "K_point_sample_weighted":     {
      "count": 2000,
      "weight_sum": 200000,
      "min": 3,
      "max": 118,
      "mean": 41.1768,
      "median": 41,
      "p90": 60,
      "p99": 79
    },
    "K_subtree_equal":     {
      "count": 2000,
      "weight_sum": 2000,
      "min": 7,
      "max": 141,
      "mean": 63.2305,