{
  "run_id": "input_size_d2_N100000_a10_t200000_F0_rep0",
  "network": "input_size",
  "preset": "TH",
  "family": "F0",
  "dim": 2,
  "N": 100000,
  "alpha_target": 10,
  "alpha_expected_est": 10.0708,
  "pair_intersection_prob_est": 0.000201417,
  "coverage": 5,
  "data_seed": 350492956203575419,
  "sample_seed": 5351333654795928418,
  "data_rep": 0,
  "materialize_join": false,
  "timing_ms": {
    "T_lift": 1.50035,
    "T_tree": 20.2332,
    "T_build": 21.7338,
    "T_count_query": 88.1434,
    "T_left_dist": 2.37722,
    "T_count": 90.5206,
    "T_search_scan": 95.8259,
    "T_plan_left": 5.84454,
    "T_group": 12.0469,
    "T_decompose": 84.8603,
    "T_local_dist": 23.9303,
    "T_emit": 10.6931,
    "T_sample": 150.171
  },
  "build": {
    "tree_height": 17,
    "max_depth": 16,
    "avg_node_depth": 14.6895,
    "node_count": 100000
  },
  "count": {
    "exact_join_size": 2013319,
    "alpha_actual": 10.0666,
    "w":     {
      "count": 100000,
      "weight_sum": 100000,
      "min": 3,
      "max": 40,
      "mean": 20.1332,
      "median": 20,
      "p90": 26,
      "p99": 31
    },
    "V_count":     {
      "count": 100000,
      "weight_sum": 100000,
      "min": 25,
      "max": 129,
      "mean": 63.6698,
      "median": 63,
      "p90": 80,
      "p99": 97
    },
    "P_count":     {
      "count": 100000,
      "weight_sum": 100000,
      "min": 12,
      "max": 58,
      "mean": 25.3373,
      "median": 25,
      "p90": 33,
      "p99": 41
    },
    "C_count":     {
      "count": 100000,
      "weight_sum": 100000,
      "min": 0,
      "max": 13,
      "mean": 5.30496,
      "median": 5,
      "p90": 7,
      "p99": 9
    },
    "H_count":     {
      "count": 100000,
      "weight_sum": 100000,
      "min": 12,
      "max": 67,
      "mean": 33.0275,
      "median": 33,
      "p90": 41,
      "p99": 50
    },
    "S_prune":     {
      "count": 100000,
      "weight_sum": 100000,
      "min": 99860,
      "max": 99967,
      "mean": 99928.4,
      "median": 99929,
      "p90": 99945,
      "p99": 99955
    },
    "S_contain":     {
      "count": 100000,
      "weight_sum": 100000,
      "min": 0,
      "max": 31,
      "mean": 7.92698,
      "median": 7,
      "p90": 12,
      "p99": 17
    },
    "D_count_max":     {
      "count": 100000,
      "weight_sum": 100000,
      "min": 12,
      "max": 16,
      "mean": 15.9833,
      "median": 16,
      "p90": 16,
      "p99": 16
    }
  },
  "search_equal": {
    "V_search":     {
      "count": 100000,
      "weight_sum": 100000,
      "min": 24,
      "max": 125,
      "mean": 58.3648,
      "median": 58,
      "p90": 74,
      "p99": 91
    },
    "P_search":     {
      "count": 100000,
      "weight_sum": 100000,
      "min": 12,
      "max": 58,
      "mean": 25.3373,
      "median": 25,
      "p90": 33,
      "p99": 41
    },
    "B_mid":     {
      "count": 100000,
      "weight_sum": 100000,
      "min": 0,
      "max": 17,
      "mean": 6.90125,
      "median": 7,
      "p90": 10,
      "p99": 13
    },
    "B_leaf":     {
      "count": 100000,
      "weight_sum": 100000,
      "min": 0,
      "max": 0,
      "mean": 0,
      "median": 0,
      "p90": 0,
      "p99": 0
    },
    "B_subtree":     {
      "count": 100000,
      "weight_sum": 100000,
      "min": 0,
      "max": 13,
      "mean": 5.30496,
      "median": 5,
      "p90": 7,
      "p99": 9
    },
    "m":     {
      "count": 100000,
      "weight_sum": 100000,
      "min": 1,
      "max": 27,
      "mean": 12.2062,
      "median": 12,
      "p90": 16,
      "p99": 20
    },
    "M_point":     {
      "count": 100000,
      "weight_sum": 100000,
      "min": 0,
      "max": 17,
      "mean": 6.90125,
      "median": 7,
      "p90": 10,
      "p99": 13
    },
    "M_subtree":     {
      "count": 100000,
      "weight_sum": 100000,
      "min": 0,
      "max": 36,
      "mean": 13.2319,
      "median": 13,
      "p90": 18,
      "p99": 24
    },
    "rho":     {
      "count": 100000,
      "weight_sum": 100000,
      "min": 1,
      "max": 24,
      "mean": 1.70956,
      "median": 1.6,
      "p90": 2.2,
      "p99": 3.28571
    },
    "sigma":     {
      "count": 100000,
      "weight_sum": 100000,
      "min": 0,
      "max": 1,
      "mean": 0.65243,
      "median": 0.652174,
      "p90": 0.785714,
      "p99": 0.894737
    },
    "avg_subtree_mass":     {
      "count": 99997,
      "weight_sum": 99997,
      "min": 1,
      "max": 24,
      "mean": 2.63748,
      "median": 2.4,
      "p90": 3.66667,
      "p99": 6
    }
  },
  "search_weighted": {
    "V_search":     {
      "count": 100000,
      "weight_sum": 2.01332e+06,
      "min": 24,
      "max": 125,
      "mean": 58.856,
      "median": 58,
      "p90": 74,
      "p99": 91
    },
    "P_search":     {
      "count": 100000,
      "weight_sum": 2.01332e+06,
      "min": 12,
      "max": 58,
      "mean": 25.4408,
      "median": 25,
      "p90": 33,
      "p99": 41
    },
    "B_mid":     {
      "count": 100000,
      "weight_sum": 2.01332e+06,
      "min": 0,
      "max": 17,
      "mean": 7.17264,
      "median": 7,
      "p90": 10,
      "p99": 13
    },
    "B_leaf":     {
      "count": 100000,
      "weight_sum": 2.01332e+06,
      "min": 0,
      "max": 0,
      "mean": 0,
      "median": 0,
      "p90": 0,
      "p99": 0
    },
    "B_subtree":     {
      "count": 100000,
      "weight_sum": 2.01332e+06,
      "min": 0,
      "max": 13,
      "mean": 5.51871,
      "median": 5,
      "p90": 8,
      "p99": 9
    },
    "m":     {
      "count": 100000,
      "weight_sum": 2.01332e+06,
      "min": 1,
      "max": 27,
      "mean": 12.6913,
      "median": 13,
      "p90": 17,
      "p99": 20
    },
    "M_point":     {
      "count": 100000,
      "weight_sum": 2.01332e+06,
      "min": 0,
      "max": 17,
      "mean": 7.17264,
      "median": 7,
      "p90": 10,
      "p99": 13
    },
    "M_subtree":     {
      "count": 100000,
      "weight_sum": 2.01332e+06,
      "min": 0,
      "max": 36,
      "mean": 14.025,
      "median": 14,
      "p90": 19,
      "p99": 24
    },
    "rho":     {
      "count": 100000,
      "weight_sum": 2.01332e+06,
      "min": 1,
      "max": 24,
      "mean": 1.73391,
      "median": 1.61538,
      "p90": 2.22222,
      "p99": 3.33333
    },
    "sigma":     {
      "count": 100000,
      "weight_sum": 2.01332e+06,
      "min": 0,
      "max": 1,
      "mean": 0.65722,
      "median": 0.666667,
      "p90": 0.789474,
      "p99": 0.888889
    },
    "avg_subtree_mass":     {
      "count": 99997,
      "weight_sum": 2.0133e+06,
      "min": 1,
      "max": 24,
      "mean": 2.69275,
      "median": 2.42857,
      "p90": 3.8,
      "p99": 6.33333
    }
  },
  "sample": {
    "t": 200000,
    "chunk_size": 2000000,
    "num_chunks": 1,
    "U_t": 84973,
    "G_t": 84973,
    "avg_repeat_global": 2.35369,
    "avg_group_size_exec": 2.35369,
    "samples_per_sec": 1.33181e+06,
    "ns_per_sample": 750.857,
    "checksum": 6979122015016482024,
    "group_size_equal":     {
      "count": 84973,
      "weight_sum": 84973,
      "min": 1,
      "max": 11,
      "mean": 2.35369,
      "median": 2,
      "p90": 4,
      "p99": 6
    },
    "group_size_sample_weighted":     {
      "count": 84973,
      "weight_sum": 200000,
      "min": 1,
      "max": 11,
      "mean": 3.10931,
      "median": 3,
      "p90": 5,
      "p99": 7
    },
    "K_point_equal":     {
      "count": 84973,
      "weight_sum": 84973,
      "min": 0,
      "max": 7,
      "mean": 0.808951,
      "median": 1,
      "p90": 2,
      "p99": 3
    },
    "K_point_sample_weighted":     {
      "count": 84973,
      "weight_sum": 200000,
      "min": 0,
      "max": 7,
      "mean": 1.06229,
      "median": 1,
      "p90": 2,
      "p99": 4
    },
    "K_subtree_equal":     {
      "count": 84973,
      "weight_sum": 84973,
      "min": 0,
      "max": 10,
      "mean": 1.54474,
      "median": 1,
      "p90": 3,