{
  "run_id": "density_d5_N50000_a1_t200000_F1_rep0",
  "network": "density",
  "preset": "TH",
  "family": "F1",
  "dim": 5,
  "N": 50000,
  "alpha_target": 1,
  "alpha_expected_est": 1.01629,
  "pair_intersection_prob_est": 4.06515e-05,
  "coverage": 0.0311311,
  "data_seed": 4554307625181950602,
  "sample_seed": 5812729934032841022,
  "data_rep": 0,
  "materialize_join": false,
  "timing_ms": {
    "T_lift": 1.27417,
    "T_tree": 13.736,
    "T_build": 15.0104,
    "T_count_query": 390.092,
    "T_left_dist": 1.06245,
    "T_count": 391.154,
    "T_search_scan": 435.284,
    "T_plan_left": 4.97488,
    "T_group": 12.6687,
    "T_decompose": 360.016,
    "T_local_dist": 4.84653,
    "T_emit": 7.89256,
    "T_sample": 398.61
  },
  "build": {
    "tree_height": 16,
    "max_depth": 15,
    "avg_node_depth": 13.6896,
    "node_count": 50000
  },
  "count": {
    "exact_join_size": 101787,
    "alpha_actual": 1.01787,
    "w":     {
      "count": 50000,
      "weight_sum": 50000,
      "min": 0,
      "max": 14,
      "mean": 2.03574,
      "median": 2,
      "p90": 4,
      "p99": 7
    },
    "V_count":     {
      "count": 50000,
      "weight_sum": 50000,
      "min": 37,
      "max": 1951,
      "mean": 316.654,
      "median": 270,
      "p90": 561,
      "p99": 956.01
    },
    "P_count":     {
      "count": 50000,
      "weight_sum": 50000,
      "min": 19,
      "max": 968,
      "mean": 155.789,
      "median": 133,
      "p90": 277,
      "p99": 475
    },
    "C_count":     {
      "count": 50000,
      "weight_sum": 50000,
      "min": 0,
      "max": 7,
      "mean": 0.70502,
      "median": 0,
      "p90": 2,
      "p99": 3
    },
    "H_count":     {
      "count": 50000,
      "weight_sum": 50000,
      "min": 18,
      "max": 981,
      "mean": 160.16,
      "median": 137,
      "p90": 283,
      "p99": 483
    },
    "S_prune":     {
      "count": 50000,
      "weight_sum": 50000,
      "min": 48049,
      "max": 49963,
      "mean": 49683.3,
      "median": 49730,
      "p90": 49866,
      "p99": 49920
    },
    "S_contain":     {
      "count": 50000,
      "weight_sum": 50000,
      "min": 0,
      "max": 4,
      "mean": 0.03848,
      "median": 0,
      "p90": 0,
      "p99": 1
    },
    "D_count_max":     {
      "count": 50000,
      "weight_sum": 50000,
      "min": 11,
      "max": 15,
      "mean": 14.9847,
      "median": 15,
      "p90": 15,
      "p99": 15
    }
  },
  "search_equal": {
    "V_search":     {
      "count": 50000,
      "weight_sum": 50000,
      "min": 37,
      "max": 1949,
      "mean": 315.949,
      "median": 270,
      "p90": 560,
      "p99": 956
    },
    "P_search":     {
      "count": 50000,
      "weight_sum": 50000,
      "min": 19,
      "max": 968,
      "mean": 155.789,
      "median": 133,
      "p90": 277,
      "p99": 475
    },
    "B_mid":     {
      "count": 50000,
      "weight_sum": 50000,
      "min": 0,
      "max": 10,
      "mean": 1.29224,
      "median": 1,
      "p90": 3,
      "p99": 5
    },
    "B_leaf":     {
      "count": 50000,
      "weight_sum": 50000,
      "min": 0,
      "max": 0,
      "mean": 0,
      "median": 0,
      "p90": 0,
      "p99": 0
    },
    "B_subtree":     {
      "count": 50000,
      "weight_sum": 50000,
      "min": 0,
      "max": 7,
      "mean": 0.70502,
      "median": 0,
      "p90": 2,
      "p99": 3
    },
    "m":     {
      "count": 50000,
      "weight_sum": 50000,
      "min": 0,
      "max": 14,
      "mean": 1.99726,
      "median": 2,
      "p90": 4,
      "p99": 6
    },
    "M_point":     {
      "count": 50000,
      "weight_sum": 50000,
      "min": 0,
      "max": 10,
      "mean": 1.29224,
      "median": 1,
      "p90": 3,
      "p99": 5
    },
    "M_subtree":     {
      "count": 50000,
      "weight_sum": 50000,
      "min": 0,
      "max": 7,
      "mean": 0.7435,
      "median": 0,
      "p90": 2,
      "p99": 4
    },
    "rho":     {
      "count": 41883,
      "weight_sum": 41883,
      "min": 1,
      "max": 3,
      "mean": 1.01986,
      "median": 1,
      "p90": 1,
      "p99": 1.5
    },
    "sigma":     {
      "count": 41883,
      "weight_sum": 41883,
      "min": 0,
      "max": 1,
      "mean": 0.361631,
      "median": 0.333333,
      "p90": 1,
      "p99": 1
    },
    "avg_subtree_mass":     {
      "count": 24720,
      "weight_sum": 24720,
      "min": 1,
      "max": 3,
      "mean": 1.05621,
      "median": 1,
      "p90": 1,
      "p99": 2
    }
  },
  "search_weighted": {
    "V_search":     {
      "count": 41883,
      "weight_sum": 101787,
      "min": 46,
      "max": 1949,
      "mean": 344.743,
      "median": 296,
      "p90": 607,
      "p99": 1034
    },
    "P_search":     {
      "count": 41883,
      "weight_sum": 101787,
      "min": 20,
      "max": 968,
      "mean": 169.482,
      "median": 145,
      "p90": 299,
      "p99": 512
    },
    "B_mid":     {
      "count": 41883,
      "weight_sum": 101787,
      "min": 0,
      "max": 10,
      "mean": 2.06482,
      "median": 2,
      "p90": 4,
      "p99": 6
    },
    "B_leaf":     {
      "count": 41883,
      "weight_sum": 101787,
      "min": 0,
      "max": 0,
      "mean": 0,
      "median": 0,
      "p90": 0,
      "p99": 0
    },
    "B_subtree":     {
      "count": 41883,
      "weight_sum": 101787,
      "min": 0,
      "max": 7,
      "mean": 1.12289,
      "median": 1,
      "p90": 2,
      "p99": 4
    },
    "m":     {
      "count": 41883,
      "weight_sum": 101787,
      "min": 1,
      "max": 14,
      "mean": 3.18772,
      "median": 3,
      "p90": 5,
      "p99": 8
    },
    "M_point":     {
      "count": 41883,
      "weight_sum": 101787,
      "min": 0,
      "max": 10,
      "mean": 2.06482,
      "median": 2,
      "p90": 4,
      "p99": 6
    },
    "M_subtree":     {
      "count": 41883,
      "weight_sum": 101787,
      "min": 0,
      "max": 7,
      "mean": 1.20146,
      "median": 1,
      "p90": 3,
      "p99": 4
    },
    "rho":     {
      "count": 41883,
      "weight_sum": 101787,
      "min": 1,
      "max": 3,
      "mean": 1.02749,
      "median": 1,
      "p90": 1,
      "p99": 1.5
    },
    "sigma":     {
      "count": 41883,
      "weight_sum": 101787,
      "min": 0,
      "max": 1,
      "mean": 0.365223,
      "median": 0.333333,
      "p90": 1,
      "p99": 1
    },
    "avg_subtree_mass":     {
      "count": 24720,
      "weight_sum": 70626,
      "min": 1,
      "max": 3,
      "mean": 1.07471,
      "median": 1,
      "p90": 1.33333,
      "p99": 2
    }
  },
  "sample": {
    "t": 200000,
    "chunk_size": 2000000,
    "num_chunks": 1,
    "U_t": 39819,
    "G_t": 39819,
    "avg_repeat_global": 5.02273,
    "avg_group_size_exec": 5.02273,
    "samples_per_sec": 501744,
    "ns_per_sample": 1993.05,
    "checksum": 4707368064880963655,
    "group_size_equal":     {
      "count": 39819,
      "weight_sum": 39819,
      "min": 1,
      "max": 32,
      "mean": 5.02273,
      "median": 4,
      "p90": 10,
      "p99": 16
    },
    "group_size_sample_weighted":     {
      "count": 39819,
      "weight_sum": 200000,
      "min": 1,
      "max": 32,
      "mean": 7.39625,
      "median": 7,
      "p90": 13,
      "p99": 20
    },
    "K_point_equal":     {
      "count": 39819,
      "weight_sum": 39819,
      "min": 0,
      "max": 25,
      "mean": 3.18577,
      "median": 3,
      "p90": 7,
      "p99": 12
    },
    "K_point_sample_weighted":     {
      "count": 39819,
      "weight_sum": 200000,
      "min": 0,
      "max": 25,
      "mean": 4.67774,
      "median": 4,
      "p90": 9,
      "p99": 16
    },
    "K_subtree_equal":     {
      "count": 39819,
      "weight_sum": 39819,
      "min": 0,
      "max": 20,
      "mean": 1.83696,
      "median": 1,
      "p90": 5,
      "p99": 10
    },
    "K_subtree_sample_weighted":     {
      "count": 39819,
      "weight_sum": 200000,
      "min": 0,
      "max": 20,
      "mean": 2.71851,
      "median": 2,