{
  "run_id": "correctness_d4_N2000_a100_t200000_F0_rep0",
  "network": "correctness",
  "preset": "TH",
  "family": "F0",
  "dim": 4,
  "N": 2000,
  "alpha_target": 100,
  "alpha_expected_est": 100.896,
  "pair_intersection_prob_est": 0.100896,
  "coverage": 8.24529,
  "data_seed": 7829323899608381787,
  "sample_seed": 7103360421226793008,
  "data_rep": 0,
  "materialize_join": true,
  "timing_ms": {
    "T_lift": 0.028642,
    "T_tree": 0.368187,
    "T_build": 0.397039,
    "T_count_query": 14.5228,
    "T_left_dist": 0.044394,
    "T_count": 14.5672,
    "T_search_scan": 15.8956,
    "T_plan_left": 5.01,
    "T_group": 12.876,
    "T_decompose": 16.5743,
    "T_local_dist": 4.42579,
    "T_emit": 6.14558,
    "T_sample": 46.8607
  },
  "build": {
    "tree_height": 11,
    "max_depth": 10,
    "avg_node_depth": 8.982,
    "node_count": 2000
  },
  "count": {
    "exact_join_size": 409133,
    "alpha_actual": 102.283,
    "w":     {
      "count": 2000,
      "weight_sum": 2000,
      "min": 34,
      "max": 453,
      "mean": 204.566,
      "median": 193,
      "p90": 322,
      "p99": 433.01
    },
    "V_count":     {
      "count": 2000,
      "weight_sum": 2000,
      "min": 87,
      "max": 1079,
      "mean": 368.175,
      "median": 336,
      "p90": 613.1,
      "p99": 867.02
    },
    "P_count":     {
      "count": 2000,
      "weight_sum": 2000,
      "min": 22,
      "max": 387,
      "mean": 122.09,
      "median": 113,
      "p90": 207,
      "p99": 303.01
    },
    "C_count":     {
      "count": 2000,
      "weight_sum": 2000,
      "min": 6,
      "max": 159,
      "mean": 60.965,
      "median": 55,
      "p90": 99,
      "p99": 142
    },
    "H_count":     {
      "count": 2000,
      "weight_sum": 2000,
      "min": 43,
      "max": 543,
      "mean": 185.12,
      "median": 169,
      "p90": 309,
      "p99": 435.02
    },
    "S_prune":     {
      "count": 2000,
      "weight_sum": 2000,
      "min": 802,
      "max": 1901,
      "mean": 1552.26,
      "median": 1585,
      "p90": 1788,
      "p99": 1875.01
    },
    "S_contain":     {
      "count": 2000,
      "weight_sum": 2000,
      "min": 10,
      "max": 197,
      "mean": 79.5655,
      "median": 73,
      "p90": 134,
      "p99": 165
    },
    "D_count_max":     {
      "count": 2000,
      "weight_sum": 2000,
      "min": 10,
      "max": 10,
      "mean": 10,
      "median": 10,
      "p90": 10,
      "p99": 10
    }
  },
  "search_equal": {
    "V_search":     {
      "count": 2000,
      "weight_sum": 2000,
      "min": 67,
      "max": 924,
      "mean": 307.209,
      "median": 283,
      "p90": 516.1,
      "p99": 739.04
    },
    "P_search":     {
      "count": 2000,
      "weight_sum": 2000,
      "min": 22,
      "max": 387,
      "mean": 122.09,
      "median": 113,
      "p90": 207,
      "p99": 303.01
    },
    "B_mid":     {
      "count": 2000,
      "weight_sum": 2000,
      "min": 9,
      "max": 171,
      "mean": 64.036,
      "median": 59,
      "p90": 105,
      "p99": 147
    },
    "B_leaf":     {
      "count": 2000,
      "weight_sum": 2000,
      "min": 0,
      "max": 0,
      "mean": 0,
      "median": 0,
      "p90": 0,
      "p99": 0
    },
    "B_subtree":     {
      "count": 2000,
      "weight_sum": 2000,
      "min": 6,
      "max": 159,
      "mean": 60.965,
      "median": 55,
      "p90": 99,
      "p99": 142
    },
    "m":     {
      "count": 2000,
      "weight_sum": 2000,
      "min": 15,
      "max": 326,
      "mean": 125.001,
      "median": 115,
      "p90": 203,
      "p99": 289
    },
    "M_point":     {
      "count": 2000,
      "weight_sum": 2000,
      "min": 9,
      "max": 171,
      "mean": 64.036,
      "median": 59,
      "p90": 105,
      "p99": 147
    },
    "M_subtree":     {
      "count": 2000,
      "weight_sum": 2000,
      "min": 22,
      "max": 318,
      "mean": 140.53,
      "median": 132,
      "p90": 226,
      "p99": 288
    },
    "rho":     {
      "count": 2000,
      "weight_sum": 2000,
      "min": 1.19672,
      "max": 9.2,
      "mean": 1.67182,
      "median": 1.60322,
      "p90": 2.01451,
      "p99": 2.69137
    },
    "sigma":     {
      "count": 2000,
      "weight_sum": 2000,
      "min": 0.52,
      "max": 0.934783,
      "mean": 0.684141,
      "median": 0.680851,
      "p90": 0.762835,
      "p99": 0.834377
    },
    "avg_subtree_mass":     {
      "count": 2000,
      "weight_sum": 2000,
      "min": 1.4,
      "max": 21.5,
      "mean": 2.37005,
      "median": 2.24173,
      "p90": 3,
      "p99": 4.37525
    }
  },
  "search_weighted": {
    "V_search":     {
      "count": 2000,
      "weight_sum": 409133,
      "min": 67,
      "max": 924,
      "mean": 361.716,
      "median": 337,
      "p90": 586,
      "p99": 789
    },
    "P_search":     {
      "count": 2000,
      "weight_sum": 409133,
      "min": 22,
      "max": 387,
      "mean": 143.665,
      "median": 133,
      "p90": 235,
      "p99": 323
    },
    "B_mid":     {
      "count": 2000,
      "weight_sum": 409133,
      "min": 9,
      "max": 171,
      "mean": 74.7517,
      "median": 70,
      "p90": 116,
      "p99": 158
    },
    "B_leaf":     {
      "count": 2000,
      "weight_sum": 409133,
      "min": 0,
      "max": 0,
      "mean": 0,
      "median": 0,
      "p90": 0,
      "p99": 0
    },
    "B_subtree":     {
      "count": 2000,
      "weight_sum": 409133,
      "min": 6,
      "max": 159,
      "mean": 71.7517,
      "median": 68,
      "p90": 114,
      "p99": 149
    },
    "m":     {
      "count": 2000,
      "weight_sum": 409133,
      "min": 15,
      "max": 326,
      "mean": 146.503,
      "median": 138,
      "p90": 229,
      "p99": 301
    },
    "M_point":     {
      "count": 2000,
      "weight_sum": 409133,
      "min": 9,
      "max": 171,
      "mean": 74.7517,
      "median": 70,
      "p90": 116,
      "p99": 158
    },
    "M_subtree":     {
      "count": 2000,
      "weight_sum": 409133,
      "min": 22,
      "max": 318,
      "mean": 164.571,
      "median": 160,
      "p90": 247,
      "p99": 300
    },
    "rho":     {
      "count": 2000,
      "weight_sum": 409133,
      "min": 1.19672,
      "max": 9.2,
      "mean": 1.67604,
      "median": 1.60625,
      "p90": 2.01504,
      "p99": 2.66667
    },
    "sigma":     {
      "count": 2000,
      "weight_sum": 409133,
      "min": 0.52,
      "max": 0.934783,
      "mean": 0.686967,
      "median": 0.683511,
      "p90": 0.763441,
      "p99": 0.830258
    },
    "avg_subtree_mass":     {
      "count": 2000,
      "weight_sum": 409133,
      "min": 1.4,
      "max": 21.5,
      "mean": 2.37191,
      "median": 2.24324,
      "p90": 3.01235,
      "p99": 4.26087
    }
  },
  "sample": {
    "t": 200000,
    "chunk_size": 2000000,
    "num_chunks": 1,
    "U_t": 2000,
    "G_t": 2000,
    "avg_repeat_global": 100,
    "avg_group_size_exec": 100,
    "samples_per_sec": 4.26797e+06,
    "ns_per_sample": 234.303,
    "checksum": 5277169805139483133,
    "group_size_equal":     {
      "count": 2000,
      "weight_sum": 2000,
      "min": 14,
      "max": 258,
      "mean": 100,
      "median": 94,
      "p90": 160,
      "p99": 212
    },
    "group_size_sample_weighted":     {
      "count": 2000,
      "weight_sum": 200000,
      "min": 14,
      "max": 258,
      "mean": 117.853,
      "median": 114,
      "p90": 175,
      "p99": 228
    },
    "K_point_equal":     {
      "count": 2000,
      "weight_sum": 2000,
      "min": 3,
      "max": 97,
      "mean": 31.3495,
      "median": 29,
      "p90": 52,
      "p99": 74
    },
    "K_point_sample_weighted":     {
      "count": 2000,
      "weight_sum": 200000,
      "min": 3,
      "max": 97,
      "mean": 36.7872,
      "median": 34,
      "p90": 59,
      "p99": 82
    },
    "K_subtree_equal":     {
      "count": 2000,
      "weight_sum": 2000,
      "min": 7,
      "max": 187,
      "mean": 68.6505,
      "median": 64,
      "p90": 112,