{
  "run_id": "density_d5_N50000_a100_t200000_F1_rep0",
  "network": "density",
  "preset": "TH",
  "family": "F1",
  "dim": 5,
  "N": 50000,
  "alpha_target": 100,
  "alpha_expected_est": 101.281,
  "pair_intersection_prob_est": 0.00405125,
  "coverage": 2.67287,
  "data_seed": 1766290116893361730,
  "sample_seed": 5692314023116959339,
  "data_rep": 0,
  "materialize_join": false,
  "timing_ms": {
    "T_lift": 1.21556,
    "T_tree": 14.1261,
    "T_build": 15.3418,
    "T_count_query": 3498.54,
    "T_left_dist": 1.0971,
    "T_count": 3499.64,
    "T_search_scan": 4048.62,
    "T_plan_left": 4.90421,
    "T_group": 12.6203,
    "T_decompose": 3914.54,
    "T_local_dist": 144.546,
    "T_emit": 16.0922,
    "T_sample": 4106.83
  },
  "build": {
    "tree_height": 16,
    "max_depth": 15,
    "avg_node_depth": 13.6896,
    "node_count": 50000
  },
  "count": {
    "exact_join_size": 10067457,
    "alpha_actual": 100.675,
    "w":     {
      "count": 50000,
      "weight_sum": 50000,
      "min": 8,
      "max": 880,
      "mean": 201.349,
      "median": 194,
      "p90": 317,
      "p99": 436
    },
    "V_count":     {
      "count": 50000,
      "weight_sum": 50000,
      "min": 352,
      "max": 10048,
      "mean": 2677.29,
      "median": 2434,
      "p90": 4401,
      "p99": 6425.02
    },
    "P_count":     {
      "count": 50000,
      "weight_sum": 50000,
      "min": 156,
      "max": 4444,
      "mean": 1180.03,
      "median": 1065,
      "p90": 1955,
      "p99": 2897
    },
    "C_count":     {
      "count": 50000,
      "weight_sum": 50000,
      "min": 2,
      "max": 367,
      "mean": 68.5331,
      "median": 65,
      "p90": 110,
      "p99": 157
    },
    "H_count":     {
      "count": 50000,
      "weight_sum": 50000,
      "min": 183,
      "max": 5426,
      "mean": 1428.73,
      "median": 1303,
      "p90": 2342,
      "p99": 3410.01
    },
    "S_prune":     {
      "count": 50000,
      "weight_sum": 50000,
      "min": 39909,
      "max": 49644,
      "mean": 47304.1,
      "median": 47547,
      "p90": 48698.1,
      "p99": 49232
    },
    "S_contain":     {
      "count": 50000,
      "weight_sum": 50000,
      "min": 0,
      "max": 138,
      "mean": 18.5835,
      "median": 17,
      "p90": 32,
      "p99": 51
    },
    "D_count_max":     {
      "count": 50000,
      "weight_sum": 50000,
      "min": 15,
      "max": 15,
      "mean": 15,
      "median": 15,
      "p90": 15,
      "p99": 15
    }
  },
  "search_equal": {
    "V_search":     {
      "count": 50000,
      "weight_sum": 50000,
      "min": 340,
      "max": 9829,
      "mean": 2608.76,
      "median": 2367,
      "p90": 4297.1,
      "p99": 6296.02
    },
    "P_search":     {
      "count": 50000,
      "weight_sum": 50000,
      "min": 156,
      "max": 4444,
      "mean": 1180.03,
      "median": 1065,
      "p90": 1955,
      "p99": 2897
    },
    "B_mid":     {
      "count": 50000,
      "weight_sum": 50000,
      "min": 4,
      "max": 501,
      "mean": 114.233,
      "median": 110,
      "p90": 182,
      "p99": 252
    },
    "B_leaf":     {
      "count": 50000,
      "weight_sum": 50000,
      "min": 0,
      "max": 0,
      "mean": 0,
      "median": 0,
      "p90": 0,
      "p99": 0
    },
    "B_subtree":     {
      "count": 50000,
      "weight_sum": 50000,
      "min": 2,
      "max": 367,
      "mean": 68.5331,
      "median": 65,
      "p90": 110,
      "p99": 157
    },
    "m":     {
      "count": 50000,
      "weight_sum": 50000,
      "min": 8,
      "max": 813,
      "mean": 182.766,
      "median": 175,
      "p90": 288,
      "p99": 397
    },
    "M_point":     {
      "count": 50000,
      "weight_sum": 50000,
      "min": 4,
      "max": 501,
      "mean": 114.233,
      "median": 110,
      "p90": 182,
      "p99": 252
    },
    "M_subtree":     {
      "count": 50000,
      "weight_sum": 50000,
      "min": 2,
      "max": 449,
      "mean": 87.1165,
      "median": 83,
      "p90": 139,
      "p99": 198
    },
    "rho":     {
      "count": 50000,
      "weight_sum": 50000,
      "min": 1,
      "max": 1.69792,
      "mean": 1.10265,
      "median": 1.09677,
      "p90": 1.15625,
      "p99": 1.23448
    },
    "sigma":     {
      "count": 50000,
      "weight_sum": 50000,
      "min": 0.08,
      "max": 0.854167,
      "mean": 0.434088,
      "median": 0.432099,
      "p90": 0.519737,
      "p99": 0.615385
    },
    "avg_subtree_mass":     {
      "count": 50000,
      "weight_sum": 50000,
      "min": 1,
      "max": 2.71795,
      "mean": 1.27903,
      "median": 1.2619,
      "p90": 1.42857,
      "p99": 1.64707
    }
  },
  "search_weighted": {
    "V_search":     {
      "count": 50000,
      "weight_sum": 1.00675e+07,
      "min": 340,
      "max": 9829,
      "mean": 3003.91,
      "median": 2790,
      "p90": 4849,
      "p99": 6751
    },
    "P_search":     {
      "count": 50000,
      "weight_sum": 1.00675e+07,
      "min": 156,
      "max": 4444,
      "mean": 1354.26,
      "median": 1252,
      "p90": 2209,
      "p99": 3088
    },
    "B_mid":     {
      "count": 50000,
      "weight_sum": 1.00675e+07,
      "min": 4,
      "max": 501,
      "mean": 135.839,
      "median": 133,
      "p90": 204,
      "p99": 280
    },
    "B_leaf":     {
      "count": 50000,
      "weight_sum": 1.00675e+07,
      "min": 0,
      "max": 0,
      "mean": 0,
      "median": 0,
      "p90": 0,
      "p99": 0
    },
    "B_subtree":     {
      "count": 50000,
      "weight_sum": 1.00675e+07,
      "min": 2,
      "max": 367,
      "mean": 81.3327,
      "median": 78,
      "p90": 125,
      "p99": 176
    },
    "m":     {
      "count": 50000,
      "weight_sum": 1.00675e+07,
      "min": 8,
      "max": 813,
      "mean": 217.172,
      "median": 211,
      "p90": 323,
      "p99": 449
    },
    "M_point":     {
      "count": 50000,
      "weight_sum": 1.00675e+07,
      "min": 4,
      "max": 501,
      "mean": 135.839,
      "median": 133,
      "p90": 204,
      "p99": 280
    },
    "M_subtree":     {
      "count": 50000,
      "weight_sum": 1.00675e+07,
      "min": 2,
      "max": 449,
      "mean": 103.382,
      "median": 99,
      "p90": 157,
      "p99": 225
    },
    "rho":     {
      "count": 50000,
      "weight_sum": 1.00675e+07,
      "min": 1,
      "max": 1.69792,
      "mean": 1.10309,
      "median": 1.09705,
      "p90": 1.15385,
      "p99": 1.23022
    },
    "sigma":     {
      "count": 50000,
      "weight_sum": 1.00675e+07,
      "min": 0.08,
      "max": 0.854167,
      "mean": 0.432664,
      "median": 0.431193,
      "p90": 0.509363,
      "p99": 0.592
    },
    "avg_subtree_mass":     {
      "count": 50000,
      "weight_sum": 1.00675e+07,
      "min": 1,
      "max": 2.71795,
      "mean": 1.27952,
      "median": 1.2623,
      "p90": 1.42029,
      "p99": 1.62857
    }
  },
  "sample": {
    "t": 200000,
    "chunk_size": 2000000,
    "num_chunks": 1,
    "U_t": 47302,
    "G_t": 47302,
    "avg_repeat_global": 4.22815,
    "avg_group_size_exec": 4.22815,
    "samples_per_sec": 48699.4,
    "ns_per_sample": 20534.1,
    "checksum": 8819004889946495978,
    "group_size_equal":     {
      "count": 47302,
      "weight_sum": 47302,
      "min": 1,
      "max": 25,
      "mean": 4.22815,
      "median": 4,
      "p90": 8,
      "p99": 12
    },
    "group_size_sample_weighted":     {
      "count": 47302,
      "weight_sum": 200000,
      "min": 1,
      "max": 25,
      "mean": 5.75605,
      "median": 5,
      "p90": 9,
      "p99": 14
    },
    "K_point_equal":     {
      "count": 47302,
      "weight_sum": 47302,
      "min": 0,
      "max": 18,
      "mean": 2.39825,
      "median": 2,
      "p90": 5,
      "p99": 8
    },
    "K_point_sample_weighted":     {
      "count": 47302,
      "weight_sum": 200000,
      "min": 0,
      "max": 18,
      "mean": 3.2682,
      "median": 3,
      "p90": 6,
      "p99": 9
    },