{
  "run_id": "input_size_d2_N10000_a10_t200000_F0_rep1",
  "network": "input_size",
  "preset": "TH",
  "family": "F0",
  "dim": 2,
  "N": 10000,
  "alpha_target": 10,
  "alpha_expected_est": 9.86628,
  "pair_intersection_prob_est": 0.00197326,
  "coverage": 4.82657,
  "data_seed": 6891942341177750520,
  "sample_seed": 6586050470782741232,
  "data_rep": 1,
  "materialize_join": false,
  "timing_ms": {
    "T_lift": 0.159711,
    "T_tree": 1.81258,
    "T_build": 1.9725,
    "T_count_query": 6.67925,
    "T_left_dist": 0.259659,
    "T_count": 6.93896,
    "T_search_scan": 7.25229,
    "T_plan_left": 4.65418,
    "T_group": 12.9827,
    "T_decompose": 7.75274,
    "T_local_dist": 2.7332,
    "T_emit": 6.16362,
    "T_sample": 37.0347
  },
  "build": {
    "tree_height": 14,
    "max_depth": 13,
    "avg_node_depth": 11.3631,
    "node_count": 10000
  },
  "count": {
    "exact_join_size": 197290,
    "alpha_actual": 9.8645,
    "w":     {
      "count": 10000,
      "weight_sum": 10000,
      "min": 4,
      "max": 41,
      "mean": 19.729,
      "median": 20,
      "p90": 26,
      "p99": 32
    },
    "V_count":     {
      "count": 10000,
      "weight_sum": 10000,
      "min": 21,
      "max": 105,
      "mean": 55.6875,
      "median": 55,
      "p90": 72,
      "p99": 87
    },
    "P_count":     {
      "count": 10000,
      "weight_sum": 10000,
      "min": 9,
      "max": 45,
      "mean": 21.7224,
      "median": 21,
      "p90": 29,
      "p99": 36
    },
    "C_count":     {
      "count": 10000,
      "weight_sum": 10000,
      "min": 1,
      "max": 12,
      "mean": 5.728,
      "median": 6,
      "p90": 8,
      "p99": 10
    },
    "H_count":     {
      "count": 10000,
      "weight_sum": 10000,
      "min": 10,
      "max": 54,
      "mean": 28.2371,
      "median": 28,
      "p90": 37,
      "p99": 44
    },
    "S_prune":     {
      "count": 10000,
      "weight_sum": 10000,
      "min": 9884,
      "max": 9974,
      "mean": 9936.89,
      "median": 9938,
      "p90": 9954,
      "p99": 9964
    },
    "S_contain":     {
      "count": 10000,
      "weight_sum": 10000,
      "min": 0,
      "max": 27,
      "mean": 7.4176,
      "median": 7,
      "p90": 12,
      "p99": 17
    },
    "D_count_max":     {
      "count": 10000,
      "weight_sum": 10000,
      "min": 10,
      "max": 13,
      "mean": 12.8586,
      "median": 13,
      "p90": 13,
      "p99": 13
    }
  },
  "search_equal": {
    "V_search":     {
      "count": 10000,
      "weight_sum": 10000,
      "min": 20,
      "max": 99,
      "mean": 49.9595,
      "median": 49,
      "p90": 66,
      "p99": 80
    },
    "P_search":     {
      "count": 10000,
      "weight_sum": 10000,
      "min": 9,
      "max": 45,
      "mean": 21.7224,
      "median": 21,
      "p90": 29,
      "p99": 36
    },
    "B_mid":     {
      "count": 10000,
      "weight_sum": 10000,
      "min": 0,
      "max": 16,
      "mean": 6.5834,
      "median": 7,
      "p90": 10,
      "p99": 13
    },
    "B_leaf":     {
      "count": 10000,
      "weight_sum": 10000,
      "min": 0,
      "max": 0,
      "mean": 0,
      "median": 0,
      "p90": 0,
      "p99": 0
    },
    "B_subtree":     {
      "count": 10000,
      "weight_sum": 10000,
      "min": 1,
      "max": 12,
      "mean": 5.728,
      "median": 6,
      "p90": 8,
      "p99": 10
    },
    "m":     {
      "count": 10000,
      "weight_sum": 10000,
      "min": 1,
      "max": 25,
      "mean": 12.3114,
      "median": 12,
      "p90": 17,
      "p99": 21
    },
    "M_point":     {
      "count": 10000,
      "weight_sum": 10000,
      "min": 0,
      "max": 16,
      "mean": 6.5834,
      "median": 7,
      "p90": 10,
      "p99": 13
    },
    "M_subtree":     {
      "count": 10000,
      "weight_sum": 10000,
      "min": 1,
      "max": 31,
      "mean": 13.1456,
      "median": 13,
      "p90": 19,
      "p99": 24
    },
    "rho":     {
      "count": 10000,
      "weight_sum": 10000,
      "min": 1,
      "max": 8,
      "mean": 1.67834,
      "median": 1.58333,
      "p90": 2.22222,
      "p99": 3.33333
    },
    "sigma":     {
      "count": 10000,
      "weight_sum": 10000,
      "min": 0.181818,
      "max": 1,
      "mean": 0.661822,
      "median": 0.666667,
      "p90": 0.8,
      "p99": 0.904762
    },
    "avg_subtree_mass":     {
      "count": 10000,
      "weight_sum": 10000,
      "min": 1,
      "max": 10,
      "mean": 2.43347,
      "median": 2.25,
      "p90": 3.6,
      "p99": 5.5
    }
  },
  "search_weighted": {
    "V_search":     {
      "count": 10000,
      "weight_sum": 197290,
      "min": 20,
      "max": 99,
      "mean": 50.8791,
      "median": 50,
      "p90": 67,
      "p99": 81
    },
    "P_search":     {
      "count": 10000,
      "weight_sum": 197290,
      "min": 9,
      "max": 45,
      "mean": 22.0088,
      "median": 22,
      "p90": 30,
      "p99": 36
    },
    "B_mid":     {
      "count": 10000,
      "weight_sum": 197290,
      "min": 0,
      "max": 16,
      "mean": 6.92485,
      "median": 7,
      "p90": 10,
      "p99": 13
    },
    "B_leaf":     {
      "count": 10000,
      "weight_sum": 197290,
      "min": 0,
      "max": 0,
      "mean": 0,
      "median": 0,
      "p90": 0,
      "p99": 0
    },
    "B_subtree":     {
      "count": 10000,
      "weight_sum": 197290,
      "min": 1,
      "max": 12,
      "mean": 6.01511,
      "median": 6,
      "p90": 8,
      "p99": 10
    },
    "m":     {
      "count": 10000,
      "weight_sum": 197290,
      "min": 1,
      "max": 25,
      "mean": 12.94,
      "median": 13,
      "p90": 17,
      "p99": 21
    },
    "M_point":     {
      "count": 10000,
      "weight_sum": 197290,
      "min": 0,
      "max": 16,
      "mean": 6.92485,
      "median": 7,
      "p90": 10,
      "p99": 13
    },
    "M_subtree":     {
      "count": 10000,
      "weight_sum": 197290,
      "min": 1,
      "max": 31,
      "mean": 14.1,
      "median": 14,
      "p90": 20,
      "p99": 25
    },
    "rho":     {
      "count": 10000,
      "weight_sum": 197290,
      "min": 1,
      "max": 8,
      "mean": 1.69493,
      "median": 1.61538,
      "p90": 2.22222,
      "p99": 3.2
    },
    "sigma":     {
      "count": 10000,
      "weight_sum": 197290,
      "min": 0.181818,
      "max": 1,
      "mean": 0.666308,
      "median": 0.666667,
      "p90": 0.8,
      "p99": 0.9
    },
    "avg_subtree_mass":     {
      "count": 10000,
      "weight_sum": 197290,
      "min": 1,
      "max": 10,
      "mean": 2.4735,
      "median": 2.33333,
      "p90": 3.6,
      "p99": 5.5
    }
  },
  "sample": {
    "t": 200000,
    "chunk_size": 2000000,
    "num_chunks": 1,
    "U_t": 10000,
    "G_t": 10000,
    "avg_repeat_global": 20,
    "avg_group_size_exec": 20,
    "samples_per_sec": 5.40034e+06,
    "ns_per_sample": 185.174,
    "checksum": 12040767167891777140,
    "group_size_equal":     {
      "count": 10000,
      "weight_sum": 10000,
      "min": 1,
      "max": 49,
      "mean": 20,
      "median": 20,
      "p90": 29,
      "p99": 38
    },
    "group_size_sample_weighted":     {
      "count": 10000,
      "weight_sum": 200000,
      "min": 1,
      "max": 49,
      "mean": 22.3448,
      "median": 22,
      "p90": 32,
      "p99": 40
    },
    "K_point_equal":     {
      "count": 10000,
      "weight_sum": 10000,
      "min": 0,
      "max": 26,
      "mean": 6.6849,
      "median": 6,
      "p90": 12,
      "p99": 17
    },
    "K_point_sample_weighted":     {
      "count": 10000,
      "weight_sum": 200000,
      "min": 0,
      "max": 26,
      "mean": 7.3719,
      "median": 7,
      "p90": 12,
      "p99": 18
    },
    "K_subtree_equal":     {
      "count": 10000,
      "weight_sum": 10000,
      "min": 0,
      "max": 41,
      "mean": 13.3151,
      "median": 13,
      "p90": 21,
      "p99": 29
    },
    "K_subtree_sample_weighted":     {
      "count": 10000,
      "weight_sum": 200000,
      "min": 0,