{
  "run_id": "density_d2_N50000_a1_t200000_F0_rep1",
  "network": "density",
  "preset": "TH",
  "family": "F0",
  "dim": 2,
  "N": 50000,
  "alpha_target": 1,
  "alpha_expected_est": 1.00316,
  "pair_intersection_prob_est": 4.01266e-05,
  "coverage": 0.5,
  "data_seed": 3143035246492164281,
  "sample_seed": 9020335303442130897,
  "data_rep": 1,
  "materialize_join": false,
  "timing_ms": {
    "T_lift": 0.778767,
    "T_tree": 13.7459,
    "T_build": 14.5249,
    "T_count_query": 22.6934,
    "T_left_dist": 1.1361,
    "T_count": 23.8296,
    "T_search_scan": 24.7036,
    "T_plan_left": 5.32129,
    "T_group": 12.8772,
    "T_decompose": 21.2778,
    "T_local_dist": 4.02061,
    "T_emit": 6.59003,
    "T_sample": 56.8927
  },
  "build": {
    "tree_height": 16,
    "max_depth": 15,
    "avg_node_depth": 13.6896,
    "node_count": 50000
  },
  "count": {
    "exact_join_size": 100069,
    "alpha_actual": 1.00069,
    "w":     {
      "count": 50000,
      "weight_sum": 50000,
      "min": 0,
      "max": 10,
      "mean": 2.00138,
      "median": 2,
      "p90": 4,
      "p99": 6
    },
    "V_count":     {
      "count": 50000,
      "weight_sum": 50000,
      "min": 19,
      "max": 99,
      "mean": 35.7292,
      "median": 33,
      "p90": 46,
      "p99": 60
    },
    "P_count":     {
      "count": 50000,
      "weight_sum": 50000,
      "min": 10,
      "max": 47,
      "mean": 17.1858,
      "median": 16,
      "p90": 22,
      "p99": 29
    },
    "C_count":     {
      "count": 50000,
      "weight_sum": 50000,
      "min": 0,
      "max": 5,
      "mean": 0.67898,
      "median": 1,
      "p90": 2,
      "p99": 2
    },
    "H_count":     {
      "count": 50000,
      "weight_sum": 50000,
      "min": 9,
      "max": 50,
      "mean": 17.8645,
      "median": 17,
      "p90": 23,
      "p99": 30
    },
    "S_prune":     {
      "count": 50000,
      "weight_sum": 50000,
      "min": 49901,
      "max": 49981,
      "mean": 49964,
      "median": 49967,
      "p90": 49970,
      "p99": 49973
    },
    "S_contain":     {
      "count": 50000,
      "weight_sum": 50000,
      "min": 0,
      "max": 6,
      "mean": 0.24614,
      "median": 0,
      "p90": 1,
      "p99": 2
    },
    "D_count_max":     {
      "count": 50000,
      "weight_sum": 50000,
      "min": 9,
      "max": 15,
      "mean": 14.7171,
      "median": 15,
      "p90": 15,
      "p99": 15
    }
  },
  "search_equal": {
    "V_search":     {
      "count": 50000,
      "weight_sum": 50000,
      "min": 19,
      "max": 97,
      "mean": 35.0502,
      "median": 32,
      "p90": 45,
      "p99": 59
    },
    "P_search":     {
      "count": 50000,
      "weight_sum": 50000,
      "min": 10,
      "max": 47,
      "mean": 17.1858,
      "median": 16,
      "p90": 22,
      "p99": 29
    },
    "B_mid":     {
      "count": 50000,
      "weight_sum": 50000,
      "min": 0,
      "max": 6,
      "mean": 1.07626,
      "median": 1,
      "p90": 2,
      "p99": 4
    },
    "B_leaf":     {
      "count": 50000,
      "weight_sum": 50000,
      "min": 0,
      "max": 0,
      "mean": 0,
      "median": 0,
      "p90": 0,
      "p99": 0
    },
    "B_subtree":     {
      "count": 50000,
      "weight_sum": 50000,
      "min": 0,
      "max": 5,
      "mean": 0.67898,
      "median": 1,
      "p90": 2,
      "p99": 2
    },
    "m":     {
      "count": 50000,
      "weight_sum": 50000,
      "min": 0,
      "max": 8,
      "mean": 1.75524,
      "median": 2,
      "p90": 3,
      "p99": 5
    },
    "M_point":     {
      "count": 50000,
      "weight_sum": 50000,
      "min": 0,
      "max": 6,
      "mean": 1.07626,
      "median": 1,
      "p90": 2,
      "p99": 4
    },
    "M_subtree":     {
      "count": 50000,
      "weight_sum": 50000,
      "min": 0,
      "max": 9,
      "mean": 0.92512,
      "median": 1,
      "p90": 2,
      "p99": 4
    },
    "rho":     {
      "count": 43267,
      "weight_sum": 43267,
      "min": 1,
      "max": 6,
      "mean": 1.15365,
      "median": 1,
      "p90": 1.5,
      "p99": 2
    },
    "sigma":     {
      "count": 43267,
      "weight_sum": 43267,
      "min": 0,
      "max": 1,
      "mean": 0.434448,
      "median": 0.5,
      "p90": 1,
      "p99": 1
    },
    "avg_subtree_mass":     {
      "count": 27941,
      "weight_sum": 27941,
      "min": 1,
      "max": 6,
      "mean": 1.37204,
      "median": 1,
      "p90": 2,
      "p99": 3
    }
  },
  "search_weighted": {
    "V_search":     {
      "count": 43267,
      "weight_sum": 100069,
      "min": 23,
      "max": 97,
      "mean": 35.806,
      "median": 34,
      "p90": 46,
      "p99": 60
    },
    "P_search":     {
      "count": 43267,
      "weight_sum": 100069,
      "min": 12,
      "max": 47,
      "mean": 17.3121,
      "median": 16,
      "p90": 22,
      "p99": 29
    },
    "B_mid":     {
      "count": 43267,
      "weight_sum": 100069,
      "min": 0,
      "max": 6,
      "mean": 1.54434,
      "median": 1,
      "p90": 3,
      "p99": 4
    },
    "B_leaf":     {
      "count": 43267,
      "weight_sum": 100069,
      "min": 0,
      "max": 0,
      "mean": 0,
      "median": 0,
      "p90": 0,
      "p99": 0
    },
    "B_subtree":     {
      "count": 43267,
      "weight_sum": 100069,
      "min": 0,
      "max": 5,
      "mean": 0.998541,
      "median": 1,
      "p90": 2,
      "p99": 3
    },
    "m":     {
      "count": 43267,
      "weight_sum": 100069,
      "min": 1,
      "max": 8,
      "mean": 2.54289,
      "median": 2,
      "p90": 4,
      "p99": 6
    },
    "M_point":     {
      "count": 43267,
      "weight_sum": 100069,
      "min": 0,
      "max": 6,
      "mean": 1.54434,
      "median": 1,
      "p90": 3,
      "p99": 4
    },
    "M_subtree":     {
      "count": 43267,
      "weight_sum": 100069,
      "min": 0,
      "max": 9,
      "mean": 1.4457,
      "median": 1,
      "p90": 3,
      "p99": 5
    },
    "rho":     {
      "count": 43267,
      "weight_sum": 100069,
      "min": 1,
      "max": 6,
      "mean": 1.20661,
      "median": 1,
      "p90": 1.5,
      "p99": 2
    },
    "sigma":     {
      "count": 43267,
      "weight_sum": 100069,
      "min": 0,
      "max": 1,
      "mean": 0.462241,
      "median": 0.5,
      "p90": 1,
      "p99": 1
    },
    "avg_subtree_mass":     {
      "count": 27941,
      "weight_sum": 75691,
      "min": 1,
      "max": 6,
      "mean": 1.47147,
      "median": 1.33333,
      "p90": 2,
      "p99": 3
    }
  },
  "sample": {
    "t": 200000,
    "chunk_size": 2000000,
    "num_chunks": 1,
    "U_t": 41147,
    "G_t": 41147,
    "avg_repeat_global": 4.86062,
    "avg_group_size_exec": 4.86062,
    "samples_per_sec": 3.51539e+06,
    "ns_per_sample": 284.464,
    "checksum": 4827013315334610555,
    "group_size_equal":     {
      "count": 41147,
      "weight_sum": 41147,
      "min": 1,
      "max": 29,
      "mean": 4.86062,
      "median": 4,
      "p90": 9,
      "p99": 15
    },
    "group_size_sample_weighted":     {
      "count": 41147,
      "weight_sum": 200000,
      "min": 1,
      "max": 29,
      "mean": 6.9896,
      "median": 6,
      "p90": 12,
      "p99": 18
    },
    "K_point_equal":     {
      "count": 41147,
      "weight_sum": 41147,
      "min": 0,
      "max": 18,
      "mean": 2.62131,
      "median": 2,
      "p90": 6,
      "p99": 10
    },
    "K_point_sample_weighted":     {
      "count": 41147,
      "weight_sum": 200000,
      "min": 0,
      "max": 18,
      "mean": 3.64438,
      "median": 3,
      "p90": 8,
      "p99": 12
    },
    "K_subtree_equal":     {
      "count": 41147,
      "weight_sum": 41147,
      "min": 0,
      "max": 23,
      "mean": 2.23931,
      "median": 2,
      "p90": 6,
      "p99": 10
    },
    "K_subtree_sample_weighted":     {
      "count": 41147,
      "weight_sum": 200000,
      "min": 0,
      "max": 23,
      "mean": 3.34522,
      "median": 3,
      "p90": 8,
      "p99": 13
    }
  },