{
  "run_id": "input_size_d3_N10000_a10_t200000_F0_rep1",
  "network": "input_size",
  "preset": "TH",
  "family": "F0",
  "dim": 3,
  "N": 10000,
  "alpha_target": 10,
  "alpha_expected_est": 10.0669,
  "pair_intersection_prob_est": 0.00201338,
  "coverage": 2.29979,
  "data_seed": 9206492956679024095,
  "sample_seed": 2320202188260130145,
  "data_rep": 1,
  "materialize_join": false,
  "timing_ms": {
    "T_lift": 0.12744,
    "T_tree": 1.91905,
    "T_build": 2.04672,
    "T_count_query": 20.2149,
    "T_left_dist": 0.201525,
    "T_count": 20.4166,
    "T_search_scan": 16.9063,
    "T_plan_left": 4.58178,
    "T_group": 13.0855,
    "T_decompose": 17.4365,
    "T_local_dist": 3.16067,
    "T_emit": 6.13008,
    "T_sample": 47.1827
  },
  "build": {
    "tree_height": 14,
    "max_depth": 13,
    "avg_node_depth": 11.3631,
    "node_count": 10000
  },
  "count": {
    "exact_join_size": 199535,
    "alpha_actual": 9.97675,
    "w":     {
      "count": 10000,
      "weight_sum": 10000,
      "min": 2,
      "max": 44,
      "mean": 19.9535,
      "median": 20,
      "p90": 27,
      "p99": 34
    },
    "V_count":     {
      "count": 10000,
      "weight_sum": 10000,
      "min": 19,
      "max": 199,
      "mean": 90.2133,
      "median": 90,
      "p90": 124,
      "p99": 155
    },
    "P_count":     {
      "count": 10000,
      "weight_sum": 10000,
      "min": 9,
      "max": 85,
      "mean": 36.8343,
      "median": 36,
      "p90": 52,
      "p99": 68
    },
    "C_count":     {
      "count": 10000,
      "weight_sum": 10000,
      "min": 0,
      "max": 16,
      "mean": 7.0354,
      "median": 7,
      "p90": 10,
      "p99": 13
    },
    "H_count":     {
      "count": 10000,
      "weight_sum": 10000,
      "min": 9,
      "max": 103,
      "mean": 46.3436,
      "median": 46,
      "p90": 64,
      "p99": 80
    },
    "S_prune":     {
      "count": 10000,
      "weight_sum": 10000,
      "min": 9797,
      "max": 9972,
      "mean": 9905.51,
      "median": 9906,
      "p90": 9940,
      "p99": 9960
    },
    "S_contain":     {
      "count": 10000,
      "weight_sum": 10000,
      "min": 0,
      "max": 25,
      "mean": 4.2748,
      "median": 4,
      "p90": 8,
      "p99": 14.01
    },
    "D_count_max":     {
      "count": 10000,
      "weight_sum": 10000,
      "min": 9,
      "max": 13,
      "mean": 12.9591,
      "median": 13,
      "p90": 13,
      "p99": 13
    }
  },
  "search_equal": {
    "V_search":     {
      "count": 10000,
      "weight_sum": 10000,
      "min": 18,
      "max": 185,
      "mean": 83.1779,
      "median": 82.5,
      "p90": 116,
      "p99": 147
    },
    "P_search":     {
      "count": 10000,
      "weight_sum": 10000,
      "min": 9,
      "max": 85,
      "mean": 36.8343,
      "median": 36,
      "p90": 52,
      "p99": 68
    },
    "B_mid":     {
      "count": 10000,
      "weight_sum": 10000,
      "min": 0,
      "max": 26,
      "mean": 8.6433,
      "median": 9,
      "p90": 13,
      "p99": 17
    },
    "B_leaf":     {
      "count": 10000,
      "weight_sum": 10000,
      "min": 0,
      "max": 0,
      "mean": 0,
      "median": 0,
      "p90": 0,
      "p99": 0
    },
    "B_subtree":     {
      "count": 10000,
      "weight_sum": 10000,
      "min": 0,
      "max": 16,
      "mean": 7.0354,
      "median": 7,
      "p90": 10,
      "p99": 13
    },
    "m":     {
      "count": 10000,
      "weight_sum": 10000,
      "min": 2,
      "max": 35,
      "mean": 15.6787,
      "median": 16,
      "p90": 22,
      "p99": 27
    },
    "M_point":     {
      "count": 10000,
      "weight_sum": 10000,
      "min": 0,
      "max": 26,
      "mean": 8.6433,
      "median": 9,
      "p90": 13,
      "p99": 17
    },
    "M_subtree":     {
      "count": 10000,
      "weight_sum": 10000,
      "min": 0,
      "max": 31,
      "mean": 11.3102,
      "median": 11,
      "p90": 17,
      "p99": 22
    },
    "rho":     {
      "count": 10000,
      "weight_sum": 10000,
      "min": 1,
      "max": 10,
      "mean": 1.31021,
      "median": 1.25,
      "p90": 1.61538,
      "p99": 2.46154
    },
    "sigma":     {
      "count": 10000,
      "weight_sum": 10000,
      "min": 0,
      "max": 1,
      "mean": 0.563541,
      "median": 0.5625,
      "p90": 0.714286,
      "p99": 0.846154
    },
    "avg_subtree_mass":     {
      "count": 9999,
      "weight_sum": 9999,
      "min": 1,
      "max": 19,
      "mean": 1.68691,
      "median": 1.54545,
      "p90": 2.33333,
      "p99": 4
    }
  },
  "search_weighted": {
    "V_search":     {
      "count": 10000,
      "weight_sum": 199535,
      "min": 18,
      "max": 185,
      "mean": 86.5538,
      "median": 86,
      "p90": 118,
      "p99": 148
    },
    "P_search":     {
      "count": 10000,
      "weight_sum": 199535,
      "min": 9,
      "max": 85,
      "mean": 38.1536,
      "median": 38,
      "p90": 53,
      "p99": 68
    },
    "B_mid":     {
      "count": 10000,
      "weight_sum": 199535,
      "min": 0,
      "max": 26,
      "mean": 9.31996,
      "median": 9,
      "p90": 14,
      "p99": 18
    },
    "B_leaf":     {
      "count": 10000,
      "weight_sum": 199535,
      "min": 0,
      "max": 0,
      "mean": 0,
      "median": 0,
      "p90": 0,
      "p99": 0
    },
    "B_subtree":     {
      "count": 10000,
      "weight_sum": 199535,
      "min": 0,
      "max": 16,
      "mean": 7.56847,
      "median": 8,
      "p90": 11,
      "p99": 13
    },
    "m":     {
      "count": 10000,
      "weight_sum": 199535,
      "min": 2,
      "max": 35,
      "mean": 16.8884,
      "median": 17,
      "p90": 23,
      "p99": 29
    },
    "M_point":     {
      "count": 10000,
      "weight_sum": 199535,
      "min": 0,
      "max": 26,
      "mean": 9.31996,
      "median": 9,
      "p90": 14,
      "p99": 18
    },
    "M_subtree":     {
      "count": 10000,
      "weight_sum": 199535,
      "min": 0,
      "max": 31,
      "mean": 12.3379,
      "median": 12,
      "p90": 18,
      "p99": 23
    },
    "rho":     {
      "count": 10000,
      "weight_sum": 199535,
      "min": 1,
      "max": 10,
      "mean": 1.32128,
      "median": 1.25,
      "p90": 1.625,
      "p99": 2.5
    },
    "sigma":     {
      "count": 10000,
      "weight_sum": 199535,
      "min": 0,
      "max": 1,
      "mean": 0.566828,
      "median": 0.565217,
      "p90": 0.714286,
      "p99": 0.84
    },
    "avg_subtree_mass":     {
      "count": 9999,
      "weight_sum": 199533,
      "min": 1,
      "max": 19,
      "mean": 1.71248,
      "median": 1.57143,
      "p90": 2.375,
      "p99": 4.25
    }
  },
  "sample": {
    "t": 200000,
    "chunk_size": 2000000,
    "num_chunks": 1,
    "U_t": 10000,
    "G_t": 10000,
    "avg_repeat_global": 20,
    "avg_group_size_exec": 20,
    "samples_per_sec": 4.23884e+06,
    "ns_per_sample": 235.914,
    "checksum": 6130095080426239210,
    "group_size_equal":     {
      "count": 10000,
      "weight_sum": 10000,
      "min": 1,
      "max": 49,
      "mean": 20,
      "median": 20,
      "p90": 29,
      "p99": 39
    },
    "group_size_sample_weighted":     {
      "count": 10000,
      "weight_sum": 200000,
      "min": 1,
      "max": 49,
      "mean": 22.6327,
      "median": 22,
      "p90": 32,
      "p99": 41
    },
    "K_point_equal":     {
      "count": 10000,
      "weight_sum": 10000,
      "min": 0,
      "max": 30,
      "mean": 8.6737,
      "median": 8,
      "p90": 14,
      "p99": 21
    },
    "K_point_sample_weighted":     {
      "count": 10000,
      "weight_sum": 200000,
      "min": 0,
      "max": 30,
      "mean": 9.75937,
      "median": 9,
      "p90": 16,
      "p99": 22
    },
    "K_subtree_equal":     {
      "count": 10000,
      "weight_sum": 10000,
      "min": 0,
      "max": 39,
      "mean": 11.3263,
      "median": 11,
      "p90": 18,
      "p99": 26
    },
    "K_subtree_sample_weighted":     {
      "count": 10000,
      "weight_sum": 200000,