{
  "run_id": "density_d3_N50000_a1_t200000_F0_rep1",
  "network": "density",
  "preset": "TH",
  "family": "F0",
  "dim": 3,
  "N": 50000,
  "alpha_target": 1,
  "alpha_expected_est": 0.99128,
  "pair_intersection_prob_est": 3.96512e-05,
  "coverage": 0.241642,
  "data_seed": 3543986781083083162,
  "sample_seed": 4396892894165447999,
  "data_rep": 1,
  "materialize_join": false,
  "timing_ms": {
    "T_lift": 0.911087,
    "T_tree": 10.8364,
    "T_build": 11.7477,
    "T_count_query": 42.2138,
    "T_left_dist": 1.05105,
    "T_count": 43.2649,
    "T_search_scan": 44.0736,
    "T_plan_left": 5.03604,
    "T_group": 12.7082,
    "T_decompose": 37.9311,
    "T_local_dist": 4.04141,
    "T_emit": 6.62898,
    "T_sample": 73.8663
  },
  "build": {
    "tree_height": 16,
    "max_depth": 15,
    "avg_node_depth": 13.6896,
    "node_count": 50000
  },
  "count": {
    "exact_join_size": 99285,
    "alpha_actual": 0.99285,
    "w":     {
      "count": 50000,
      "weight_sum": 50000,
      "min": 0,
      "max": 11,
      "mean": 1.9857,
      "median": 2,
      "p90": 4,
      "p99": 6
    },
    "V_count":     {
      "count": 50000,
      "weight_sum": 50000,
      "min": 23,
      "max": 171,
      "mean": 48.0848,
      "median": 45,
      "p90": 68,
      "p99": 99
    },
    "P_count":     {
      "count": 50000,
      "weight_sum": 50000,
      "min": 12,
      "max": 83,
      "mean": 23.0955,
      "median": 21,
      "p90": 33,
      "p99": 48
    },
    "C_count":     {
      "count": 50000,
      "weight_sum": 50000,
      "min": 0,
      "max": 5,
      "mean": 0.67948,
      "median": 1,
      "p90": 2,
      "p99": 3
    },
    "H_count":     {
      "count": 50000,
      "weight_sum": 50000,
      "min": 11,
      "max": 87,
      "mean": 24.3099,
      "median": 23,
      "p90": 35,
      "p99": 50
    },
    "S_prune":     {
      "count": 50000,
      "weight_sum": 50000,
      "min": 49829,
      "max": 49977,
      "mean": 49951.8,
      "median": 49955,
      "p90": 49968,
      "p99": 49971
    },
    "S_contain":     {
      "count": 50000,
      "weight_sum": 50000,
      "min": 0,
      "max": 4,
      "mean": 0.14402,
      "median": 0,
      "p90": 1,
      "p99": 1
    },
    "D_count_max":     {
      "count": 50000,
      "weight_sum": 50000,
      "min": 11,
      "max": 15,
      "mean": 14.8692,
      "median": 15,
      "p90": 15,
      "p99": 15
    }
  },
  "search_equal": {
    "V_search":     {
      "count": 50000,
      "weight_sum": 50000,
      "min": 23,
      "max": 170,
      "mean": 47.4053,
      "median": 44,
      "p90": 67,
      "p99": 98
    },
    "P_search":     {
      "count": 50000,
      "weight_sum": 50000,
      "min": 12,
      "max": 83,
      "mean": 23.0955,
      "median": 21,
      "p90": 33,
      "p99": 48
    },
    "B_mid":     {
      "count": 50000,
      "weight_sum": 50000,
      "min": 0,
      "max": 9,
      "mean": 1.1622,
      "median": 1,
      "p90": 3,
      "p99": 4
    },
    "B_leaf":     {
      "count": 50000,
      "weight_sum": 50000,
      "min": 0,
      "max": 0,
      "mean": 0,
      "median": 0,
      "p90": 0,
      "p99": 0
    },
    "B_subtree":     {
      "count": 50000,
      "weight_sum": 50000,
      "min": 0,
      "max": 5,
      "mean": 0.67948,
      "median": 1,
      "p90": 2,
      "p99": 3
    },
    "m":     {
      "count": 50000,
      "weight_sum": 50000,
      "min": 0,
      "max": 10,
      "mean": 1.84168,
      "median": 2,
      "p90": 4,
      "p99": 5
    },
    "M_point":     {
      "count": 50000,
      "weight_sum": 50000,
      "min": 0,
      "max": 9,
      "mean": 1.1622,
      "median": 1,
      "p90": 3,
      "p99": 4
    },
    "M_subtree":     {
      "count": 50000,
      "weight_sum": 50000,
      "min": 0,
      "max": 6,
      "mean": 0.8235,
      "median": 1,
      "p90": 2,
      "p99": 4
    },
    "rho":     {
      "count": 43061,
      "weight_sum": 43061,
      "min": 1,
      "max": 5,
      "mean": 1.08323,
      "median": 1,
      "p90": 1.33333,
      "p99": 2
    },
    "sigma":     {
      "count": 43061,
      "weight_sum": 43061,
      "min": 0,
      "max": 1,
      "mean": 0.39805,
      "median": 0.333333,
      "p90": 1,
      "p99": 1
    },
    "avg_subtree_mass":     {
      "count": 26284,
      "weight_sum": 26284,
      "min": 1,
      "max": 5,
      "mean": 1.21826,
      "median": 1,
      "p90": 2,
      "p99": 2
    }
  },
  "search_weighted": {
    "V_search":     {
      "count": 43061,
      "weight_sum": 99285,
      "min": 25,
      "max": 170,
      "mean": 48.532,
      "median": 45,
      "p90": 69,
      "p99": 99
    },
    "P_search":     {
      "count": 43061,
      "weight_sum": 99285,
      "min": 12,
      "max": 83,
      "mean": 23.338,
      "median": 22,
      "p90": 33,
      "p99": 48
    },
    "B_mid":     {
      "count": 43061,
      "weight_sum": 99285,
      "min": 0,
      "max": 9,
      "mean": 1.71427,
      "median": 2,
      "p90": 3,
      "p99": 5
    },
    "B_leaf":     {
      "count": 43061,
      "weight_sum": 99285,
      "min": 0,
      "max": 0,
      "mean": 0,
      "median": 0,
      "p90": 0,
      "p99": 0
    },
    "B_subtree":     {
      "count": 43061,
      "weight_sum": 99285,
      "min": 0,
      "max": 5,
      "mean": 1.01535,
      "median": 1,
      "p90": 2,
      "p99": 3
    },
    "m":     {
      "count": 43061,
      "weight_sum": 99285,
      "min": 1,
      "max": 10,
      "mean": 2.72962,
      "median": 3,
      "p90": 4,
      "p99": 6
    },
    "M_point":     {
      "count": 43061,
      "weight_sum": 99285,
      "min": 0,
      "max": 9,
      "mean": 1.71427,
      "median": 2,
      "p90": 3,
      "p99": 5
    },
    "M_subtree":     {
      "count": 43061,
      "weight_sum": 99285,
      "min": 0,
      "max": 6,
      "mean": 1.28636,
      "median": 1,
      "p90": 3,
      "p99": 4
    },
    "rho":     {
      "count": 43061,
      "weight_sum": 99285,
      "min": 1,
      "max": 5,
      "mean": 1.11343,
      "median": 1,
      "p90": 1.5,
      "p99": 2
    },
    "sigma":     {
      "count": 43061,
      "weight_sum": 99285,
      "min": 0,
      "max": 1,
      "mean": 0.414715,
      "median": 0.5,
      "p90": 1,
      "p99": 1
    },
    "avg_subtree_mass":     {
      "count": 26284,
      "weight_sum": 70871,
      "min": 1,
      "max": 5,
      "mean": 1.2825,
      "median": 1,
      "p90": 2,
      "p99": 2
    }
  },
  "sample": {
    "t": 200000,
    "chunk_size": 2000000,
    "num_chunks": 1,
    "U_t": 41043,
    "G_t": 41043,
    "avg_repeat_global": 4.87294,
    "avg_group_size_exec": 4.87294,
    "samples_per_sec": 2.7076e+06,
    "ns_per_sample": 369.331,
    "checksum": 18298209017727116726,
    "group_size_equal":     {
      "count": 41043,
      "weight_sum": 41043,
      "min": 1,
      "max": 28,
      "mean": 4.87294,
      "median": 4,
      "p90": 9,
      "p99": 15
    },
    "group_size_sample_weighted":     {
      "count": 41043,
      "weight_sum": 200000,
      "min": 1,
      "max": 28,
      "mean": 7.03135,
      "median": 6,
      "p90": 12,
      "p99": 18
    },
    "K_point_equal":     {
      "count": 41043,
      "weight_sum": 41043,
      "min": 0,
      "max": 21,
      "mean": 2.85004,
      "median": 2,
      "p90": 6,
      "p99": 11
    },
    "K_point_sample_weighted":     {
      "count": 41043,
      "weight_sum": 200000,
      "min": 0,
      "max": 21,
      "mean": 4.02235,
      "median": 4,
      "p90": 8,
      "p99": 13
    },
    "K_subtree_equal":     {
      "count": 41043,
      "weight_sum": 41043,
      "min": 0,
      "max": 22,
      "mean": 2.0229,
      "median": 1,
      "p90": 5,
      "p99": 10
    },
    "K_subtree_sample_weighted":     {
      "count": 41043,
      "weight_sum": 200000,
      "min": 0,
      "max": 22,
      "mean": 3.009,
      "median": 2,
      "p90": 7,
      "p99": 12
    }
  },